"DESCRIPTION","DURATION IN MS","NAME","PARENT SUITE","START TIME","STATUS","STOP TIME","SUB SUITE","SUITE","TEST CLASS","TEST METHOD"
"","3","goToReturnLocation calls router.go with exact location","test/src/features/auth/logic/auth_coordinator_test.dart","2026-05-24","passed","2026-05-24","","AuthCoordinator","",""
"","759","shows correct summary counts","test/src/features/party/event/review/event_application_review_confirm_page_test.dart","2026-05-24","passed","2026-05-24","","","",""
"","1313","비로그인: / 접근 시 PartnerLoginPage로 리다이렉트","test/integration/partner_redirect_test.dart","2026-05-24","passed","2026-05-24","","Partner Redirect Flow","",""
"","4","parses optional nullable fields when present","test/src/features/settlement/settlement_models_test.dart","2026-05-24","passed","2026-05-24","","SettlementItem.fromJson","",""
"","2","keeps days sorted after adding","test/src/features/party/logic/recurrence_settings_controller_test.dart","2026-05-24","passed","2026-05-24","toggleDay","RecurrenceSettingsController","",""
"","38","shows null state message when application is null","test/src/features/payment/ui/event_application_review_page_test.dart","2026-05-24","passed","2026-05-24","","EventApplicationReviewPage — #2095","",""
"","5","omits tag_ids key when tagIds not provided","test/src/data/repositories/party_repository_test.dart","2026-05-24","passed","2026-05-24","updateParty","PartyRepository","",""
"","77","로그인 상태: 알림 버튼 tooltip이 존재한다","test/src/features/home/home_page_app_bar_test.dart","2026-05-24","passed","2026-05-24","Notification button tooltip — #2356 regression guard","HomePage AppBar - Auth-aware widgets","",""
"","395","PartnerDetailPage null → ""파트너를 찾을 수 없습니다.""","test/integration/flow_error_edge_cases_test.dart","2026-05-24","passed","2026-05-24","","AsyncError 상태","",""
"","4","State is eventEndedParticipated when completed event has no match results","test/src/features/event/admission/event_admission_controller_test.dart","2026-05-24","passed","2026-05-24","","Ended event states","",""
"","6","theme has custom surface color","test/src/theme/minglit_theme_test.dart","2026-05-24","passed","2026-05-24","","MinglitTheme","",""
"","28","returns empty map when snapshot_data is null","test/src/features/verification/review_verification_screen_test.dart","2026-05-24","passed","2026-05-24","","snapshot_data type guard","",""
"","3","swallows EF error — does not throw on failure","test/src/data/repositories/notification_repository_test.dart","2026-05-24","passed","2026-05-24","markAllAsRead","NotificationRepository","",""
"","41","artifact_dir writes dump.json to disk","test/src/data/services/bug_report_collector_test.dart","2026-05-24","passed","2026-05-24","","BugReportCollector.submitReport flag routing","",""
"","5","todayEvent is null when no events start today","test/src/features/my_tickets/logic/my_tickets_controller_test.dart","2026-05-24","passed","2026-05-24","","MyTicketsController","",""
"","11","preserves existing events when loadMore fails","test/src/logic/feed_state_provider_test.dart","2026-05-24","passed","2026-05-24","loadMore","RecommendationFeedNotifier","",""
"","39","does not show change text when change is null","test/src/features/home/widgets/weekly_stats_row_test.dart","2026-05-24","passed","2026-05-24","","WeeklyStatsRow","",""
"","4","returns null when event not found","test/src/data/repositories/settlement_repository_test.dart","2026-05-24","passed","2026-05-24","getEventInfo","SettlementRepository","",""
"","4","confirmed → ""예약 확정""","test/src/features/ticket/logic/boarding_pass_status_test.dart","2026-05-24","passed","2026-05-24","","BoardingPassStatus.semanticLabel","",""
"","2","effectiveVisibility returns own visibility when set","test/src/data/models/event_test.dart","2026-05-24","passed","2026-05-24","","Event","",""
"","657","renders toggle with label in collapsed state","test/src/features/party/ui/recurrence_settings_section_test.dart","2026-05-24","passed","2026-05-24","","RecurrenceSettingsSection","",""
"","83","save button enabled when isDirty=true","test/src/features/party/event/edit/event_edit_page_test.dart","2026-05-24","passed","2026-05-24","","","",""
"","2","fromJson correctly maps snake_case fields","test/src/data/repositories/tag_repository_test.dart","2026-05-24","passed","2026-05-24","","Tag model","",""
"","20","loads partner verifications when ticket is selected","test/src/features/event/admission/event_application_controller_test.dart","2026-05-24","passed","2026-05-24","","EventApplicationController","",""
"","5","goToLogin calls router.go with login route","test/src/routing/app_coordinator_test.dart","2026-05-24","passed","2026-05-24","","AppCoordinator","",""
"","4","returns empty when user not logged in","test/src/data/repositories/partner_repository_test.dart","2026-05-24","passed","2026-05-24","getMyManagedPartners","PartnerRepository","",""
"","3","returns default values when no data","test/src/data/repositories/partner_repository_test.dart","2026-05-24","passed","2026-05-24","getPartnerRevenueStats","PartnerRepository","",""
"","5","signInWithApple sets AsyncError when repository throws","test/src/features/auth/logic/auth_controller_test.dart","2026-05-24","passed","2026-05-24","","AuthController","",""
"","134","updates rules successfully","test/src/features/party/matching/matching_controller_test.dart","2026-05-24","passed","2026-05-24","updateRules","MatchingController","",""
"","5","closingSoon uses startTime as tiebreaker for equal slots","test/src/features/explore/providers/explore_filter_integration_test.dart","2026-05-24","passed","2026-05-24","","filteredEventsProvider","",""
"","52","remaining 4 tabs are rendered","test/src/ui/shell/partner_scaffold_test.dart","2026-05-24","passed","2026-05-24","","PartnerScaffold bottom navigation — staff (no settlement access)","",""
"","22","inline variant has background color, border, and borderRadius","test/src/ui/widgets/common/minglit_empty_state_test.dart","2026-05-24","passed","2026-05-24","","MinglitEmptyState - inline variant","",""
"","4","returns empty list for empty query without calling RPC","test/src/data/repositories/event_repository_queries_test.dart","2026-05-24","passed","2026-05-24","searchEvents","EventRepository Queries","",""
"","3","returns empty list when no matching events","test/src/data/repositories/event_repository_queries_test.dart","2026-05-24","passed","2026-05-24","getTodayActiveEventsForUser","EventRepository Queries","",""
"","34","renders FAILED status badge","test/src/features/settlement/widgets/settlement_card_test.dart","2026-05-24","passed","2026-05-24","","SettlementCard widget","",""
"","209","기본 정보 섹션 탭 시 currentStep이 basicInfo로 변경됨","test/src/features/party/create/steps/step6_review_test.dart","2026-05-24","passed","2026-05-24","","Step6Review","",""
"","6","returns null when repository has no current user","test/src/features/auth/auth_state_provider_test.dart","2026-05-24","passed","2026-05-24","","currentUserProvider","",""
"","6","throws on error","test/src/data/repositories/verification_query_repository_test.dart","2026-05-24","passed","2026-05-24","getGlobalVerifications","VerificationRepository","",""
"","83","signOut calls repository signOut","test/src/features/auth/logic/auth_controller_test.dart","2026-05-24","passed","2026-05-24","","AuthController","",""
"","57","initial state is idle with no message or userName","test/src/features/checkin/checkin_controller_test.dart","2026-05-24","passed","2026-05-24","","CheckinController","",""
"","3","serializes to JSON and back","test/src/data/models/matching_test.dart","2026-05-24","passed","2026-05-24","","MatchVote","",""
"","25","fullPage shows CTA when both actionLabel and onAction are provided","test/src/ui/widgets/common/minglit_empty_state_test.dart","2026-05-24","passed","2026-05-24","","MinglitEmptyState - fullPage variant","",""
"","3","isPrivate returns true for private visibility","test/src/data/models/party_test.dart","2026-05-24","passed","2026-05-24","","Party","",""
"","3","marks ineligible when user profile is null","test/src/features/event/admission/ticket_recommendation_util_test.dart","2026-05-24","passed","2026-05-24","","TicketRecommendationUtil","",""
"","395","인포 버튼 탭 → 환불 정책 상세 바텀시트 + 3행 표시","test/src/features/event/detail/event_refund_policy_section_test.dart","2026-05-24","passed","2026-05-24","","_RefundPolicySection","",""
"","13","propagates repository errors","test/src/features/home/logic/today_active_events_provider_test.dart","2026-05-24","passed","2026-05-24","","todayActiveEventsProvider","",""
"","115","권한 로딩 → false로 resolve: 홈으로 리다이렉트 유지","test/src/routing/settlement_route_guard_test.dart","2026-05-24","passed","2026-05-24","","Settlement route guard — redirect branch 4 (Fix #1533)","",""
"","4","pushNotificationCenter and pushApplicationList push different routes","test/src/features/home/partner_home_coordinator_test.dart","2026-05-24","passed","2026-05-24","","PartnerHomeCoordinator","",""
"","2","returns empty map when snapshot_data is empty list","test/src/features/verification/review_verification_screen_test.dart","2026-05-24","passed","2026-05-24","","snapshot_data type guard","",""
"","6","myMatches 예외 시 Log.e 호출 및 하위 상태로 디그레이드","test/src/features/home/logic/event_now_bar_state_provider_test.dart","2026-05-24","passed","2026-05-24","","eventNowBarStateProvider — 6-state 상태 머신","",""
"","3","returns null description when value is null","test/src/data/models/event_test.dart","2026-05-24","passed","2026-05-24","","Event","",""
"","631","renders 결제대기 for pending status","test/src/common/widgets/status_badge_test.dart","2026-05-24","passed","2026-05-24","","StatusBadge","",""
"","25","expand=true makes button full width","test/src/ui/widgets/common/minglit_button_test.dart","2026-05-24","passed","2026-05-24","","MinglitButton","",""
"","77","start opens deletion reason route","test/src/features/account_deletion/account_deletion_coordinator_test.dart","2026-05-24","passed","2026-05-24","","AccountDeletionCoordinator","",""
"","1317","SETTLEMENT_VIEW 권한 있음: /settlement 접근 허용","test/src/routing/settlement_route_guard_test.dart","2026-05-24","passed","2026-05-24","","Settlement route guard — redirect branch 4 (Fix #1533)","",""
"","970","AppBar 타이틀이 ""이벤트 상세""이다","test/src/features/party/event/detail/event_detail_page_smoke_test.dart","2026-05-24","passed","2026-05-24","","EventDetailPage (Fix #2109)","",""
"","36","shows time until start for WAITING state","test/src/features/home/widgets/event_now_bar_test.dart","2026-05-24","passed","2026-05-24","","EventNowBar","",""
"","3","returns empty list when no pending applications match groupId","test/src/features/party/event/detail/event_application_logic_test.dart","2026-05-24","passed","2026-05-24","","carouselQueueProvider","",""
"","329","pendingPayment → ""결제 계속하기"" (enabled)","test/integration/flow_admission_status_test.dart","2026-05-24","passed","2026-05-24","","AdmissionStatus 버튼 렌더링 (8가지 상태)","",""
"","11","hasMore=false 시 loadMore()는 no-op","test/src/features/explore/providers/recommendation_feed_notifier_test.dart","2026-05-24","passed","2026-05-24","마지막 페이지 — hasMore=false","RecommendationFeedNotifier","",""
"","4","sets error state on failure","test/src/features/auth/logic/auth_controller_test.dart","2026-05-24","passed","2026-05-24","signOut","AuthController","",""
"","1367","크래시 없이 렌더링됨","test/src/features/party/create/steps/step1_basic_info_test.dart","2026-05-24","passed","2026-05-24","","Step1BasicInfo","",""
"","56","returns null when id is empty","test/src/features/party/detail/party_detail_controller_test.dart","2026-05-24","passed","2026-05-24","","locationDetail","",""
"","3","future event with status=scheduled and no active conditions returns waiting","test/src/features/tickets/event_lifecycle_phase_resolver_test.dart","2026-05-24","passed","2026-05-24","","","",""
"","3","returns true when all required consents exist","test/src/data/repositories/consent_repository_test.dart","2026-05-24","passed","2026-05-24","hasRequiredConsents","ConsentRepository","",""
"","5","returns partners via approved application fallback","test/src/data/repositories/partner_repository_test.dart","2026-05-24","passed","2026-05-24","getMyManagedPartners","PartnerRepository","",""
"","5","loadSettlementData with null partner returns early with data status","test/src/features/settlement/settlement_controller_test.dart","2026-05-24","passed","2026-05-24","","SettlementController","",""
"","13","filters by eligibility when enabled","test/src/features/explore/providers/explore_filter_integration_test.dart","2026-05-24","passed","2026-05-24","","filteredEventsProvider","",""
"","112","Next disabled when biz fields are empty","test/src/features/onboarding/partner_apply_page_test.dart","2026-05-24","passed","2026-05-24","Fix #2161 — Step 2 biz info validation","PartnerApplyPage","",""
"","51","shows retry button for FAILED + retryable status with payoutId","test/src/features/settlement/settlement_detail_page_test.dart","2026-05-24","passed","2026-05-24","","SettlementDetailPage","",""
"","11","saveSignupConsents invalidates hasRequiredConsents cache after success","test/src/features/consent/logic/consent_controller_test.dart","2026-05-24","passed","2026-05-24","","ConsentController","",""
"","5013","getTicket returns null when storage read hangs (timeout)","test/src/features/ticket/data/ticket_wallet_repository_test.dart","2026-05-24","passed","2026-05-24","","TicketWalletRepository","",""
"","2","returns earliest recruiting event when no higher-priority event","test/src/features/home/widgets/event_action_card_logic_test.dart","2026-05-24","passed","2026-05-24","","selectPrimaryEvent","",""
"","54","renders continuous mode when total > threshold","test/src/common/widgets/minglit_capacity_bar_test.dart","2026-05-24","passed","2026-05-24","","MinglitCapacityBar","",""
"","24","accepts navigatorKey parameter","test/ui/widgets/bug_reporter_wrapper_test.dart","2026-05-24","passed","2026-05-24","","BugReporterWrapper Widget Tests","",""
"","485","로그아웃 tap → 확인 다이얼로그 → 홈으로 이동","test/integration/flow_my_page_test.dart","2026-05-24","passed","2026-05-24","","MyPage 메뉴 탭","",""
"","41","parses all fields","test/src/data/models/settlement_item_detail_test.dart","2026-05-24","passed","2026-05-24","","PayoutSummary.fromJson","",""
"","4","throws AuthException when webClientId is null","test/src/data/repositories/auth_repository_test.dart","2026-05-24","passed","2026-05-24","signInWithGoogle (mobile path)","AuthRepository","",""
"","58","renders CircleAvatar when avatar is provided","test/ui/widgets/common/minglit_list_tile_test.dart","2026-05-24","passed","2026-05-24","","MinglitListTile","",""
"","8","enum values have correct names","test/src/features/onboarding/onboarding_state_provider_test.dart","2026-05-24","passed","2026-05-24","","OnboardingState","",""
"","43","tappable card wraps with Semantics(button, descriptive label)","test/src/ui/widgets/party/event_card_state_test.dart","2026-05-24","passed","2026-05-24","","EventCard Semantics","",""
"","24","hidden by default (bugReportFabVisibleProvider == false)","test/ui/widgets/bug_reporter_wrapper_test.dart","2026-05-24","passed","2026-05-24","","BugReportFab","",""
"","133","성비 균형 on 시 허용 오차 NumberStepper 표시","test/src/features/party/create/steps/step3_capacity_contact_test.dart","2026-05-24","passed","2026-05-24","","Step3CapacityContact","",""
"","3","throws on EF error","test/src/data/repositories/party_repository_test.dart","2026-05-24","passed","2026-05-24","updateEventMetadata","PartyRepository (events)","",""
"","49","returns all events when no filters active","test/src/features/explore/providers/explore_filter_integration_test.dart","2026-05-24","passed","2026-05-24","","filteredEventsProvider","",""
"","4","payment-verify success has expected fields","test/contract/contract_test.dart","2026-05-24","passed","2026-05-24","","Contract: Edge Function response shapes","",""
"","7","skips partner verification when all requirements are approved","test/src/features/event/admission/event_application_controller_test.dart","2026-05-24","passed","2026-05-24","","EventApplicationController","",""
"","4","canProceed returns true after filling required fields for step 0","test/src/features/onboarding/partner_apply_controller_test.dart","2026-05-24","passed","2026-05-24","","PartnerApplyController","",""
"","42","Phase 4: shows match results when matches exist","test/src/features/home/widgets/event_now_bottom_sheet_test.dart","2026-05-24","passed","2026-05-24","","EventNowBottomSheet","",""
"","1213","홈 AsyncError → 에러 메시지 + 다시 시도 버튼","test/integration/flow_event_browse_test.dart","2026-05-24","passed","2026-05-24","","이벤트 탐색 플로우 — 홈→상세→파트너","",""
"","2","populates nested payout from payoutData","test/src/data/models/settlement_item_detail_test.dart","2026-05-24","passed","2026-05-24","","SettlementItemDetail.fromJson","",""
"","54","파트너 이벤트 더보기 라우트 → PartnerEventsPage 이동","test/integration/flow_event_browse_test.dart","2026-05-24","passed","2026-05-24","","이벤트 탐색 플로우 — 홈→상세→파트너","",""
"","123","falls back to masked name when email is unavailable","test/src/features/party/event/detail/event_application_list_page_test.dart","2026-05-24","passed","2026-05-24","","환불 tab","",""
"","26","공백만 있는 경로 → image_not_supported_outlined 표시","test/ui/widgets/common/minglit_image_test.dart","2026-05-24","passed","2026-05-24","","MinglitImage","",""
"","74","""내 티켓 보기"" 버튼이 onViewTickets 콜백을 호출한다","test/src/features/event/admission/payment_success_screen_test.dart","2026-05-24","passed","2026-05-24","","PaymentSuccessScreen (Fix #1656 회귀)","",""
"","4","includes cancelled events","test/src/features/home/logic/today_active_events_provider_test.dart","2026-05-24","passed","2026-05-24","","todayActiveEventsProvider","",""
"","3","isEffectivelyPrivate returns true when private","test/src/data/models/event_test.dart","2026-05-24","passed","2026-05-24","","Event","",""
"","40","past cards have reduced opacity","test/src/features/my_tickets/ui/my_tickets_page_test.dart","2026-05-24","passed","2026-05-24","","MyTicketsPage","",""
"","225","draftInProgress: / 접근 시 PartnerApplyPage로 리다이렉트","test/integration/partner_redirect_test.dart","2026-05-24","passed","2026-05-24","","Partner Redirect Flow","",""
"","3","throws on error","test/src/data/repositories/event_repository_queries_test.dart","2026-05-24","passed","2026-05-24","getMyPurchaseHistory","EventRepository Queries","",""
"","37","(setUpAll)","test/src/features/event/detail/event_detail_partner_row_test.dart","2026-05-24","passed","2026-05-24","","","",""
"","4","calls partner-review-submission EF when isPartner is true","test/src/data/repositories/verification_command_repository_test.dart","2026-05-24","passed","2026-05-24","submitComment with isPartner","VerificationRepository (command)","",""
"","93","서명 검증 성공","test/minglit_kit_test.dart","2026-05-24","passed","2026-05-24","","TicketCrypto","",""
"","2","기존 쿼리에 width 이미 있음 → 새 값으로 덮어씀","test/utils/supabase_image_url_test.dart","2026-05-24","passed","2026-05-24","","supabaseImageUrl","",""
"","692","renders 계정 관리 AppBar and logout/delete tiles","test/ui/pages/account_management_page_test.dart","2026-05-24","passed","2026-05-24","","AccountManagementPage","",""
"","3014","JSON 파싱 실패 — malformed QR 데이터는 invalid 상태 전환, repo 미호출","test/src/features/checkin/checkin_controller_test.dart","2026-05-24","passed","2026-05-24","processQR","CheckinController","",""
"","6","user_username is stored in username field (Fix #2272)","test/src/data/repositories/event_application_rpc_mapping_test.dart","2026-05-24","passed","2026-05-24","","mapEventApplicationRpcRow flat-to-nested transformation","",""
"","31","renders subtitle when provided","test/src/ui/widgets/common/minglit_error_state_test.dart","2026-05-24","passed","2026-05-24","","MinglitErrorState","",""
"","52","openCapacityContactEdit pushes a route","test/src/features/party/event/create/event_create_coordinator_test.dart","2026-05-24","passed","2026-05-24","","EventCreateCoordinator","",""
"","48","returns all active partners","test/src/data/repositories/partner_repository_test.dart","2026-05-24","passed","2026-05-24","getPartners","PartnerRepository","",""
"","57","returns empty list when no managed partners","test/src/features/party/list/party_list_controller_test.dart","2026-05-24","passed","2026-05-24","","partyList","",""
"","100","calls onPressed when tapped","test/src/ui/widgets/common/minglit_button_test.dart","2026-05-24","passed","2026-05-24","","MinglitButton","",""
"","21","서명 검증 실패","test/minglit_kit_test.dart","2026-05-24","passed","2026-05-24","","TicketCrypto","",""
"","5","returns ticket by ID","test/src/data/repositories/ticket_repository_test.dart","2026-05-24","passed","2026-05-24","getTicketById","TicketRepository","",""
"","4","returns mixed events (with and without tickets) for logged-in user","test/src/logic/providers/event_feed_provider_test.dart","2026-05-24","passed","2026-05-24","","eventFeedProvider — ticket filter regression (#778)","",""
"","4","returns false and skips Firebase when user denies runtime dialog","test/src/features/notification/notification_service_test.dart","2026-05-24","passed","2026-05-24","","_ensureNotificationPermission (#1687)","",""
"","3","returns 조건 없음 with null groups","test/src/data/models/event_test.dart","2026-05-24","passed","2026-05-24","","Event conditionSummaries","",""
"","3","returns null when user not logged in","test/src/data/repositories/partner_repository_test.dart","2026-05-24","passed","2026-05-24","getMyMemberRole","PartnerRepository","",""
"","1172","renders progress indicator on step 0","test/src/features/onboarding/partner_apply_page_test.dart","2026-05-24","passed","2026-05-24","","PartnerApplyPage","",""
"","5","returns list of events","test/src/data/repositories/party_repository_test.dart","2026-05-24","passed","2026-05-24","getEventsByPartyId","PartyRepository (events)","",""
"","11","throws AuthException for non-minglit email","test/src/data/repositories/staff_repository_test.dart","2026-05-24","passed","2026-05-24","sendMagicLink","StaffRepository","",""
"","12","includeDump=false skips layout dump","test/src/data/services/bug_report_collector_test.dart","2026-05-24","passed","2026-05-24","","BugReportCollector.submitReport flag routing","",""
"","36","BugReporterWrapper with enabled=false does not render a FAB","test/ui/widgets/bug_reporter_wrapper_test.dart","2026-05-24","passed","2026-05-24","","BugReporterWrapper Widget Tests","",""
"","50","returns list of active consents","test/src/data/repositories/consent_repository_test.dart","2026-05-24","passed","2026-05-24","getConsents","ConsentRepository","",""
"","34","LinearProgressIndicator 렌더링","test/src/features/checkin/widgets/entry_group_row_test.dart","2026-05-24","passed","2026-05-24","","EntryGroupRow","",""
"","99","offset=0으로 첫 페이지 10개 로드","test/src/features/explore/providers/recommendation_feed_notifier_test.dart","2026-05-24","passed","2026-05-24","build() — 초기 로드","RecommendationFeedNotifier","",""
"","214","다이얼로그에서 ""나가기"" 선택 시 위저드가 닫힌다","test/src/features/event/ui/event_application_wizard_back_nav_test.dart","2026-05-24","passed","2026-05-24","","EventApplicationWizardPage — 뒤로가기 가드","",""
"","36","count > 0 chip shows count badge with active color","test/src/features/home/widgets/todo_summary_chips_test.dart","2026-05-24","passed","2026-05-24","","TodoSummaryChips","",""
"","41","returns list of members","test/src/data/repositories/partner_member_repository_test.dart","2026-05-24","passed","2026-05-24","getPartnerMembers","PartnerMemberRepository","",""
"","3","isPublic returns true for public visibility","test/src/data/models/party_test.dart","2026-05-24","passed","2026-05-24","","Party","",""
"","5","skips permission request dialog when already granted","test/src/features/notification/notification_service_test.dart","2026-05-24","passed","2026-05-24","","_ensureNotificationPermission (#1687)","",""
"","110","취소 시 onLogout 미실행","test/src/ui/widgets/common/account_management_page_test.dart","2026-05-24","passed","2026-05-24","","AccountManagementPage logout confirm","",""
"","108","should sign and verify ticket data correctly","test/src/utils/ticket_crypto_test.dart","2026-05-24","passed","2026-05-24","","TicketCrypto","",""
"","3","propagates EF error when invoke fails","test/src/data/repositories/matching_repository_test.dart","2026-05-24","passed","2026-05-24","clearMatchRules","MatchingRepository","",""
"","64","tapping QR button calls pushTicketQR","test/src/features/my_tickets/ui/my_tickets_page_test.dart","2026-05-24","passed","2026-05-24","","MyTicketsPage","",""
"","2","parses description when it is a Map (normal case)","test/src/data/models/event_test.dart","2026-05-24","passed","2026-05-24","","Event","",""
"","4","from이 /로 시작하지 않으면 홈(/)으로 go한다","test/src/features/consent/logic/consent_coordinator_test.dart","2026-05-24","passed","2026-05-24","","completeSignup — 홈으로 이동 (push 없음)","",""
"","29","text button uses colorScheme.primary foreground","test/src/ui/widgets/common/minglit_button_test.dart","2026-05-24","passed","2026-05-24","","MinglitButton","",""
"","3","creates from JSON with visibility = private","test/src/data/models/event_test.dart","2026-05-24","passed","2026-05-24","","Event","",""
"","7","formats startTime and endTime as HH:MM when calling create()","test/src/features/party/event/create/event_create_controller_recurrence_test.dart","2026-05-24","passed","2026-05-24","","EventCreateController.submit — recurrence enabled","",""
"","28","PNG 파일명이면 PNG 시그니처로 재인코딩한다","test/src/utils/image_utils_test.dart","2026-05-24","passed","2026-05-24","","stripExifAndReencode","",""
"","3","isCheckedIn=true with event.status!=ongoing returns checkedIn","test/src/features/tickets/event_lifecycle_phase_resolver_test.dart","2026-05-24","passed","2026-05-24","","","",""
"","674","renders all step titles","test/src/common/widgets/minglit_timeline_test.dart","2026-05-24","passed","2026-05-24","","MinglitTimeline","",""
"","38","upload area contains InkWell for tap interaction","test/ui/widgets/common/minglit_file_picker_test.dart","2026-05-24","passed","2026-05-24","","MinglitFilePicker Widget Tests","",""
"","8","T4: owner fallback — getMyMemberRole null → SETTLEMENT_EDIT 포함","test/src/features/settlement/settlement_page_test.dart","2026-05-24","passed","2026-05-24","","SettlementPage — Fix #1568: 계좌 관리 버튼 진입","",""
"","2","returns empty list for monthly with no monthDay","test/src/features/party/logic/recurrence_settings_controller_test.dart","2026-05-24","passed","2026-05-24","previewDates","RecurrenceSettingsController","",""
"","43","USED 상태: ""USED"" 텍스트 + 카드 opacity 0.55 (지난 이벤트)","test/src/features/ticket/ui/boarding_pass_card_test.dart","2026-05-24","passed","2026-05-24","","BoardingPassCard","",""
"","35","renders disabled state","test/src/ui/widgets/common/minglit_text_field_test.dart","2026-05-24","passed","2026-05-24","","MinglitTextField","",""
"","2","amountSigned parses double from Supabase numeric column","test/src/data/models/settlement_item_detail_test.dart","2026-05-24","passed","2026-05-24","","AdjustmentItemModel.fromJson — Fix #1926 numeric coercion","",""
"","893","로그아웃 탭 시 확인 다이얼로그 표시","test/src/ui/widgets/common/account_management_page_test.dart","2026-05-24","passed","2026-05-24","","AccountManagementPage logout confirm","",""
"","272","shows all failed event titles on partial failure (not just first)","test/src/features/application/ui/event_application_manage_page_test.dart","2026-05-24","passed","2026-05-24","","bulk approve failure message","",""
"","47","inactive chip uses colorScheme color (dark mode)","test/src/features/home/widgets/todo_summary_chips_test.dart","2026-05-24","passed","2026-05-24","","TodoSummaryChips","",""
"","43","fallbackIconSize overrides default icon size","test/src/common/widgets/minglit_avatar_image_test.dart","2026-05-24","passed","2026-05-24","","","",""
"","54","shows pending_review state with hourglass step","test/src/features/payment/ui/event_application_review_page_test.dart","2026-05-24","passed","2026-05-24","","EventApplicationReviewPage — #2095","",""
"","3","handles empty json","test/src/features/iamport/data/model/iamport_result_model_test.dart","2026-05-24","passed","2026-05-24","fromJson","IamportResultModel","",""
"","2","zero payment amount returns zero amounts","test/src/utils/refund_calculator_test.dart","2026-05-24","passed","2026-05-24","","RefundCalculator binary policy","",""
"","58","unknown role은 ""직원"" 배지로 폴백된다 (크래시 방지)","test/src/features/member/partner_member_list_page_test.dart","2026-05-24","passed","2026-05-24","","PartnerMemberListPage — Fix #1662 회귀 테스트","",""
"","3","handles required verification IDs","test/src/features/event/admission/ticket_recommendation_util_test.dart","2026-05-24","passed","2026-05-24","","TicketRecommendationUtil","",""
"","330","전체 동의를 켜면 모든 항목이 선택되고 CTA가 활성화된다","test/src/features/consent/ui/signup_consent_page_test.dart","2026-05-24","passed","2026-05-24","","","",""
"","3","parses all fields","test/src/data/models/settlement_item_detail_test.dart","2026-05-24","passed","2026-05-24","","AdjustmentItemModel.fromJson","",""
"","50","renders custom icon","test/src/ui/widgets/common/minglit_error_state_test.dart","2026-05-24","passed","2026-05-24","","MinglitErrorState","",""
"","50","returns response data on success (status 200)","test/src/features/iamport/data/repository/iamport_repository_test.dart","2026-05-24","passed","2026-05-24","verifyCertification","IamportRepository","",""
"","507","tapAndCapture() captures before and after tap","test/visual_qa/visual_qa_helper_test.dart","2026-05-24","passed","2026-05-24","","VisualQaTester","",""
"","4","returns last known position without calling getCurrentPosition","test/services/location_service_test.dart","2026-05-24","passed","2026-05-24","","LocationService","",""
"","4","goToDetail pushes /more/parties/<partyId>","test/src/features/party/list/party_list_coordinator_test.dart","2026-05-24","passed","2026-05-24","","PartyListCoordinator","",""
"","37","returns parsed Verification list for valid JSON","test/src/data/repositories/verification_query_repository_test.dart","2026-05-24","passed","2026-05-24","getVerificationsByIds","VerificationRepository","",""
"","23","calls signInWithPassword with credentials","test/src/data/repositories/auth_repository_test.dart","2026-05-24","passed","2026-05-24","signInWithEmail","AuthRepository","",""
"","4","State is fullOrSoldOut when currentParticipants exceeds max","test/src/features/event/admission/event_admission_controller_test.dart","2026-05-24","passed","2026-05-24","","EventAdmissionController","",""
"","13","generates different signatures for different payloads","test/src/data/repositories/checkin_repository_test.dart","2026-05-24","passed","2026-05-24","mintTicket","CheckinRepository","",""
"","104","JPEG 이미지를 처리하면 비어있지 않은 결과를 반환한다","test/src/utils/image_utils_test.dart","2026-05-24","passed","2026-05-24","","stripExifAndReencode","",""
"","3","equality works","test/src/data/models/event_test.dart","2026-05-24","passed","2026-05-24","","Event","",""
"","32","parses from JSON with valid profile","test/src/features/explore/logic/eligibility_filter_test.dart","2026-05-24","passed","2026-05-24","","BulkEligibilityData","",""
"","28","card variant renders 32px icon (xlarge size)","test/src/ui/widgets/common/minglit_empty_state_test.dart","2026-05-24","passed","2026-05-24","","MinglitEmptyState - card variant","",""
"","116","retry button is disabled while retryPayout is in-flight","test/src/features/settlement/settlement_detail_page_test.dart","2026-05-24","passed","2026-05-24","","ActionButtons — in-flight guard (Fix #1930)","",""
"","936","renders without crash","test/src/features/home/partner_home_page_test.dart","2026-05-24","passed","2026-05-24","","PartnerHomePage","",""
"","6","Fix #1566: selects/orders by event_at and parses history rows","test/src/data/repositories/settlement_repository_test.dart","2026-05-24","passed","2026-05-24","getSettlementItemDetail","SettlementRepository","",""
"","781","renders tab bar with 3 tabs","test/src/features/application/ui/event_application_manage_page_test.dart","2026-05-24","passed","2026-05-24","","EventApplicationManagePage","",""
"","5","returns empty list when no locations","test/src/data/repositories/location_repository_test.dart","2026-05-24","passed","2026-05-24","getLocations","LocationRepository","",""
"","54","removes the matching group and keeps the rest","test/src/features/party/detail/party_detail_coordinator_entry_group_test.dart","2026-05-24","passed","2026-05-24","","removePartyEntryGroup","",""
"","2","returns empty list when no events today","test/src/data/repositories/event_repository_queries_test.dart","2026-05-24","passed","2026-05-24","getTodayEvents","EventRepository Queries","",""
"","4","toJson round-trip preserves all flat fields","test/src/data/models/settlement_item_detail_test.dart","2026-05-24","passed","2026-05-24","","SettlementItemDetail.fromJson","",""
"","4","goToCreateTicket calls router.push with ticket create route","test/src/features/party/detail/party_detail_coordinator_test.dart","2026-05-24","passed","2026-05-24","","PartyDetailCoordinator","",""
"","3","setTags가 6개 이상이면 5개로 잘린다","test/src/features/party/create/widgets/tag_selection_section_test.dart","2026-05-24","passed","2026-05-24","","TagSelectionController","",""
"","100","success 상태에서 결과 오버레이가 렌더링된다","test/src/features/checkin/ui/checkin_smoke_test.dart","2026-05-24","passed","2026-05-24","","QRScannerScreen smoke","",""
"","34","auth change with non-minglit email does not save staff token","test/src/features/auth/ui/staff_guard_wrapper_test.dart","2026-05-24","passed","2026-05-24","","StaffGuardWrapper","",""
"","39","shows loading indicator when isLoading","test/src/ui/widgets/common/minglit_button_test.dart","2026-05-24","passed","2026-05-24","","MinglitButton","",""
"","24","Android throws UnsupportedError (native auto-init guard)","test/firebase_options_test.dart","2026-05-24","passed","2026-05-24","","DefaultFirebaseOptions.currentPlatform","",""
"","5","updateTitle with null sets empty string","test/src/features/party/event/create/event_create_controller_test.dart","2026-05-24","passed","2026-05-24","update methods","EventCreateController","",""
"","26","renders without priceSubText","test/ui/widgets/common/minglit_bottom_cta_test.dart","2026-05-24","passed","2026-05-24","withPrice variant","MinglitBottomCTA","",""
"","43","onCertification non-null이면 본인인증 타일 표시","test/src/ui/widgets/common/account_management_page_test.dart","2026-05-24","passed","2026-05-24","","AccountManagementPage certification tile","",""
"","145","권한 로딩 중: /settlement 접근 시 홈으로 리다이렉트 (fail-closed)","test/src/routing/settlement_route_guard_test.dart","2026-05-24","passed","2026-05-24","","Settlement route guard — redirect branch 4 (Fix #1533)","",""
"","117","empty state CTA navigates to home","test/src/features/my_tickets/ui/my_tickets_page_test.dart","2026-05-24","passed","2026-05-24","","MyTicketsPage","",""
"","28","showDividers uses half-gap spacing on each side of divider","test/ui/widgets/common/minglit_content_layout_test.dart","2026-05-24","passed","2026-05-24","","MinglitContentLayout","",""
"","3","born Nov 15 1995: correct 만 age based on whether today is before or after Nov 15","test/src/utils/age_util_test.dart","2026-05-24","passed","2026-05-24","calculateManAgeFromDate","AgeUtil","",""
"","5","submit with empty fields returns false and sets error","test/src/features/verification/create_verification_controller_test.dart","2026-05-24","passed","2026-05-24","","CreateVerificationController","",""
"","85","unverified user with eligibilityEnabled: true sees all events","test/src/features/explore/providers/explore_state_provider_test.dart","2026-05-24","passed","2026-05-24","","filteredEventsProvider — eligibility filter with verification check","",""
"","3","deactivates interaction without error","test/src/data/repositories/social_repository_test.dart","2026-05-24","passed","2026-05-24","setInteraction","SocialRepository","",""
"","7","returns SettlementItemDetail with nested data","test/src/data/repositories/settlement_repository_test.dart","2026-05-24","passed","2026-05-24","getSettlementItemDetail","SettlementRepository","",""
"","600","네트워크 로드 실패 → image_not_supported_outlined 표시, broken_image 없음","test/ui/widgets/common/minglit_image_test.dart","2026-05-24","passed","2026-05-24","","MinglitImage","",""
"","3","statusLabel returns localized labels","test/src/data/models/party_test.dart","2026-05-24","passed","2026-05-24","","Party","",""
"","90","initial build fetches first page and sets hasMore=true when full page","test/src/features/tag/logic/tag_event_list_controller_test.dart","2026-05-24","passed","2026-05-24","","TagEventListController","",""
"","2","birth year range only","test/src/data/models/event_test.dart","2026-05-24","passed","2026-05-24","","Event conditionSummaries","",""
"","24","재인코딩 후 EXIF GPS 필드가 비어있다 (EXIF 제거 확인)","test/src/utils/image_utils_test.dart","2026-05-24","passed","2026-05-24","","stripExifAndReencode","",""
"","5","updateEntryGroup replaces matching group","test/src/features/party/create/party_create_wizard_controller_test.dart","2026-05-24","passed","2026-05-24","step 4: entry groups","PartyCreateWizardController","",""
"","5","assert fails when card variant has actionLabel","test/src/ui/widgets/common/minglit_empty_state_test.dart","2026-05-24","passed","2026-05-24","","MinglitEmptyState - constructor assertions","",""
"","2","equality works","test/src/data/models/matching_test.dart","2026-05-24","passed","2026-05-24","","MatchRule","",""
"","3","returns live when start has passed by 30 minutes and not yet ended","test/src/features/home/widgets/event_action_card_logic_test.dart","2026-05-24","passed","2026-05-24","","getEventPhase","",""
"","2","tagIds는 선택된 태그의 id 목록을 반환한다","test/src/features/party/create/widgets/tag_selection_section_test.dart","2026-05-24","passed","2026-05-24","","TagSelectionController","",""
"","5","resets state to AsyncData(null)","test/src/features/iamport/logic/iamport_controller_test.dart","2026-05-24","passed","2026-05-24","reset","IamportController","",""
"","10","throws on error","test/src/data/repositories/consent_repository_test.dart","2026-05-24","passed","2026-05-24","getConsents","ConsentRepository","",""
"","147","renders event cards when data is available","test/src/features/home/home_page_test.dart","2026-05-24","passed","2026-05-24","","HomePage","",""
"","33","(setUpAll)","test/src/features/ticket/ui/boarding_pass_card_test.dart","2026-05-24","passed","2026-05-24","","","",""
"","29","card variant has colored background container","test/src/ui/widgets/common/minglit_error_state_test.dart","2026-05-24","passed","2026-05-24","","MinglitErrorState","",""
"","266","Default: renders unselected candidates and disabled CTA","test/src/features/event/matching/event_matching_screen_test.dart","2026-05-24","passed","2026-05-24","","","",""
"","95","비로그인: /dev/user-switch 접근 시 인증 없이 허용","test/integration/partner_redirect_test.dart","2026-05-24","passed","2026-05-24","","Partner Redirect Flow","",""
"","3","public-object URL + width + 커스텀 quality → 반영됨","test/utils/supabase_image_url_test.dart","2026-05-24","passed","2026-05-24","","supabaseImageUrl","",""
"","307","로그인 홈: /my 라우트 → MyPage","test/integration/home_navigation_test.dart","2026-05-24","passed","2026-05-24","","Home Navigation Flow","",""
"","7","ticket relation is built when ticket_name is present","test/src/data/repositories/event_application_rpc_mapping_test.dart","2026-05-24","passed","2026-05-24","","getApplicationsByEventId ticket mapping","",""
"","18","updateSetting calls repository and updates state","test/src/features/notification/logic/notification_settings_controller_test.dart","2026-05-24","passed","2026-05-24","","NotificationSettingsController","",""
"","173","shows all required menu items","test/src/features/more/more_page_test.dart","2026-05-24","passed","2026-05-24","","MorePage","",""
"","6","file_issue=false is forwarded to submitReport","test/src/data/services/qa_bug_report_channel_test.dart","2026-05-24","passed","2026-05-24","","QaBugReportChannel","",""
"","7","toggle reverts state on error","test/src/features/social/logic/social_interaction_controller_test.dart","2026-05-24","passed","2026-05-24","","SocialInteractionController","",""
"","220","필수 3개만 선택해도 CTA가 활성화된다","test/src/features/consent/ui/signup_consent_page_test.dart","2026-05-24","passed","2026-05-24","","","",""
"","25","child widget is always rendered regardless of enabled state","test/ui/widgets/bug_reporter_wrapper_test.dart","2026-05-24","passed","2026-05-24","","BugReporterWrapper Widget Tests","",""
"","4","canCancel returns true for ""approved"" status before event starts","test/src/features/payment/logic/purchase_history_controller_test.dart","2026-05-24","passed","2026-05-24","","PurchaseHistoryController.canCancel — Fix #1235","",""
"","61","CTA button ""파트너 신청서 작성하기"" is visible","test/src/features/onboarding/partner_welcome_page_test.dart","2026-05-24","passed","2026-05-24","","PartnerWelcomePage","",""
"","149","null user_id aborts save without calling repository","test/src/features/member/partner_member_permission_page_test.dart","2026-05-24","passed","2026-05-24","","PartnerMemberPermissionPage — Fix #270 회귀 테스트","",""
"","3","header line contains required Korean column names","test/src/features/settlement/widgets/download_bottom_sheet_test.dart","2026-05-24","passed","2026-05-24","","buildCsv","",""
"","6","ineligibleReason prefers age error from gender-matched group over gender error","test/src/features/event/admission/event_admission_controller_test.dart","2026-05-24","passed","2026-05-24","","EventAdmissionController","",""
"","3","goToLogin with from parameter calls router.go","test/src/features/auth/logic/auth_coordinator_test.dart","2026-05-24","passed","2026-05-24","","AuthCoordinator","",""
"","28","cancelled uses neutral color (not error)","test/src/common/widgets/status_badge_test.dart","2026-05-24","passed","2026-05-24","","StatusBadge","",""
"","8","rethrows on generic network error","test/src/data/repositories/user_repository_test.dart","2026-05-24","passed","2026-05-24","getUserProfile","SupabaseUserRepository","",""
"","2","render URL, width 없음 → 원본 URL 그대로 반환","test/utils/supabase_image_url_test.dart","2026-05-24","passed","2026-05-24","","supabaseImageUrl","",""
"","151","openTicketTemplateManage pushes a route","test/src/features/party/event/create/event_create_coordinator_test.dart","2026-05-24","passed","2026-05-24","","EventCreateCoordinator","",""
"","9","passes tagIds in body when provided","test/src/data/repositories/party_repository_test.dart","2026-05-24","passed","2026-05-24","updateParty","PartyRepository","",""
"","4","loadMore restores isLoadingMore=false on error","test/src/features/tag/logic/tag_event_list_controller_test.dart","2026-05-24","passed","2026-05-24","","TagEventListController","",""
"","1268","successful cancel triggers purchaseHistoryController re-fetch","test/src/features/payment/ui/purchase_history_detail_page_test.dart","2026-05-24","passed","2026-05-24","","PurchaseHistoryDetailPage cancel refresh — Fix #2345","",""
"","730","renders with label","test/src/ui/widgets/common/minglit_text_field_test.dart","2026-05-24","passed","2026-05-24","","MinglitTextField","",""
"","157","그룹 있음 — DraggableScrollableSheet 표시","test/src/features/checkin/widgets/entry_group_bottom_sheet_test.dart","2026-05-24","passed","2026-05-24","","EntryGroupBottomSheet","",""
"","223","opens a modal bottom sheet","test/src/ui/widgets/common/minglit_bottom_sheet_test.dart","2026-05-24","passed","2026-05-24","","showMinglitBottomSheet","",""
"","63","이벤트 메타 null → placeholder ""—"" 표시 (크래시 없음)","test/src/features/ticket/ui/boarding_pass_card_test.dart","2026-05-24","passed","2026-05-24","","BoardingPassCard","",""
"","57","pulsing=true wraps dot in Transform for any tone","test/src/common/widgets/minglit_timeline_test.dart","2026-05-24","passed","2026-05-24","","MinglitTimeline","",""
"","89","returns null when user is not logged in","test/src/features/account_deletion/logic/account_deletion_controller_test.dart","2026-05-24","passed","2026-05-24","","AccountDeletionController","",""
"","10","throws MinglitUserException on non-200 status","test/src/features/iamport/data/repository/iamport_repository_test.dart","2026-05-24","passed","2026-05-24","verifyCertification","IamportRepository","",""
"","3","grace period: paidAt 1 second past boundary (2h+1s ago) → not refundable (cutoff also missed)","test/src/features/payment/logic/purchase_history_controller_test.dart","2026-05-24","passed","2026-05-24","","PurchaseHistoryController.calculateRefund — boundary cases","",""
"","51","shows edit button when state is needsCorrection","test/src/features/onboarding/partner_apply_status_page_test.dart","2026-05-24","passed","2026-05-24","","PartnerApplyStatusPage","",""
"","70","4회 탭 → onTrigger 호출 안 됨","test/src/features/auth/ui/minglit_login_screen_test.dart","2026-05-24","passed","2026-05-24","","MinglitLoginScreen — _DevTriggerLogo 5-탭 #2340 regression guard","",""
"","5","only sends provided fields","test/src/data/repositories/recurrence_rule_repository_test.dart","2026-05-24","passed","2026-05-24","update","RecurrenceRuleRepository","",""
"","2","maps FAILED correctly","test/src/features/settlement/widgets/settlement_status_badge_test.dart","2026-05-24","passed","2026-05-24","","SettlementStatus.fromString","",""
"","39","secondary renders OutlinedButton","test/src/ui/widgets/common/minglit_button_test.dart","2026-05-24","passed","2026-05-24","","MinglitButton","",""
"","5","returns submitted application on success","test/src/data/repositories/partner_application_repository_test.dart","2026-05-24","passed","2026-05-24","submitDraft","PartnerApplicationRepository","",""
"","124","17-digit account number shows format error","test/src/features/settlement/bank_account_page_test.dart","2026-05-24","passed","2026-05-24","","AccountEditForm — account number validation (Fix #1938)","",""
"","44","parses event_application sample without error","test/contract/contract_test.dart","2026-05-24","passed","2026-05-24","","Contract: EventApplication model ↔ shared sample","",""
"","3","throws when EF invoke fails","test/src/data/repositories/matching_repository_test.dart","2026-05-24","passed","2026-05-24","commitMatchLikes","MatchingRepository","",""
"","4","stays clean when title unchanged","test/src/features/party/event/edit/event_edit_controller_test.dart","2026-05-24","passed","2026-05-24","updateTitle","EventEditController","",""
"","59","image load failure shows caller fallbackIcon, not generic icon","test/src/common/widgets/minglit_avatar_image_test.dart","2026-05-24","passed","2026-05-24","","","",""
"","3","throws MinglitUserException on error response","test/src/data/repositories/verification_command_repository_test.dart","2026-05-24","passed","2026-05-24","reviewRequest","VerificationRepository (command)","",""
"","69","초기 stats RPC 호출 후 데이터 반환","test/src/features/checkin/stats/checkin_stats_controller_test.dart","2026-05-24","passed","2026-05-24","","CheckinStatsController","",""
"","51","overflow: 스크롤 후 왼쪽으로 돌아오면 chevron 다시 표시","test/ui/widgets/common/minglit_horizontal_scroll_group_test.dart","2026-05-24","passed","2026-05-24","","MinglitHorizontalScrollGroup","",""
"","2","/purchase-history redirects to /login when not logged in","test/src/routing/app_router_redirect_test.dart","2026-05-24","passed","2026-05-24","","protected paths — unauthenticated","",""
"","735","shows welcome message and 2/4 progress and create-party CTA when hasParty is false","test/src/features/home/widgets/onboarding_step_guide_test.dart","2026-05-24","passed","2026-05-24","","OnboardingStepGuide","",""
"","103","인기 태그 퀵 선택이 표시된다","test/src/features/party/create/widgets/tag_selection_section_test.dart","2026-05-24","passed","2026-05-24","","TagSelectionSection","",""
"","4","returns false when no application","test/src/data/repositories/event_repository_test.dart","2026-05-24","passed","2026-05-24","checkApplicationStatus","EventRepository","",""
"","10","cancelled application treated as no application","test/src/features/event/admission/admission_state_edge_cases_test.dart","2026-05-24","passed","2026-05-24","","EventAdmissionController - edge cases","",""
"","4","isRefundReady returns false when paymentId is null","test/src/features/payment/logic/purchase_history_controller_test.dart","2026-05-24","passed","2026-05-24","","PurchaseHistoryController — error paths (Fix #1287)","",""
"","648","빈 태그 목록 — 아무것도 렌더링하지 않는다","test/src/features/home/widgets/featured_tag_chip_bar_test.dart","2026-05-24","passed","2026-05-24","","FeaturedTagChipBar","",""
"","7","requests permission when status is denied, then checks Firebase","test/src/features/notification/notification_service_test.dart","2026-05-24","passed","2026-05-24","","_ensureNotificationPermission (#1687)","",""
"","23","auth change with null session does not save staff token","test/src/features/auth/ui/staff_guard_wrapper_test.dart","2026-05-24","passed","2026-05-24","","StaffGuardWrapper","",""
"","39","resultsUnviewed phase shows 매칭 결과 보기","test/src/features/tickets/event_ongoing_banner_test.dart","2026-05-24","passed","2026-05-24","","","",""
"","63","renders icon when provided","test/src/ui/widgets/common/minglit_filter_chip_test.dart","2026-05-24","passed","2026-05-24","","MinglitFilterChip","",""
"","1044","invokes onPressed when CTA is tapped","test/src/components/feedback/minglit_confirmation_page_test.dart","2026-05-24","passed","2026-05-24","","","",""
"","227","구매 목록 → 상태 배지 렌더링 (7종)","test/integration/flow_my_page_test.dart","2026-05-24","passed","2026-05-24","","PurchaseHistoryPage","",""
"","3","updateImageUrl sets imageUrl","test/src/features/party/event/create/event_create_controller_test.dart","2026-05-24","passed","2026-05-24","update methods","EventCreateController","",""
"","3","isRefundReady returns false when paymentAmount is null","test/src/features/payment/logic/purchase_history_controller_test.dart","2026-05-24","passed","2026-05-24","","PurchaseHistoryController — error paths (Fix #1287)","",""
"","3","/signup/consent redirects to /login when not logged in","test/src/routing/app_router_redirect_test.dart","2026-05-24","passed","2026-05-24","","protected paths — unauthenticated","",""
"","460","eligible 탭 → TicketSelectionSheet 바텀시트","test/integration/flow_admission_status_test.dart","2026-05-24","passed","2026-05-24","","AdmissionStatus 버튼 탭 동작","",""
"","3","동일 태그 중복 추가가 무시된다","test/src/features/party/create/widgets/tag_selection_section_test.dart","2026-05-24","passed","2026-05-24","","TagSelectionController","",""
"","73","Variant C (completed > 0, no upcoming): tapping CTA calls onCreateEventTap","test/src/features/party/list/party_list_item_cta_test.dart","2026-05-24","passed","2026-05-24","","PartyListItem CTA — create-event callback wiring","",""
"","141","renders retry button when onRetry is provided","test/src/ui/widgets/common/minglit_error_state_test.dart","2026-05-24","passed","2026-05-24","","MinglitErrorState","",""
"","3","maps non-validation FunctionException to MinglitSystemException","test/src/utils/exceptions_test.dart","2026-05-24","passed","2026-05-24","","MinglitException.from","",""
"","25","verifies and sets success state on successful certification","test/src/features/iamport/logic/iamport_controller_test.dart","2026-05-24","passed","2026-05-24","onCertificationResult","IamportController","",""
"","200","swipe left updates dot indicator to index 1","test/src/features/onboarding/partner_welcome_page_test.dart","2026-05-24","passed","2026-05-24","","PartnerWelcomePage","",""
"","22","filename 생략 시 JPEG로 재인코딩한다","test/src/utils/image_utils_test.dart","2026-05-24","passed","2026-05-24","","stripExifAndReencode","",""
"","12","returns comments from snapshot_data","test/src/data/repositories/verification_query_repository_test.dart","2026-05-24","passed","2026-05-24","getVerificationComments","VerificationRepository","",""
"","13","returns application when data exists","test/src/data/repositories/partner_application_repository_test.dart","2026-05-24","passed","2026-05-24","getMyApplication","PartnerApplicationRepository","",""
"","26","shows D-N chip for future event","test/src/features/my_tickets/ui/my_tickets_page_test.dart","2026-05-24","passed","2026-05-24","","MyTicketCard","",""
"","183","approved tab shows status badge without action buttons","test/src/features/application/ui/event_application_manage_page_test.dart","2026-05-24","passed","2026-05-24","","EventApplicationManagePage","",""
"","56","calls onCreateEvent callback when CTA button tapped and hasParty is true","test/src/features/home/widgets/onboarding_step_guide_test.dart","2026-05-24","passed","2026-05-24","","OnboardingStepGuide","",""
"","32","renders monthly rule with monthDay","test/src/features/party/recurrence/recurrence_rule_summary_card_test.dart","2026-05-24","passed","2026-05-24","","RecurrenceRuleSummaryCard","",""
"","56","custom segmentThreshold overrides default","test/src/common/widgets/minglit_capacity_bar_test.dart","2026-05-24","passed","2026-05-24","","MinglitCapacityBar","",""
"","3","multiple updateField calls update each field independently","test/src/features/onboarding/partner_apply_controller_test.dart","2026-05-24","passed","2026-05-24","","PartnerApplyController","",""
"","258","onDismiss callback is invoked when close button is tapped","test/src/features/event/detail/open_in_app_dialog_test.dart","2026-05-24","passed","2026-05-24","","OpenInAppBanner","",""
"","3","equality works","test/src/data/models/user_profile_test.dart","2026-05-24","passed","2026-05-24","","UserProfile","",""
"","4","throws on db error","test/src/data/repositories/settlement_repository_test.dart","2026-05-24","passed","2026-05-24","getBankAccount","SettlementRepository","",""
"","626","idle 상태 — 배너 없음","test/src/features/checkin/widgets/checkin_scanner_overlay_test.dart","2026-05-24","passed","2026-05-24","","CheckinScannerOverlay 배너","",""
"","4","결제 후 1시간 이내 → 100% 환불 (grace period 합격)","test/minglit_kit_test.dart","2026-05-24","passed","2026-05-24","","RefundCalculator","",""
"","263","logout tile invokes onLogout after confirmation","test/ui/pages/account_management_page_test.dart","2026-05-24","passed","2026-05-24","","AccountManagementPage","",""
"","24","(setUpAll)","test/src/logic/feed_state_provider_test.dart","2026-05-24","passed","2026-05-24","","","",""
"","800","PartyTicketTemplateInput 위젯이 렌더됨","test/src/features/party/create/steps/step5_tickets_test.dart","2026-05-24","passed","2026-05-24","","Step5Tickets","",""
"","3","cutoff: eventStartTime exactly at boundary (7d away) → refundable","test/src/features/payment/logic/purchase_history_controller_test.dart","2026-05-24","passed","2026-05-24","","PurchaseHistoryController.calculateRefund — boundary cases","",""
"","63","shows location as denied when permission denied","test/src/features/permission/app_permission_settings_screen_test.dart","2026-05-24","passed","2026-05-24","","AppPermissionSettingsScreen","",""
"","54","removing the only group results in empty entry groups list","test/src/features/party/detail/party_detail_coordinator_entry_group_test.dart","2026-05-24","passed","2026-05-24","","removePartyEntryGroup","",""
"","461","reject with reason marks locally","test/src/features/party/event/review/event_application_review_carousel_page_test.dart","2026-05-24","passed","2026-05-24","","","",""
"","4","propagates error when repository throws","test/src/features/event/matching/matching_vote_controller_test.dart","2026-05-24","passed","2026-05-24","","myMatches","",""
"","2","completed event with isCheckedIn=true and matchResultsViewedAt=null returns resultsUnviewed","test/src/features/tickets/event_lifecycle_phase_resolver_test.dart","2026-05-24","passed","2026-05-24","","","",""
"","4","round-trips through toJson → fromJson","test/contract/contract_test.dart","2026-05-24","passed","2026-05-24","","Contract: UserProfile model ↔ shared sample","",""
"","3","populates nested adjustments from adjustmentsData","test/src/data/models/settlement_item_detail_test.dart","2026-05-24","passed","2026-05-24","","SettlementItemDetail.fromJson","",""
"","44","initial state has empty fields","test/src/features/verification/create_verification_controller_test.dart","2026-05-24","passed","2026-05-24","","CreateVerificationController","",""
"","3","within grace period overrides missed cutoff → refundable","test/src/features/payment/logic/purchase_history_controller_test.dart","2026-05-24","passed","2026-05-24","","PurchaseHistoryController.calculateRefund — boundary cases","",""
"","653","renders primary button with label","test/ui/widgets/common/minglit_bottom_cta_test.dart","2026-05-24","passed","2026-05-24","single variant","MinglitBottomCTA","",""
"","49","returns list of tickets for event","test/src/data/repositories/ticket_repository_test.dart","2026-05-24","passed","2026-05-24","getTicketsByEventId","TicketRepository","",""
"","5","returns events with tickets when user is logged in","test/src/logic/providers/event_feed_provider_test.dart","2026-05-24","passed","2026-05-24","","eventFeedProvider — ticket filter regression (#778)","",""
"","48","showDivider=true이면 Divider 표시","test/src/features/checkin/widgets/entry_group_row_test.dart","2026-05-24","passed","2026-05-24","","EntryGroupRow","",""
"","12","Step 1 — title 비어있으면 오류 반환","test/src/features/party/create/party_create_wizard_controller_test.dart","2026-05-24","passed","2026-05-24","currentStepValidationErrors","PartyCreateWizardController","",""
"","792","recruiting phase shows ""모집 중"" badge and ""신청 현황 보기"" CTA","test/src/features/home/widgets/event_action_card_test.dart","2026-05-24","passed","2026-05-24","","EventActionCard","",""
"","5","returns active-status event in feed (regression for #1941)","test/src/data/repositories/event_repository_queries_test.dart","2026-05-24","passed","2026-05-24","getEventsByType","EventRepository Queries","",""
"","36","AppBar 제목 — #tagName 형태로 표시된다","test/src/features/tag/ui/tag_event_list_page_test.dart","2026-05-24","passed","2026-05-24","","TagEventListPage","",""
"","287","cutoff 경과 → grace period 환불 안내 배너","test/src/features/event/detail/event_refund_policy_section_test.dart","2026-05-24","passed","2026-05-24","","_RefundPolicySection","",""
"","5","returns pending count from event_applications","test/src/data/repositories/event_repository_test.dart","2026-05-24","passed","2026-05-24","getPendingApplicationCount","EventRepository","",""
"","3","completes without error on 200 response","test/src/data/repositories/event_repository_commands_test.dart","2026-05-24","passed","2026-05-24","","EventRepository.rejectApplication","",""
"","5","Step 2 — location null이면 오류 반환","test/src/features/party/create/party_create_wizard_controller_test.dart","2026-05-24","passed","2026-05-24","currentStepValidationErrors","PartyCreateWizardController","",""
"","51","긴 장소명 — 크래시 없고 말줄임 적용","test/src/features/ticket/ui/boarding_pass_card_test.dart","2026-05-24","passed","2026-05-24","","BoardingPassCard","",""
"","172","제출 중(isLoading)에 버튼이 비활성화된다","test/src/features/party/ui/party_create_wizard_smoke_test.dart","2026-05-24","passed","2026-05-24","","PartyCreateWizardPage smoke","",""
"","89","tapping camera tile opens app settings fallback","test/src/features/permission/app_permission_settings_screen_test.dart","2026-05-24","passed","2026-05-24","","AppPermissionSettingsScreen","",""
"","22","non-interactive chip exposes label without button role or tap action","test/src/ui/widgets/common/minglit_chip_test.dart","2026-05-24","passed","2026-05-24","Semantics","MinglitChip","",""
"","3","canCancel returns false when application status is not paid/approved","test/src/features/payment/logic/purchase_history_controller_test.dart","2026-05-24","passed","2026-05-24","","PurchaseHistoryController.canCancel — Fix #1235","",""
"","35","empty children renders without crash","test/src/ui/widgets/common/minglit_chip_group_test.dart","2026-05-24","passed","2026-05-24","","MinglitChipGroup","",""
"","50","pushEventDetail pushes correct route","test/src/features/event/logic/event_coordinator_test.dart","2026-05-24","passed","2026-05-24","","EventCoordinator","",""
"","562","renders three chips: 승인 대기, 다가오는 이벤트, 미답변 리뷰","test/src/features/home/widgets/todo_summary_chips_test.dart","2026-05-24","passed","2026-05-24","","TodoSummaryChips","",""
"","1589","loading → ""추천 티켓을 확인 중입니다.""","test/integration/flow_ticket_application_test.dart","2026-05-24","passed","2026-05-24","","TicketSelectionSheet","",""
"","31","완충률 <50% — primary 색상 진행률 바","test/src/features/checkin/widgets/entry_group_row_test.dart","2026-05-24","passed","2026-05-24","","EntryGroupRow","",""
"","58","double-tap fires only one retryPayout RPC (synchronous guard)","test/src/features/settlement/settlement_detail_page_test.dart","2026-05-24","passed","2026-05-24","","ActionButtons — in-flight guard (Fix #1930)","",""
"","32","dark theme uses surface #212121 instead of background","test/src/theme/minglit_theme_test.dart","2026-05-24","passed","2026-05-24","dialog background","MinglitTheme","",""
"","28","shows upload icon even when initialUrls are provided","test/ui/widgets/common/minglit_file_picker_test.dart","2026-05-24","passed","2026-05-24","","MinglitFilePicker Widget Tests","",""
"","1022","unknown role ""member"" defaults to ""staff"" without crash","test/src/features/member/partner_member_permission_page_test.dart","2026-05-24","passed","2026-05-24","","PartnerMemberPermissionPage — Fix #270 회귀 테스트","",""
"","7","completes when EF invoke succeeds","test/src/data/repositories/matching_repository_test.dart","2026-05-24","passed","2026-05-24","commitMatchLikes","MatchingRepository","",""
"","77","creates from provider","test/src/features/settlement/settlement_coordinator_test.dart","2026-05-24","passed","2026-05-24","","SettlementCoordinator","",""
"","30","title has bold font weight by default","test/src/ui/widgets/common/minglit_section_test.dart","2026-05-24","passed","2026-05-24","","MinglitSection","",""
"","4","born 1 year ago returns 2","test/src/utils/age_util_test.dart","2026-05-24","passed","2026-05-24","calculateKoreanAge","AgeUtil","",""
"","70","mapping covers all statuses","test/src/features/event/admission/admission_button_config_test.dart","2026-05-24","passed","2026-05-24","","AdmissionButtonConfig","",""
"","4","completes without error on 200 response","test/src/data/repositories/event_repository_commands_test.dart","2026-05-24","passed","2026-05-24","","EventRepository.markMatchResultsViewed","",""
"","7","payment cancellation sets error status","test/src/features/event/admission/event_application_controller_test.dart","2026-05-24","passed","2026-05-24","","EventApplicationController","",""
"","58","throws when party not found","test/src/features/party/detail/party_detail_controller_test.dart","2026-05-24","passed","2026-05-24","","partyDetail","",""
"","17","pushEventDetail pushes correct route","test/src/features/party/logic/party_coordinator_test.dart","2026-05-24","passed","2026-05-24","","PartyCoordinator","",""
"","30","destructive is disabled when onPressed is null","test/src/ui/widgets/common/minglit_button_test.dart","2026-05-24","passed","2026-05-24","","MinglitButton","",""
"","93","마지막 step에서 ""신청하기"" 버튼이 표시된다","test/src/features/onboarding/ui/partner_apply_smoke_test.dart","2026-05-24","passed","2026-05-24","","PartnerApplyPage smoke","",""
"","28","does not render trailing when null","test/src/ui/widgets/common/minglit_section_test.dart","2026-05-24","passed","2026-05-24","","MinglitSection","",""
"","135","renders search icon","test/src/features/home/home_page_test.dart","2026-05-24","passed","2026-05-24","","HomePage","",""
"","8","feed loads events without eligibility filtering in dev-like env","test/src/logic/feed_state_provider_test.dart","2026-05-24","passed","2026-05-24","","ActiveFilters dev-env regression (Fix #1634)","",""
"","30","hasParties=true shows ""이벤트 만들기"" button","test/src/features/home/widgets/event_action_card_test.dart","2026-05-24","passed","2026-05-24","","EventActionCardEmpty","",""
"","38","비로그인 /events/:id/apply → /login?from=/events/:id/apply","test/integration/flow_notification_routing_test.dart","2026-05-24","passed","2026-05-24","","보호된 경로 리다이렉트","",""
"","60","필터 결과가 없으면 빈 상태 메시지를 표시한다","test/src/features/party/event/widgets/event_application_list_view_test.dart","2026-05-24","passed","2026-05-24","","EventApplicationListView groupId 필터 (Fix #2224)","",""
"","5","빈 배열 반환 — 엔트리 그룹 없는 이벤트","test/src/features/checkin/stats/entry_group_checkin_stats_controller_test.dart","2026-05-24","passed","2026-05-24","","EntryGroupCheckinStatsController","",""
"","16","returns settings when found","test/src/data/repositories/notification_repository_test.dart","2026-05-24","passed","2026-05-24","getSettings","NotificationRepository","",""
"","3","returns ended event within 24 hours when no live or preparing","test/src/features/home/widgets/event_action_card_logic_test.dart","2026-05-24","passed","2026-05-24","","selectPrimaryEvent","",""
"","5","returns events within radius from RPC","test/src/data/repositories/event_repository_queries_test.dart","2026-05-24","passed","2026-05-24","getEventsWithinRadius","EventRepository Queries","",""
"","4","returns empty map when last element is an int","test/src/features/verification/review_verification_screen_test.dart","2026-05-24","passed","2026-05-24","","snapshot_data type guard","",""
"","31","renders date as first 10 chars of created_at","test/src/features/settlement/widgets/settlement_card_test.dart","2026-05-24","passed","2026-05-24","","SettlementCard widget","",""
"","35","태그 없이도 크래시 없이 렌더링된다","test/src/features/party/create/widgets/tag_selection_section_test.dart","2026-05-24","passed","2026-05-24","","TagSelectionSection","",""
"","3","setStep out of range does not change currentStep","test/src/features/onboarding/partner_apply_controller_test.dart","2026-05-24","passed","2026-05-24","","PartnerApplyController","",""
"","39","shows D-0 badge for event starting today","test/src/features/home/widgets/closing_soon_events_card_test.dart","2026-05-24","passed","2026-05-24","","ClosingSoonEventsCard","",""
"","7","addEntryGroup appends group","test/src/features/party/create/party_create_wizard_controller_test.dart","2026-05-24","passed","2026-05-24","step 4: entry groups","PartyCreateWizardController","",""
"","58","loadMore with fewer than pageSize items sets hasMore to false","test/src/features/settlement/settlement_list_controller_test.dart","2026-05-24","passed","2026-05-24","","SettlementListController","",""
"","169","rejected 탭 → 재신청 확인 다이얼로그","test/integration/flow_admission_status_test.dart","2026-05-24","passed","2026-05-24","","AdmissionStatus 버튼 탭 동작","",""
"","6","light theme scaffold background is MinglitColors.surface","test/src/theme/minglit_theme_test.dart","2026-05-24","passed","2026-05-24","","MinglitTheme","",""
"","22","initial state has no active filters","test/src/features/explore/providers/explore_filter_integration_test.dart","2026-05-24","passed","2026-05-24","","ExploreFilters","",""
"","3","effectiveVisibility inherits from party when null","test/src/data/models/event_test.dart","2026-05-24","passed","2026-05-24","","Event","",""
"","6","setVisibility updates state","test/src/features/party/create/party_create_wizard_controller_test.dart","2026-05-24","passed","2026-05-24","step 1: basic info","PartyCreateWizardController","",""
"","24","today semantics label indicates 오늘 진행","test/src/ui/widgets/common/minglit_dday_chip_test.dart","2026-05-24","passed","2026-05-24","","MinglitDDayChip","",""
"","8","eligibilityEnabled: false shows all events regardless of verification","test/src/features/explore/providers/explore_state_provider_test.dart","2026-05-24","passed","2026-05-24","","filteredEventsProvider — eligibility filter with verification check","",""
"","5","goToCreateEvent pushes /more/parties/<partyId>/events/create","test/src/features/party/list/party_list_coordinator_test.dart","2026-05-24","passed","2026-05-24","","PartyListCoordinator","",""
"","44","matchCandidatesProvider returns repository candidates","test/src/data/repositories/matching_repository_test.dart","2026-05-24","passed","2026-05-24","","MatchingRepository providers","",""
"","40","renders 7일 +N label for active tags","test/src/features/home/widgets/trending_tag_section_test.dart","2026-05-24","passed","2026-05-24","","TrendingTagSection","",""
"","49","shows partner error when partner is null","test/src/features/application/ui/event_application_manage_page_test.dart","2026-05-24","passed","2026-05-24","","EventApplicationManagePage","",""
"","150","티켓이 있으면 티켓 관리 섹션에 티켓명이 표시된다","test/src/features/party/event/detail/event_detail_page_smoke_test.dart","2026-05-24","passed","2026-05-24","","EventDetailPage (Fix #2109)","",""
"","34","returns empty list for empty query","test/src/data/repositories/kakao_location_repository_test.dart","2026-05-24","passed","2026-05-24","searchKeyword","KakaoLocationRepository","",""
"","143","이름 검색 — ""박"" 입력 시 박재훈만 표시","test/src/features/checkin/manual/manual_checkin_sheet_test.dart","2026-05-24","passed","2026-05-24","","ManualCheckinSheet","",""
"","36","selected uses colorScheme.onSurface background in light mode","test/src/ui/widgets/common/minglit_filter_chip_test.dart","2026-05-24","passed","2026-05-24","","MinglitFilterChip","",""
"","10","male gender only","test/src/data/models/event_test.dart","2026-05-24","passed","2026-05-24","","Event conditionSummaries","",""
"","34","calls onFilesSelected when files are provided (requires complex mock)","test/ui/widgets/common/minglit_file_picker_test.dart","2026-05-24","passed","2026-05-24","","MinglitFilePicker Widget Tests","",""
"","16","sends OTP for valid @minglit.com email","test/src/data/repositories/staff_repository_test.dart","2026-05-24","passed","2026-05-24","sendMagicLink","StaffRepository","",""
"","6","pushLogin with from param includes query param","test/src/features/event/logic/event_coordinator_test.dart","2026-05-24","passed","2026-05-24","","EventCoordinator","",""
"","78","확정 인원이 없으면 정보 수정 시 EventEditRoute로 이동한다","test/src/features/party/event/detail/event_detail_page_smoke_test.dart","2026-05-24","passed","2026-05-24","","EventDetailPage (Fix #2109)","",""
"","103","step 4 draft 복원 후 AppBar가 ""최종 확인""을 표시한다","test/src/features/onboarding/partner_apply_page_test.dart","2026-05-24","passed","2026-05-24","","Fix #2130 — draft restore 후 title/content sync","",""
"","4","pushDevUserSwitch with from includes from in path","test/src/features/auth/logic/auth_coordinator_test.dart","2026-05-24","passed","2026-05-24","","AuthCoordinator","",""
"","2","data row contains correct values","test/src/features/settlement/widgets/download_bottom_sheet_test.dart","2026-05-24","passed","2026-05-24","","buildCsv","",""
"","27","returns default value when key is missing from empty map","test/src/data/models/metadata_key_test.dart","2026-05-24","passed","2026-05-24","","MetadataMapX.getValue","",""
"","5","revert check: removing groupId filter includes all pending statuses","test/src/features/party/event/detail/event_application_logic_test.dart","2026-05-24","passed","2026-05-24","","carouselQueueProvider","",""
"","31","(setUpAll)","test/src/features/event/admission/payment_success_screen_test.dart","2026-05-24","passed","2026-05-24","","","",""
"","341","needsApplication: / 접근 시 PartnerWelcomePage로 리다이렉트","test/integration/partner_redirect_test.dart","2026-05-24","passed","2026-05-24","","Partner Redirect Flow","",""
"","3","has the expected status constants","test/src/features/settlement/settlement_models_test.dart","2026-05-24","passed","2026-05-24","","SettlementItemStatus","",""
"","47","renders with empty string values","test/src/ui/widgets/common/minglit_key_value_row_test.dart","2026-05-24","passed","2026-05-24","","MinglitKeyValueRow","",""
"","6","goToLogin passes from parameter","test/src/routing/app_coordinator_test.dart","2026-05-24","passed","2026-05-24","","AppCoordinator","",""
"","5","filters out events with gender-restricted entry groups","test/src/features/explore/logic/eligibility_filter_test.dart","2026-05-24","passed","2026-05-24","","EligibilityFilter","",""
"","3","parses string values via _toInt","test/src/features/settlement/settlement_models_test.dart","2026-05-24","passed","2026-05-24","","PartnerRevenueSummary.fromJson","",""
"","21","inline variant does not show CTA button","test/src/ui/widgets/common/minglit_empty_state_test.dart","2026-05-24","passed","2026-05-24","","MinglitEmptyState - inline variant","",""
"","4","returns 5 dates for monthly pattern on the 15th","test/src/features/party/logic/recurrence_settings_controller_test.dart","2026-05-24","passed","2026-05-24","previewDates","RecurrenceSettingsController","",""
"","10","throws on error","test/src/data/repositories/policy_repository_test.dart","2026-05-24","passed","2026-05-24","getRefundPolicy","PolicyRepository","",""
"","94","shows capacity bar section","test/src/features/party/event/detail/event_application_list_page_test.dart","2026-05-24","passed","2026-05-24","","대기중 tab content","",""
"","2","returns null when event list is empty","test/src/features/home/widgets/event_action_card_logic_test.dart","2026-05-24","passed","2026-05-24","","selectPrimaryEvent","",""
"","29","is not interactive (no InkWell)","test/src/ui/widgets/common/minglit_tag_test.dart","2026-05-24","passed","2026-05-24","","MinglitTag","",""
"","25","excludeFromSemantics=true hides the image node","test/ui/widgets/common/minglit_image_test.dart","2026-05-24","passed","2026-05-24","Semantics","MinglitImage","",""
"","3","invokes EF with delete_token action","test/src/data/repositories/notification_repository_test.dart","2026-05-24","passed","2026-05-24","deleteToken","NotificationRepository","",""
"","141","개인정보처리방침 탭 → 외부 privacyUrl 런치, 내부 네비게이션 없음","test/integration/my_page_test.dart","2026-05-24","passed","2026-05-24","","MyPage Flow","",""
"","4","returns empty list when no tickets exist","test/src/features/party/event/detail/event_detail_controller_test.dart","2026-05-24","passed","2026-05-24","","eventTickets","",""
"","3","throws on db error","test/src/data/repositories/settlement_repository_test.dart","2026-05-24","passed","2026-05-24","getEventInfo","SettlementRepository","",""
"","882","DB에서 visibility=null인 파티 → PartyStatusEditSheet 크래시 없이 렌더","test/src/features/party/widgets/party_status_edit_sheet_test.dart","2026-05-24","passed","2026-05-24","","Party 모델 — visibility null 정규화 (#72)","",""
"","38","hidden (SizedBox.shrink) when no active events","test/src/features/home/widgets/event_now_bar_test.dart","2026-05-24","passed","2026-05-24","","EventNowBar","",""
"","53","파트너 null일 때 에러 메시지가 표시된다","test/src/features/application/ui/application_manage_smoke_test.dart","2026-05-24","passed","2026-05-24","","EventApplicationManagePage smoke","",""
"","3","throws on error","test/src/data/repositories/party_repository_test.dart","2026-05-24","passed","2026-05-24","createEvent","PartyRepository (events)","",""
"","75","returns null when user is not logged in","test/src/logic/providers/current_user_profile_provider_test.dart","2026-05-24","passed","2026-05-24","","currentUserProfileProvider","",""
"","26","secondary button uses colorScheme.primary for border","test/src/ui/widgets/common/minglit_button_test.dart","2026-05-24","passed","2026-05-24","","MinglitButton","",""
"","4","initial build sets hasMore=false when fewer than page-size returned","test/src/features/tag/logic/tag_event_list_controller_test.dart","2026-05-24","passed","2026-05-24","","TagEventListController","",""
"","3","returns false when permission is denied","test/services/location_service_test.dart","2026-05-24","passed","2026-05-24","","LocationService.hasPermission","",""
"","46","trailing non-Text widget (Icon) renders without assert","test/src/common/widgets/minglit_timeline_test.dart","2026-05-24","passed","2026-05-24","","MinglitTimeline","",""
"","6","upcoming sorted ascending (nearest first)","test/src/features/my_tickets/logic/my_tickets_controller_test.dart","2026-05-24","passed","2026-05-24","","MyTicketsController","",""
"","32","does not render MinglitSectionDivider when showDividers is false","test/ui/widgets/common/minglit_content_layout_test.dart","2026-05-24","passed","2026-05-24","","MinglitContentLayout","",""
"","3","throws on network error","test/src/data/repositories/verification_command_repository_test.dart","2026-05-24","passed","2026-05-24","restoreVerification","VerificationRepository (command)","",""
"","28","ticket relation is null when ticket_name column is null (JOIN miss)","test/src/data/repositories/event_application_rpc_mapping_test.dart","2026-05-24","passed","2026-05-24","","getApplicationsByEventId ticket mapping","",""
"","643","primary renders ElevatedButton","test/src/ui/widgets/common/minglit_button_test.dart","2026-05-24","passed","2026-05-24","","MinglitButton","",""
"","3","goToSettlement calls router.go with settlement route","test/src/features/home/partner_home_coordinator_test.dart","2026-05-24","passed","2026-05-24","","PartnerHomeCoordinator","",""
"","104","renders all expected labels","test/src/features/settlement/widgets/status_filter_chips_test.dart","2026-05-24","passed","2026-05-24","","StatusFilterChips widget","",""
"","149","CloseButton 탭 시 확인 다이얼로그가 표시된다","test/src/features/event/ui/event_application_wizard_back_nav_test.dart","2026-05-24","passed","2026-05-24","","EventApplicationWizardPage — 뒤로가기 가드","",""
"","4","returns empty list when no consents","test/src/data/repositories/consent_repository_test.dart","2026-05-24","passed","2026-05-24","getConsents","ConsentRepository","",""
"","67","대시보드 오류 시 MinglitEmptyState가 표시된다","test/src/features/settlement/settlement_page_test.dart","2026-05-24","passed","2026-05-24","","SettlementPage — Fix #2415: dashboard error state","",""
"","4","creates from JSON","test/src/data/models/matching_test.dart","2026-05-24","passed","2026-05-24","","MatchVote","",""
"","936","shows loading indicator when onboardingStateProvider is loading","test/src/features/onboarding/partner_apply_status_page_test.dart","2026-05-24","passed","2026-05-24","","PartnerApplyStatusPage","",""
"","122","tapping card navigates to recurrence management","test/src/features/party/recurrence/recurrence_rule_summary_card_test.dart","2026-05-24","passed","2026-05-24","","RecurrenceRuleSummaryCard","",""
"","3","defaults success to false when missing","test/src/features/iamport/data/model/iamport_result_model_test.dart","2026-05-24","passed","2026-05-24","fromJson","IamportResultModel","",""
"","33","jpegQuality 파라미터가 유효한 JPEG 출력을 생성한다","test/src/utils/image_utils_test.dart","2026-05-24","passed","2026-05-24","","stripExifAndReencode","",""
"","5","toggleConsent reverts on error","test/src/features/consent/logic/consent_controller_test.dart","2026-05-24","passed","2026-05-24","","ConsentController","",""
"","7","checkedIn when checked-in but event not ongoing","test/src/features/tickets/logic/active_event_banners_provider_test.dart","2026-05-24","passed","2026-05-24","","activeEventBannersProvider","",""
"","2","serializes all fields","test/src/features/iamport/data/model/iamport_result_model_test.dart","2026-05-24","passed","2026-05-24","toJson","IamportResultModel","",""
"","60","renders placeholder with aspect ratio when imageUrls is empty and height is null","test/ui/widgets/common/minglit_image_carousel_test.dart","2026-05-24","passed","2026-05-24","","MinglitImageCarousel Widget Tests","",""
"","9","error object is preserved when getApplication throws specific exception","test/src/features/event/admission/event_admission_controller_test.dart","2026-05-24","passed","2026-05-24","","EventAdmissionController — error paths (Fix #1287)","",""
"","911","탈퇴 안내 페이지의 핵심 정보가 표시된다","test/src/features/account_deletion/ui/deletion_info_page_test.dart","2026-05-24","passed","2026-05-24","","","",""
"","25","renders custom retry label","test/src/ui/widgets/common/minglit_error_state_test.dart","2026-05-24","passed","2026-05-24","","MinglitErrorState","",""
"","4","sets error state on failure","test/src/features/auth/logic/auth_controller_test.dart","2026-05-24","passed","2026-05-24","signInWithEmail","AuthController","",""
"","2","ignored when pattern is monthly","test/src/features/party/logic/recurrence_settings_controller_test.dart","2026-05-24","passed","2026-05-24","toggleDay","RecurrenceSettingsController","",""
"","89","로그인 상태: 마이페이지 버튼 탭 시 /my push","test/src/features/home/home_page_app_bar_test.dart","2026-05-24","passed","2026-05-24","Profile button navigation — #2107 regression guard","HomePage AppBar - Auth-aware widgets","",""
"","32","touch target is at least 48dp tall","test/src/ui/widgets/common/minglit_filter_chip_test.dart","2026-05-24","passed","2026-05-24","","MinglitFilterChip","",""
"","36","total=0이면 0/0 표시 + ""아직 발급된 티켓이 없습니다""","test/src/features/checkin/widgets/checkin_summary_card_test.dart","2026-05-24","passed","2026-05-24","","CheckinSummaryCard","",""
"","11","toggle adds tag when not selected","test/src/features/home/logic/selected_tags_provider_test.dart","2026-05-24","passed","2026-05-24","","SelectedTagsNotifier","",""
"","2","지난 이벤트 (startTime이 어제 이전) → USED","test/src/features/ticket/logic/boarding_pass_status_test.dart","2026-05-24","passed","2026-05-24","","boardingPassStatus","",""
"","3","returns zeros when no items","test/src/data/repositories/settlement_repository_test.dart","2026-05-24","passed","2026-05-24","getSettlementDashboard","SettlementRepository","",""
"","39","openLocationEdit works with null initial values","test/src/features/party/event/create/event_create_coordinator_test.dart","2026-05-24","passed","2026-05-24","","EventCreateCoordinator","",""
"","21","createTicket calls repo.createTicket and sets AsyncData","test/src/features/ticket/ticket_controller_test.dart","2026-05-24","passed","2026-05-24","","TicketController","",""
"","5","wraps AuthException into MinglitAuthException","test/src/utils/exceptions_test.dart","2026-05-24","passed","2026-05-24","","MinglitException.from","",""
"","2","throws on error","test/src/data/repositories/event_repository_queries_test.dart","2026-05-24","passed","2026-05-24","getApplicationById","EventRepository Queries","",""
"","3","toDbJson includes visibility","test/src/data/models/party_test.dart","2026-05-24","passed","2026-05-24","","Party","",""
"","171","dismiss reject sheet without confirming does not mark application","test/src/features/party/event/review/event_application_review_carousel_page_test.dart","2026-05-24","passed","2026-05-24","","","",""
"","4","State is fullOrSoldOut when event is at capacity","test/src/features/event/admission/event_admission_controller_test.dart","2026-05-24","passed","2026-05-24","","EventAdmissionController","",""
"","5","preserves PGroonga relevance order, not DB insertion order","test/src/data/repositories/event_repository_queries_test.dart","2026-05-24","passed","2026-05-24","searchEvents","EventRepository Queries","",""
"","9","loadMore appends next page to existing events","test/src/features/tag/logic/tag_event_list_controller_test.dart","2026-05-24","passed","2026-05-24","","TagEventListController","",""
"","3","wraps TimeoutException into network error","test/src/utils/exceptions_test.dart","2026-05-24","passed","2026-05-24","","MinglitException.from","",""
"","29","renders with different colors","test/src/ui/widgets/common/minglit_badge_test.dart","2026-05-24","passed","2026-05-24","","MinglitBadge","",""
"","612","renders static label 정산 항목","test/src/features/settlement/widgets/settlement_card_test.dart","2026-05-24","passed","2026-05-24","","SettlementCard widget","",""
"","4","throws on EF error","test/src/data/repositories/recurrence_rule_repository_test.dart","2026-05-24","passed","2026-05-24","update","RecurrenceRuleRepository","",""
"","76","placeholder header does not overflow on mobile width","test/src/features/more/more_page_test.dart","2026-05-24","passed","2026-05-24","","MorePage","",""
"","160","확정 인원이 있으면 정보 수정 시 잠금 SnackBar가 표시된다","test/src/features/party/event/detail/event_detail_page_smoke_test.dart","2026-05-24","passed","2026-05-24","","EventDetailPage (Fix #2109)","",""
"","4","rethrows on error","test/src/data/repositories/notification_repository_test.dart","2026-05-24","passed","2026-05-24","getNotifications","NotificationRepository","",""
"","740","watches consentControllerProvider to prevent disposal during async flow","test/src/features/verification/ui/identity_verification_screen_test.dart","2026-05-24","passed","2026-05-24","","IdentityVerificationScreen","",""
"","40","이벤트 7일 이상 전이면 100% 환불 (cutoff 합격)","test/minglit_kit_test.dart","2026-05-24","passed","2026-05-24","","RefundCalculator","",""
"","100","save button disabled when no changes","test/src/features/party/event/edit/event_edit_page_test.dart","2026-05-24","passed","2026-05-24","","","",""
"","7","serializes to JSON and back","test/src/data/models/user_profile_test.dart","2026-05-24","passed","2026-05-24","","UserProfile","",""
"","7","rejected when application status is rejected","test/src/features/event/admission/admission_state_edge_cases_test.dart","2026-05-24","passed","2026-05-24","","EventAdmissionController - edge cases","",""
"","6","returns all optional keys when none are defined","test/src/config/env_keystore_test.dart","2026-05-24","passed","2026-05-24","missingOptional","EnvKeyStore","",""
"","317","정산 내역 탭 전환 시 크래시 없이 렌더링된다","test/src/features/settlement/ui/settlement_smoke_test.dart","2026-05-24","passed","2026-05-24","","SettlementPage smoke","",""
"","100","visible when provider is true and callback is set","test/ui/widgets/bug_reporter_wrapper_test.dart","2026-05-24","passed","2026-05-24","","BugReportFab","",""
"","22","rejected uses error color","test/src/common/widgets/status_badge_test.dart","2026-05-24","passed","2026-05-24","","StatusBadge","",""
"","3","within cutoff days → full refund","test/src/utils/refund_calculator_test.dart","2026-05-24","passed","2026-05-24","","RefundCalculator binary policy","",""
"","2","throws on error","test/src/data/repositories/event_repository_queries_test.dart","2026-05-24","passed","2026-05-24","getTodayEvents","EventRepository Queries","",""
"","4","throws on error","test/src/data/repositories/partner_application_repository_test.dart","2026-05-24","passed","2026-05-24","reviewApplication","PartnerApplicationRepository","",""
"","3","pending label is 정산 대기","test/src/features/settlement/widgets/settlement_status_badge_test.dart","2026-05-24","passed","2026-05-24","","SettlementStatus.label","",""
"","207","from=//evil.com: injection 방지 — 홈으로 리다이렉트","test/integration/edge_cases_test.dart","2026-05-24","passed","2026-05-24","","Edge Cases","",""
"","3","/events/:id/qr redirects to /login when not logged in","test/src/routing/app_router_redirect_test.dart","2026-05-24","passed","2026-05-24","","protected paths — unauthenticated","",""
"","4","completes with empty templates (delete only)","test/src/data/repositories/party_repository_test.dart","2026-05-24","passed","2026-05-24","replaceEntryGroupTemplates","PartyRepository (matching)","",""
"","51","from이 null이면 홈(/)으로 go한다","test/src/features/consent/logic/consent_coordinator_test.dart","2026-05-24","passed","2026-05-24","","completeSignup — 홈으로 이동 (push 없음)","",""
"","152","non-null url produces ClipOval delegate to MinglitImage","test/src/common/widgets/minglit_avatar_image_test.dart","2026-05-24","passed","2026-05-24","","","",""
"","809","shows TicketSelectionSheet as bottom sheet","test/src/features/ticket/logic/ticket_coordinator_test.dart","2026-05-24","passed","2026-05-24","showTicketSelection","TicketCoordinator","",""
"","4","State is eventEnded when event is completed and user has no application","test/src/features/event/admission/event_admission_controller_test.dart","2026-05-24","passed","2026-05-24","","Ended event states","",""
"","6","higher-urgency phases sort before lower-urgency ones","test/src/features/tickets/logic/active_event_banners_provider_test.dart","2026-05-24","passed","2026-05-24","","activeEventBannersProvider","",""
"","2","totalNetAmount parses double from Supabase numeric column","test/src/data/models/settlement_item_detail_test.dart","2026-05-24","passed","2026-05-24","","PayoutSummary.fromJson — Fix #1926 numeric coercion","",""
"","51","shows status badge","test/src/features/my_tickets/ui/my_tickets_page_test.dart","2026-05-24","passed","2026-05-24","","MyTicketCard","",""
"","40","matching phase shows disabled 매칭 결과를 기다리고 있습니다","test/src/features/tickets/event_ongoing_banner_test.dart","2026-05-24","passed","2026-05-24","","","",""
"","5","tabBar uses partner primary","test/src/theme/minglit_theme_test.dart","2026-05-24","passed","2026-05-24","","partnerTheme","",""
"","13","calls repository signInWithEmail","test/src/features/auth/logic/auth_controller_test.dart","2026-05-24","passed","2026-05-24","signInWithEmail","AuthController","",""
"","74","Fix #2354: AppBar shows PARTNER wordmark, not bare minglit logo","test/src/features/home/partner_home_page_test.dart","2026-05-24","passed","2026-05-24","","PartnerHomePage","",""
"","39","returns current user from auth client","test/src/data/repositories/auth_repository_test.dart","2026-05-24","passed","2026-05-24","currentUser","AuthRepository","",""
"","2","1ms past grace period boundary + outside cutoff → no refund","test/src/utils/refund_calculator_test.dart","2026-05-24","passed","2026-05-24","","RefundCalculator binary policy","",""
"","8","uses password sign-in when has_password flag is true","test/src/data/repositories/account_repository_test.dart","2026-05-24","passed","2026-05-24","reauthenticate","AccountRepository","",""
"","7","omits verification_data from request body when null","test/src/data/repositories/event_repository_commands_test.dart","2026-05-24","passed","2026-05-24","","EventRepository.applyEvent","",""
"","57","hasAnyEvents is true even when activeEvents is empty","test/src/features/home/partner_dashboard_controller_test.dart","2026-05-24","passed","2026-05-24","","PartnerDashboardController","",""
"","3","throws on RPC error","test/src/data/repositories/event_repository_queries_test.dart","2026-05-24","passed","2026-05-24","getEntryGroupParticipantCounts","EventRepository Queries","",""
"","7","sets AsyncError when recurrenceRuleRepository.create() throws","test/src/features/party/event/create/event_create_controller_recurrence_test.dart","2026-05-24","passed","2026-05-24","","EventCreateController.submit — recurrence create() failure","",""
"","75","does not show loading indicator when hasMore is false","test/src/features/home/home_page_test.dart","2026-05-24","passed","2026-05-24","","HomePage","",""
"","2","parses string map with success=true","test/src/features/iamport/data/model/iamport_result_model_test.dart","2026-05-24","passed","2026-05-24","fromMap","IamportResultModel","",""
"","2","dark error matches light error (shared)","test/src/common/widgets/status_badge_test.dart","2026-05-24","passed","2026-05-24","","MinglitColorSet — semantic color tokens","",""
"","382","무료 티켓 영수증 버튼 탭 시 신청 확인서 다이얼로그가 표시된다","test/src/features/payment/ui/purchase_history_card_test.dart","2026-05-24","passed","2026-05-24","","PurchaseHistoryCard — Fix #2076 무료 티켓 영수증 버튼 회귀 테스트","",""
"","96","shows 다시 신청하기 when rejected","test/src/features/payment/ui/event_application_review_page_test.dart","2026-05-24","passed","2026-05-24","","EventApplicationReviewPage — #2095","",""
"","7","theme has elevated button theme","test/src/theme/minglit_theme_test.dart","2026-05-24","passed","2026-05-24","","MinglitTheme","",""
"","302","Step 1 (verification) renders step indicator + form content","test/integration/flow_ticket_application_test.dart","2026-05-24","passed","2026-05-24","","EventApplicationWizardPage","",""
"","5","build with null partner returns empty state","test/src/features/verification/verification_manage_controller_test.dart","2026-05-24","passed","2026-05-24","","VerificationManageController","",""
"","143","renders action button when both label and callback provided","test/src/ui/widgets/common/minglit_empty_state_test.dart","2026-05-24","passed","2026-05-24","","MinglitEmptyState","",""
"","576","renders child directly in non-web environment (kIsWeb=false)","test/src/features/auth/ui/staff_guard_wrapper_test.dart","2026-05-24","passed","2026-05-24","","StaffGuardWrapper","",""
"","5","pushInfo keeps custom reason detail out of the URL","test/src/features/account_deletion/account_deletion_coordinator_test.dart","2026-05-24","passed","2026-05-24","","AccountDeletionCoordinator","",""
"","8","provider error field is set when getUserProfile throws","test/src/features/event/admission/event_admission_controller_test.dart","2026-05-24","passed","2026-05-24","","EventAdmissionController — error paths (Fix #1287)","",""
"","53","renders empty state when no history","test/src/features/payment/ui/purchase_history_screen_test.dart","2026-05-24","passed","2026-05-24","","PurchaseHistoryPage","",""
"","39","initial state is empty string","test/src/features/explore/providers/explore_filter_integration_test.dart","2026-05-24","passed","2026-05-24","","SearchQuery provider","",""
"","194","shows validation error for short keyword","test/src/features/onboarding/widgets/address_search_dialog_test.dart","2026-05-24","passed","2026-05-24","","AddressSearchDialog","",""
"","891","renders card without crash when paymentAmount is null","test/src/features/payment/ui/purchase_history_card_test.dart","2026-05-24","passed","2026-05-24","","PurchaseHistoryCard — Fix #270 회귀 테스트","",""
"","3","canCancel returns false when event is null (no event info)","test/src/features/payment/logic/purchase_history_controller_test.dart","2026-05-24","passed","2026-05-24","","PurchaseHistoryController.canCancel — Fix #1235","",""
"","3","stateMap에 없는 이벤트는 WAITING 그룹으로 분류","test/src/features/home/widgets/event_now_multi_stack_test.dart","2026-05-24","passed","2026-05-24","","sortActiveEvents — 정렬 로직","",""
"","3","wraps PostgrestException into MinglitSystemException","test/src/utils/exceptions_test.dart","2026-05-24","passed","2026-05-24","","MinglitException.from","",""
"","38","renders card for paused rule","test/src/features/party/recurrence/recurrence_rule_summary_card_test.dart","2026-05-24","passed","2026-05-24","","RecurrenceRuleSummaryCard","",""
"","4","returns null when not found","test/src/data/repositories/location_repository_test.dart","2026-05-24","passed","2026-05-24","getLocationById","LocationRepository","",""
"","50","renders 4 navigation destinations (settlement hidden)","test/src/ui/shell/partner_scaffold_test.dart","2026-05-24","passed","2026-05-24","","PartnerScaffold bottom navigation — staff (no settlement access)","",""
"","3","returns null when item not found","test/src/data/repositories/settlement_repository_test.dart","2026-05-24","passed","2026-05-24","getSettlementItemDetail","SettlementRepository","",""
"","3","partner profile fields are excluded from JSON","test/src/data/models/matching_test.dart","2026-05-24","passed","2026-05-24","","MatchPair","",""
"","3","createFromParty metadata is a deep copy","test/src/data/models/event_test.dart","2026-05-24","passed","2026-05-24","","Event","",""
"","122","Phase 5: review CTA button is tappable","test/src/features/home/widgets/event_now_bottom_sheet_test.dart","2026-05-24","passed","2026-05-24","","EventNowBottomSheet","",""
"","4","throws MinglitUserException on non-200","test/src/data/repositories/event_repository_commands_test.dart","2026-05-24","passed","2026-05-24","","EventRepository.rejectApplication","",""
"","30","negative daysUntil treated as today","test/src/ui/widgets/common/minglit_dday_chip_test.dart","2026-05-24","passed","2026-05-24","","MinglitDDayChip","",""
"","25","renders label text for failed","test/src/features/settlement/widgets/settlement_status_badge_test.dart","2026-05-24","passed","2026-05-24","","SettlementStatusBadge widget","",""
"","91","shows 모든 신청 검토 완료 after last mark","test/src/features/party/event/review/event_application_review_carousel_page_test.dart","2026-05-24","passed","2026-05-24","","","",""
"","3","parses optional datetime fields","test/src/data/models/settlement_item_detail_test.dart","2026-05-24","passed","2026-05-24","","SettlementItemDetail.fromJson","",""
"","101","개인정보처리방침 탭 시 바텀시트가 열린다","test/src/features/settings/privacy_page_test.dart","2026-05-24","passed","2026-05-24","","","",""
"","515","개인정보 tap → PrivacyPage — 동의 현황 표시","test/integration/flow_my_page_test.dart","2026-05-24","passed","2026-05-24","","MyPage 메뉴 탭","",""
"","39","shows D-2 badge for event two days away","test/src/features/home/widgets/closing_soon_events_card_test.dart","2026-05-24","passed","2026-05-24","","ClosingSoonEventsCard","",""
"","32","shows drag handle by default","test/src/ui/widgets/common/minglit_bottom_sheet_test.dart","2026-05-24","passed","2026-05-24","","MinglitBottomSheet","",""
"","1496","비로그인: /signup/consent 접근 시 LoginPage로 리다이렉트","test/integration/consent_redirect_test.dart","2026-05-24","passed","2026-05-24","","Signup Consent Redirect Flow","",""
"","4","completes successfully","test/src/data/repositories/auth_repository_test.dart","2026-05-24","passed","2026-05-24","signOut","AuthRepository","",""
"","4","Fix #1740: uses entry_group_templates table (not entry_groups)","test/src/data/repositories/party_repository_test.dart","2026-05-24","passed","2026-05-24","replaceEntryGroupTemplates","PartyRepository (matching)","",""
"","453","로그인 상태: /login 접근 시 홈으로 리다이렉트","test/integration/login_page_test.dart","2026-05-24","passed","2026-05-24","","Login Page","",""
"","6","updateDescription updates state","test/src/features/party/create/party_create_wizard_controller_test.dart","2026-05-24","passed","2026-05-24","step 1: basic info","PartyCreateWizardController","",""
"","23","auth change with null email does not save staff token","test/src/features/auth/ui/staff_guard_wrapper_test.dart","2026-05-24","passed","2026-05-24","","StaffGuardWrapper","",""
"","4","passes empty tagIds to clear all tags","test/src/data/repositories/party_repository_test.dart","2026-05-24","passed","2026-05-24","updateParty","PartyRepository","",""
"","7","returns empty list when no submission found","test/src/data/repositories/verification_query_repository_test.dart","2026-05-24","passed","2026-05-24","getVerificationComments","VerificationRepository","",""
"","30","shows ENDED status for completed event","test/src/features/home/widgets/event_now_bar_test.dart","2026-05-24","passed","2026-05-24","","EventNowBar","",""
"","34","shows correct count for large number of applicants","test/src/features/home/widgets/pending_applicants_badge_card_test.dart","2026-05-24","passed","2026-05-24","","PendingApplicantsBadgeCard","",""
"","3","goToLogin calls router.go with login path","test/src/features/auth/logic/auth_coordinator_test.dart","2026-05-24","passed","2026-05-24","","AuthCoordinator","",""
"","7","throws MinglitUserException on non-200 response with error message","test/src/data/repositories/event_repository_commands_test.dart","2026-05-24","passed","2026-05-24","","EventRepository.applyEvent","",""
"","730","renders without Scaffold — embeddable standalone","test/src/features/event/matching/matching_vote_content_test.dart","2026-05-24","passed","2026-05-24","","MatchingVoteContent","",""
"","4","maps email not confirmed message","test/src/utils/exceptions_test.dart","2026-05-24","passed","2026-05-24","","MinglitException.from","",""
"","4","throws on error","test/src/data/repositories/event_repository_queries_test.dart","2026-05-24","passed","2026-05-24","getMyTickets","EventRepository Queries","",""
"","545","로그인 상태: 구매 내역 탭 → PurchaseHistoryPage","test/integration/my_page_test.dart","2026-05-24","passed","2026-05-24","","MyPage Flow","",""
"","17","(setUpAll)","test/src/features/checkin/checkin_controller_test.dart","2026-05-24","passed","2026-05-24","processQR","CheckinController","",""
"","77","cancel button is disabled when canCancel is false","test/src/features/payment/ui/purchase_history_detail_page_test.dart","2026-05-24","passed","2026-05-24","","PurchaseHistoryDetailPage — #2095","",""
"","1743","홈 → 알림 아이콘 tap → NotificationListScreen","test/integration/flow_notification_routing_test.dart","2026-05-24","passed","2026-05-24","","알림 플로우","",""
"","26","does not display title when null","test/src/ui/widgets/common/minglit_bottom_sheet_test.dart","2026-05-24","passed","2026-05-24","","MinglitBottomSheet","",""
"","13","creates from JSON with all fields","test/src/data/models/party_test.dart","2026-05-24","passed","2026-05-24","","Party","",""
"","5","returns true for provisional Firebase authorization","test/src/features/notification/notification_service_test.dart","2026-05-24","passed","2026-05-24","","_ensureNotificationPermission (#1687)","",""
"","4","pushEventDetail delegates to AppCoordinator","test/src/features/home/logic/home_coordinator_test.dart","2026-05-24","passed","2026-05-24","","HomeCoordinator","",""
"","3","creates with all fields","test/src/features/event/admission/admission_button_config_test.dart","2026-05-24","passed","2026-05-24","","AdmissionState","",""
"","49","returns party when found","test/src/data/repositories/party_repository_test.dart","2026-05-24","passed","2026-05-24","getPartyById","PartyRepository","",""
"","116","HomePage renders sort filter chips","test/widget_test.dart","2026-05-24","passed","2026-05-24","","","",""
"","4","minglit://explore/events (scheme URL) redirects to /","test/src/routing/app_router_redirect_test.dart","2026-05-24","passed","2026-05-24","","/explore paths — redirect to home","",""
"","3","State is eventEnded when event is completed and user is not logged in","test/src/features/event/admission/event_admission_controller_test.dart","2026-05-24","passed","2026-05-24","","Ended event states","",""
"","36","renders PENDING status badge","test/src/features/settlement/widgets/settlement_card_test.dart","2026-05-24","passed","2026-05-24","","SettlementCard widget","",""
"","7","throws on db error","test/src/data/repositories/settlement_repository_test.dart","2026-05-24","passed","2026-05-24","getSettlementDashboard","SettlementRepository","",""
"","19","eligible when no entry groups and no tickets","test/src/features/event/admission/admission_state_edge_cases_test.dart","2026-05-24","passed","2026-05-24","","EventAdmissionController - edge cases","",""
"","1133","/search 라우트 → SearchPage 이동","test/integration/flow_search_test.dart","2026-05-24","passed","2026-05-24","","SearchPage","",""
"","31","완충률 50–89% — warning 색상 진행률 바","test/src/features/checkin/widgets/entry_group_row_test.dart","2026-05-24","passed","2026-05-24","","EntryGroupRow","",""
"","3","produces correct map with existing key updated","test/src/data/models/metadata_key_test.dart","2026-05-24","passed","2026-05-24","","MetadataMapX.withValue","",""
"","16","throws on error","test/src/data/repositories/event_repository_queries_test.dart","2026-05-24","passed","2026-05-24","getEventById","EventRepository Queries","",""
"","68","creates from provider","test/src/features/party/detail/party_detail_coordinator_test.dart","2026-05-24","passed","2026-05-24","","PartyDetailCoordinator","",""
"","39","does not show empty state text when events exist","test/src/features/home/widgets/upcoming_events_card_test.dart","2026-05-24","passed","2026-05-24","","UpcomingEventsCard","",""
"","30","semanticLabel is forwarded to underlying Image","test/ui/widgets/common/minglit_image_test.dart","2026-05-24","passed","2026-05-24","Semantics","MinglitImage","",""
"","6","returns null when no active rule exists","test/src/data/repositories/recurrence_rule_repository_test.dart","2026-05-24","passed","2026-05-24","getByPartyId","RecurrenceRuleRepository","",""
"","38","shows green positive change text when change is greater than zero","test/src/features/home/widgets/weekly_stats_row_test.dart","2026-05-24","passed","2026-05-24","","WeeklyStatsRow","",""
"","2","value with only spaces returns as-is","test/src/features/settlement/widgets/download_bottom_sheet_test.dart","2026-05-24","passed","2026-05-24","","escapeCsv","",""
"","25","empty path placeholder respects semanticLabel","test/ui/widgets/common/minglit_image_test.dart","2026-05-24","passed","2026-05-24","Semantics","MinglitImage","",""
"","597","로그인 상태: /login 접근 시 홈으로 리다이렉트","test/integration/auth_redirect_test.dart","2026-05-24","passed","2026-05-24","","Auth Redirect Flow","",""
"","235","keeps cached event visible when state resolution fails","test/src/features/home/widgets/event_now_bar_test.dart","2026-05-24","passed","2026-05-24","","EventNowBar","",""
"","13","calls save_user_consents RPC with correct params","test/src/data/repositories/consent_repository_test.dart","2026-05-24","passed","2026-05-24","saveConsents","ConsentRepository","",""
"","3","parses description when it is a String (legacy data)","test/src/data/models/party_test.dart","2026-05-24","passed","2026-05-24","","Party","",""
"","79","getMyApplication is called exactly once — no rebuild loop (regression #2074)","test/src/features/onboarding/partner_apply_status_page_test.dart","2026-05-24","passed","2026-05-24","","PartnerApplyStatusPage","",""
"","4","returns empty list when no purchases","test/src/data/repositories/event_repository_queries_test.dart","2026-05-24","passed","2026-05-24","getMyPurchaseHistory","EventRepository Queries","",""
"","3","throws on database error","test/src/data/repositories/event_repository_queries_test.dart","2026-05-24","passed","2026-05-24","getTodayActiveEventsForUser","EventRepository Queries","",""
"","3","passes event_id and voter_id filters to the query","test/src/data/repositories/matching_repository_test.dart","2026-05-24","passed","2026-05-24","getMyVoteCount","MatchingRepository","",""
"","2","clears endDate with null","test/src/features/party/logic/recurrence_settings_controller_test.dart","2026-05-24","passed","2026-05-24","setEndDate","RecurrenceSettingsController","",""
"","4","returns matching tags for query","test/src/data/repositories/tag_repository_test.dart","2026-05-24","passed","2026-05-24","searchTags","TagRepository","",""
"","44","shows multiple event titles when multiple events given","test/src/features/home/widgets/closing_soon_events_card_test.dart","2026-05-24","passed","2026-05-24","","ClosingSoonEventsCard","",""
"","8","matchingReady when checked-in + ongoing + candidates + no votes","test/src/features/tickets/logic/active_event_banners_provider_test.dart","2026-05-24","passed","2026-05-24","","activeEventBannersProvider","",""
"","31","creates from JSON","test/src/data/models/matching_test.dart","2026-05-24","passed","2026-05-24","","MatchRule","",""
"","70","shows approve/reject buttons for pending tab","test/src/features/application/ui/event_application_manage_page_test.dart","2026-05-24","passed","2026-05-24","","EventApplicationManagePage","",""
"","3","creates modified copy","test/src/features/iamport/data/model/iamport_result_model_test.dart","2026-05-24","passed","2026-05-24","copyWith","IamportResultModel","",""
"","59","returns location when found","test/src/data/repositories/location_repository_test.dart","2026-05-24","passed","2026-05-24","getLocationById","LocationRepository","",""
"","10","born 25 years ago returns 25","test/src/utils/age_util_test.dart","2026-05-24","passed","2026-05-24","calculateManAge","AgeUtil","",""
"","741","shows empty state when no rule","test/src/features/party/recurrence/recurrence_management_screen_test.dart","2026-05-24","passed","2026-05-24","","RecurrenceManagementScreen","",""
"","99","approved-only applications do not appear in 승인됨 tab","test/src/features/party/event/detail/event_application_list_page_test.dart","2026-05-24","passed","2026-05-24","","승인됨 tab","",""
"","4","from이 /이면 홈(/)으로 go한다","test/src/features/consent/logic/consent_coordinator_test.dart","2026-05-24","passed","2026-05-24","","completeSignup — 홈으로 이동 (push 없음)","",""
"","2","fromJson maps recent_count to recentCount","test/src/data/repositories/tag_repository_test.dart","2026-05-24","passed","2026-05-24","","Tag model","",""
"","12","returns empty list when user not authenticated","test/src/data/repositories/verification_query_repository_test.dart","2026-05-24","passed","2026-05-24","getRequestsByStatus","VerificationRepository","",""
"","10","cancelDeletion reloads status after success","test/src/features/account_deletion/logic/account_deletion_controller_test.dart","2026-05-24","passed","2026-05-24","","AccountDeletionController","",""
"","346","홈 AsyncData → 이벤트 카드 리스트 렌더링","test/integration/flow_event_browse_test.dart","2026-05-24","passed","2026-05-24","","이벤트 탐색 플로우 — 홈→상세→파트너","",""
"","14","필터 변경 시 serverOffset 0으로 리셋 후 재로드","test/src/features/explore/providers/recommendation_feed_notifier_test.dart","2026-05-24","passed","2026-05-24","필터 변경 시 리셋","RecommendationFeedNotifier","",""
"","78","renders correct labels for all 5 tabs","test/src/ui/shell/partner_scaffold_test.dart","2026-05-24","passed","2026-05-24","","PartnerScaffold bottom navigation — owner (settlement access)","",""
"","117","applied → ""이미 신청한 이벤트"" (enabled)","test/integration/flow_admission_status_test.dart","2026-05-24","passed","2026-05-24","","AdmissionStatus 버튼 렌더링 (8가지 상태)","",""
"","7","returns created event on success","test/src/data/repositories/party_repository_test.dart","2026-05-24","passed","2026-05-24","createEvent","PartyRepository (events)","",""
"","31","renders with title and handle together","test/src/ui/widgets/common/minglit_bottom_sheet_test.dart","2026-05-24","passed","2026-05-24","","MinglitBottomSheet","",""
"","3","creates with minimal fields and defaults","test/src/data/models/verification_test.dart","2026-05-24","passed","2026-05-24","","Verification","",""
"","115","shows relative payment date when paidAt is provided","test/src/features/party/event/detail/event_application_list_page_test.dart","2026-05-24","passed","2026-05-24","","승인됨 tab — relative payment date","",""
"","349","eligible → ""참가 신청하기"" (enabled)","test/integration/flow_admission_status_test.dart","2026-05-24","passed","2026-05-24","","AdmissionStatus 버튼 렌더링 (8가지 상태)","",""
"","839","Fix #2358: − 버튼에 tooltip ""수량 감소""가 존재한다","test/src/features/ticket/ui/ticket_selection_sheet_test.dart","2026-05-24","passed","2026-05-24","","TicketSelectionSheet quantity stepper","",""
"","99","알림 스와이프 → Dismissible 삭제","test/integration/flow_notification_routing_test.dart","2026-05-24","passed","2026-05-24","","알림 플로우","",""
"","1105","더 보기 탭 시 /partners/:id/events push — #2137 회귀 가드","test/src/features/partner/detail/partner_detail_page_navigation_test.dart","2026-05-24","passed","2026-05-24","","","",""
"","7","취소 이벤트: events.status = cancelled → ENDED","test/src/features/home/logic/event_now_bar_state_provider_test.dart","2026-05-24","passed","2026-05-24","","eventNowBarStateProvider — 6-state 상태 머신","",""
"","8","returns ticket balance map","test/src/data/repositories/event_repository_queries_test.dart","2026-05-24","passed","2026-05-24","getTicketBalanceStatus","EventRepository Queries","",""
"","5","updates service_notification optimistically","test/src/features/notification/logic/notification_settings_controller_test.dart","2026-05-24","passed","2026-05-24","updateSetting","NotificationSettingsController","",""
"","1","MinglitSpacing values are ordered","test/src/theme/minglit_theme_test.dart","2026-05-24","passed","2026-05-24","","MinglitDesignTokens","",""
"","23","(setUpAll)","test/src/features/party/event/create/event_create_controller_recurrence_test.dart","2026-05-24","passed","2026-05-24","","","",""
"","3","(tearDownAll)","test/src/features/party/event/edit/event_edit_page_test.dart","2026-05-24","passed","2026-05-24","","","",""
"","3","signInWithKakao calls repository and remains AsyncLoading after success (awaits OAuth redirect callback on all platforms)","test/src/features/auth/auth_state_provider_test.dart","2026-05-24","passed","2026-05-24","","AuthController","",""
"","45","logs error via Log.e and restores state on exception","test/src/logic/feed_state_provider_test.dart","2026-05-24","passed","2026-05-24","loadMore","RecommendationFeedNotifier","",""
"","64","데이터 로드 시 AppBar 제목 ""구매 내역""이 표시된다","test/src/features/purchase/ui/purchase_history_smoke_test.dart","2026-05-24","passed","2026-05-24","","PurchaseHistoryPage smoke","",""
"","107","calls updateParty, replaceEntryGroupTemplates, invalidates providers","test/src/features/party/create/party_create_wizard_edit_submit_test.dart","2026-05-24","passed","2026-05-24","","_submitEdit — basic flow","",""
"","1168","shows blocking actions and disables submit when blockers exist","test/src/features/account_deletion/deletion_verify_page_test.dart","2026-05-24","passed","2026-05-24","","","",""
"","69","creates from provider","test/src/features/more/more_coordinator_test.dart","2026-05-24","passed","2026-05-24","","MoreCoordinator","",""
"","45","submit button shows correct count label","test/src/features/party/event/review/event_application_review_confirm_page_test.dart","2026-05-24","passed","2026-05-24","","","",""
"","3","throws on RPC error","test/src/data/repositories/consent_repository_test.dart","2026-05-24","passed","2026-05-24","saveConsents","ConsentRepository","",""
"","36","label is accessible via semantics","test/src/ui/widgets/common/minglit_text_field_test.dart","2026-05-24","passed","2026-05-24","","MinglitTextField","",""
"","2","born this year returns 0","test/src/utils/age_util_test.dart","2026-05-24","passed","2026-05-24","calculateManAge","AgeUtil","",""
"","29","text is findable by semantics","test/src/ui/widgets/common/minglit_tag_test.dart","2026-05-24","passed","2026-05-24","","MinglitTag","",""
"","3","throws MinglitUserException when non-200","test/src/data/repositories/event_repository_commands_test.dart","2026-05-24","passed","2026-05-24","","EventRepository.cancelPayment","",""
"","42","shows remaining votes count","test/src/features/event/matching/matching_vote_content_test.dart","2026-05-24","passed","2026-05-24","","MatchingVoteContent","",""
"","5","completes with templates (delete + insert)","test/src/data/repositories/party_repository_test.dart","2026-05-24","passed","2026-05-24","replaceEntryGroupTemplates","PartyRepository (matching)","",""
"","4","does nothing when user is null","test/src/features/consent/logic/consent_controller_test.dart","2026-05-24","passed","2026-05-24","","ConsentController","",""
"","2","preserves stack trace","test/src/utils/exceptions_test.dart","2026-05-24","passed","2026-05-24","","MinglitException.from","",""
"","19","has exactly 6 enum values","test/src/features/onboarding/onboarding_state_provider_test.dart","2026-05-24","passed","2026-05-24","","OnboardingState","",""
"","4","returns empty map when no tickets","test/src/data/repositories/event_repository_queries_test.dart","2026-05-24","passed","2026-05-24","getTicketBalanceStatus","EventRepository Queries","",""
"","626","#1699 unknown route shows RouteNotFoundPage instead of crashing","test/src/routing/route_not_found_error_handler_test.dart","2026-05-24","passed","2026-05-24","","","",""
"","4","Step 5 — 티켓 없으면 오류 반환","test/src/features/party/create/party_create_wizard_controller_test.dart","2026-05-24","passed","2026-05-24","currentStepValidationErrors","PartyCreateWizardController","",""
"","64","완료 버튼은 비활성화 — onPressed null","test/src/features/checkin/manual/manual_checkin_sheet_test.dart","2026-05-24","passed","2026-05-24","","ManualCheckinSheet","",""
"","6","sets AsyncError when updateParty repository call throws","test/src/features/party/create/party_create_wizard_edit_submit_test.dart","2026-05-24","passed","2026-05-24","","_submitEdit — error handling","",""
"","54","shows CHECK_IN_READY status text when start time has passed","test/src/features/home/widgets/event_now_bar_test.dart","2026-05-24","passed","2026-05-24","","EventNowBar","",""
"","98","renders at least 4 Dividers for section separation","test/src/features/more/more_page_test.dart","2026-05-24","passed","2026-05-24","","MorePage","",""
"","788","Android 뒤로가기 시 onBackToEvent 콜백이 호출된다","test/src/features/event/admission/payment_success_screen_test.dart","2026-05-24","passed","2026-05-24","","PaymentSuccessScreen (Fix #1656 회귀)","",""
"","4","target_entry_group_ids defaults to empty when null in RPC row","test/src/data/repositories/event_application_rpc_mapping_test.dart","2026-05-24","passed","2026-05-24","","mapEventApplicationRpcRow flat-to-nested transformation","",""
"","34","partner overlay is shown by default","test/src/ui/widgets/party/event_card_state_test.dart","2026-05-24","passed","2026-05-24","","EventCard state visualization","",""
"","26","renders 결제완료 for paid status","test/src/common/widgets/status_badge_test.dart","2026-05-24","passed","2026-05-24","","StatusBadge","",""
"","87","build loads active and archived lists","test/src/features/verification/verification_manage_controller_test.dart","2026-05-24","passed","2026-05-24","","VerificationManageController","",""
"","31","avatar takes precedence over leading","test/ui/widgets/common/minglit_list_tile_test.dart","2026-05-24","passed","2026-05-24","","MinglitListTile","",""
"","49","TICKET NO. 라벨 표시","test/src/features/ticket/ui/boarding_pass_card_test.dart","2026-05-24","passed","2026-05-24","","BoardingPassCard","",""
"","4","dispose: unsubscribe + timer cancel","test/src/features/home/logic/event_realtime_provider_test.dart","2026-05-24","passed","2026-05-24","","eventRealtimeProvider","",""
"","66","shows event title in hero card","test/src/features/party/event/detail/event_application_list_page_test.dart","2026-05-24","passed","2026-05-24","","대기중 tab content","",""
"","2","ongoing event with hasMatchResults=true and matchResultsViewedAt non-null returns resultsViewed","test/src/features/tickets/event_lifecycle_phase_resolver_test.dart","2026-05-24","passed","2026-05-24","","","",""
"","3","pushLogin pushes login route","test/src/features/event/logic/event_coordinator_test.dart","2026-05-24","passed","2026-05-24","","EventCoordinator","",""
"","55","loadMore with null partner stops loading without error","test/src/features/settlement/settlement_list_controller_test.dart","2026-05-24","passed","2026-05-24","","SettlementListController","",""
"","2","isCheckedIn=true with event.status==ongoing and no candidates returns checkedIn","test/src/features/tickets/event_lifecycle_phase_resolver_test.dart","2026-05-24","passed","2026-05-24","","","",""
"","10","returns pending status when deleted_at exists","test/src/data/repositories/account_repository_test.dart","2026-05-24","passed","2026-05-24","getDeletionStatus","AccountRepository","",""
"","70","tapping 승인 대기 chip invokes onPendingTap callback","test/src/features/home/widgets/todo_summary_chips_test.dart","2026-05-24","passed","2026-05-24","","TodoSummaryChips","",""
"","9","provider error field is set when getMyMatches throws on completed event","test/src/features/event/admission/event_admission_controller_test.dart","2026-05-24","passed","2026-05-24","","EventAdmissionController — error paths (Fix #1287)","",""
"","718","openBasicInfoEdit pushes a route","test/src/features/party/event/create/event_create_coordinator_test.dart","2026-05-24","passed","2026-05-24","","EventCreateCoordinator","",""
"","22","nextStep() increments currentStep and calls saveDraft","test/src/features/onboarding/partner_apply_controller_test.dart","2026-05-24","passed","2026-05-24","","PartnerApplyController","",""
"","932","calls updatePartyStatus(""active"") and shows success snackbar","test/src/features/party/detail/party_detail_coordinator_party_status_test.dart","2026-05-24","passed","2026-05-24","","PartyDetailCoordinator.activateParty","",""
"","116","전화 뒷자리 검색 — ""1234"" 입력 시 김민지만 표시","test/src/features/checkin/manual/manual_checkin_sheet_test.dart","2026-05-24","passed","2026-05-24","","ManualCheckinSheet","",""
"","3","goToPurchaseHistory calls router.go","test/src/features/payment/logic/payment_coordinator_test.dart","2026-05-24","passed","2026-05-24","","PaymentCoordinator","",""
"","63","is a no-op on the list when id is not found (does not add new group)","test/src/features/party/detail/party_detail_coordinator_entry_group_test.dart","2026-05-24","passed","2026-05-24","","updatePartyEntryGroup","",""
"","3","isApproved when verifiedResult exists","test/src/data/models/verification_test.dart","2026-05-24","passed","2026-05-24","","VerificationRequirementStatus","",""
"","2","file name format follows settlement_{id}_{timestamp}.csv pattern","test/src/features/settlement/widgets/download_bottom_sheet_test.dart","2026-05-24","passed","2026-05-24","","buildCsv","",""
"","59","wraps MatchingVoteContent in Scaffold with AppBar","test/src/features/event/matching/matching_vote_content_test.dart","2026-05-24","passed","2026-05-24","","MatchingVoteScreen","",""
"","8","JPEG 파일명이면 JPEG 시그니처로 재인코딩한다","test/src/utils/image_utils_test.dart","2026-05-24","passed","2026-05-24","","stripExifAndReencode","",""
"","55","renders child widget","test/src/ui/widgets/common/minglit_content_card_test.dart","2026-05-24","passed","2026-05-24","","MinglitContentCard","",""
"","4","completes when EF invoke succeeds","test/src/data/repositories/matching_repository_test.dart","2026-05-24","passed","2026-05-24","castVote","MatchingRepository","",""
"","3","assert fails when inline variant has onAction","test/src/ui/widgets/common/minglit_empty_state_test.dart","2026-05-24","passed","2026-05-24","","MinglitEmptyState - constructor assertions","",""
"","52","visibility=private → 비공개 스위치 ON","test/src/features/party/widgets/party_status_edit_sheet_test.dart","2026-05-24","passed","2026-05-24","","PartyStatusEditSheet — Fix #72 regression","",""
"","53","renders with default label when label is not specified","test/ui/widgets/common/minglit_file_picker_test.dart","2026-05-24","passed","2026-05-24","","MinglitFilePicker Widget Tests","",""
"","3","paidAt null + within cutoff → full refund","test/src/utils/refund_calculator_test.dart","2026-05-24","passed","2026-05-24","","RefundCalculator binary policy","",""
"","5","toggleConsent calls repository and reloads","test/src/features/consent/logic/consent_controller_test.dart","2026-05-24","passed","2026-05-24","","ConsentController","",""
"","3","includes description when provided","test/src/data/repositories/social_repository_test.dart","2026-05-24","passed","2026-05-24","reportPartner","SocialRepository","",""
"","14","throws exception when repository fails","test/src/features/event/logic/event_detail_controller_test.dart","2026-05-24","passed","2026-05-24","","EventDetailController","",""
"","59","compact variant renders smaller padding","test/src/ui/widgets/common/minglit_badge_test.dart","2026-05-24","passed","2026-05-24","","MinglitBadge","",""
"","169","non-digit account number shows format error","test/src/features/settlement/bank_account_page_test.dart","2026-05-24","passed","2026-05-24","","AccountEditForm — account number validation (Fix #1938)","",""
"","95","shows events with D-N badge when events exist","test/src/features/home/widgets/closing_soon_events_card_test.dart","2026-05-24","passed","2026-05-24","","ClosingSoonEventsCard","",""
"","11","returns exact count for requested refunds","test/src/data/repositories/event_repository_queries_test.dart","2026-05-24","passed","2026-05-24","getRequestedRefundCountForPartner","EventRepository Queries","",""
"","53","wraps carousel with Semantics(label: ""이미지 N / M"", image: true)","test/ui/widgets/common/minglit_image_carousel_test.dart","2026-05-24","passed","2026-05-24","Semantics","MinglitImageCarousel Widget Tests","",""
"","7","calls repository with correct eventId and userId","test/src/features/event/logic/event_my_application_provider_test.dart","2026-05-24","passed","2026-05-24","","eventMyApplicationProvider","",""
"","15","feed re-filters when eligibility data loads after events","test/src/features/explore/providers/recommendation_feed_notifier_test.dart","2026-05-24","passed","2026-05-24","Fix #173: eligibility data late arrival re-filters feed","RecommendationFeedNotifier","",""
"","2","completed event with isCheckedIn=false and hasMatchResults=false returns ended","test/src/features/tickets/event_lifecycle_phase_resolver_test.dart","2026-05-24","passed","2026-05-24","","","",""
"","4","getTicket returns null when storage throws","test/src/features/ticket/data/ticket_wallet_repository_test.dart","2026-05-24","passed","2026-05-24","","TicketWalletRepository","",""
"","6","returns false for cancelled application","test/src/data/repositories/event_repository_test.dart","2026-05-24","passed","2026-05-24","checkApplicationStatus","EventRepository","",""
"","8","throws on rpc error","test/src/data/repositories/partner_member_repository_test.dart","2026-05-24","passed","2026-05-24","getPartnerMembers","PartnerMemberRepository","",""
"","4","throws MinglitUserException on error response","test/src/data/repositories/verification_command_repository_test.dart","2026-05-24","passed","2026-05-24","restoreVerification","VerificationRepository (command)","",""
"","26","destructive renders ElevatedButton","test/src/ui/widgets/common/minglit_button_test.dart","2026-05-24","passed","2026-05-24","","MinglitButton","",""
"","1258","로그인 상태: MyPage에서 사용자 이름과 메뉴 표시","test/integration/my_page_test.dart","2026-05-24","passed","2026-05-24","","MyPage Flow","",""
"","3","saveDraft passes null for empty string fields to repository","test/src/features/onboarding/partner_apply_controller_test.dart","2026-05-24","passed","2026-05-24","Regression #1599: saveDraft omits null (empty-string) fields before insert/update","PartnerApplyController","",""
"","61","propagates error when partner fetch fails","test/src/features/party/list/party_list_controller_test.dart","2026-05-24","passed","2026-05-24","","partyList","",""
"","68","correctly sets partyId on the new group before persisting","test/src/features/party/detail/party_detail_coordinator_entry_group_test.dart","2026-05-24","passed","2026-05-24","","addPartyEntryGroup","",""
"","15","inserts new draft when id is empty","test/src/data/repositories/partner_application_repository_test.dart","2026-05-24","passed","2026-05-24","saveDraft","PartnerApplicationRepository","",""
"","2","fromJson — phone_last4 null 허용","test/src/features/checkin/manual/checkin_participant_test.dart","2026-05-24","passed","2026-05-24","","CheckinParticipant","",""
"","75","clear button is absent when text field is empty","test/src/features/search/search_page_a11y_test.dart","2026-05-24","passed","2026-05-24","","SearchPage a11y — Fix #2390","",""
"","4","updateCapacity updates min count","test/src/features/party/create/party_create_wizard_controller_test.dart","2026-05-24","passed","2026-05-24","step 3: capacity & contact","PartyCreateWizardController","",""
"","42","goToCreate pushes /more/parties/create","test/src/features/party/list/party_list_coordinator_test.dart","2026-05-24","passed","2026-05-24","","PartyListCoordinator","",""
"","214","empty tickets → ""현재 구매 가능한 티켓이 없습니다.""","test/integration/flow_ticket_application_test.dart","2026-05-24","passed","2026-05-24","","TicketSelectionSheet","",""
"","48","does not show history section when histories are empty","test/src/features/settlement/settlement_detail_page_test.dart","2026-05-24","passed","2026-05-24","","SettlementDetailPage","",""
"","62","배너 표시 중 opacity > 0 (애니메이션 방향 검증)","test/src/features/checkin/widgets/checkin_scanner_overlay_test.dart","2026-05-24","passed","2026-05-24","","CheckinScannerOverlay 배너","",""
"","2","JSON contains expected keys","test/src/data/models/user_profile_test.dart","2026-05-24","passed","2026-05-24","","UserProfile","",""
"","14","emits AsyncError when getEventById throws","test/src/features/party/event/detail/event_application_logic_test.dart","2026-05-24","passed","2026-05-24","","eventApplicationBundleProvider","",""
"","56","initial state has loading status","test/src/features/settlement/settlement_dashboard_controller_test.dart","2026-05-24","passed","2026-05-24","","SettlementDashboardController","",""
"","309","light theme uses transparent background SVG asset","test/src/theme/minglit_theme_test.dart","2026-05-24","passed","2026-05-24","","MinglitTheme.appBarLogo","",""
"","3","toggle one tag does not affect other selected tags","test/src/features/home/logic/selected_tags_provider_test.dart","2026-05-24","passed","2026-05-24","","SelectedTagsNotifier","",""
"","16","(setUpAll)","test/src/features/checkin/stats/entry_group_checkin_stats_controller_test.dart","2026-05-24","passed","2026-05-24","","","",""
"","89","does not render profile icon (person_outline)","test/src/features/home/home_page_app_bar_test.dart","2026-05-24","passed","2026-05-24","when user is logged in with avatar","HomePage AppBar - Auth-aware widgets","",""
"","93","개인정보 수집·이용 상세에서 관심 태그 파기 정책이 표시된다","test/src/features/settings/privacy_page_test.dart","2026-05-24","passed","2026-05-24","","","",""
"","3","value with double-quote escapes the quote and wraps","test/src/features/settlement/widgets/download_bottom_sheet_test.dart","2026-05-24","passed","2026-05-24","","escapeCsv","",""
"","3","value with comma is wrapped in quotes","test/src/features/settlement/widgets/download_bottom_sheet_test.dart","2026-05-24","passed","2026-05-24","","escapeCsv","",""
"","32","hides drag handle when showHandle is false","test/src/ui/widgets/common/minglit_bottom_sheet_test.dart","2026-05-24","passed","2026-05-24","","MinglitBottomSheet","",""
"","5","all 6 expected values exist","test/src/features/onboarding/onboarding_state_provider_test.dart","2026-05-24","passed","2026-05-24","","OnboardingState","",""
"","28","small size renders smaller than medium","test/src/ui/widgets/common/minglit_tag_test.dart","2026-05-24","passed","2026-05-24","","MinglitTag","",""
"","6","returns event when repository returns data","test/src/logic/providers/event_feed_provider_test.dart","2026-05-24","passed","2026-05-24","","eventDetailProvider","",""
"","8","rethrows AuthException on failure","test/src/data/repositories/auth_repository_test.dart","2026-05-24","passed","2026-05-24","signInWithEmail","AuthRepository","",""
"","988","info_outline icon is present, QR icon is absent","test/src/features/party/list/party_list_page_test.dart","2026-05-24","passed","2026-05-24","","PartyListPage AppBar — info icon (#2200)","",""
"","777","soldOut state shows 마감 overlay","test/src/ui/widgets/party/event_card_state_test.dart","2026-05-24","passed","2026-05-24","","EventCard state visualization","",""
"","150","체크인 버튼 탭 — 미체크인 참가자 이동","test/src/features/checkin/manual/manual_checkin_sheet_test.dart","2026-05-24","passed","2026-05-24","","ManualCheckinSheet","",""
"","28","renders with empty content child","test/src/ui/widgets/common/minglit_content_card_test.dart","2026-05-24","passed","2026-05-24","","MinglitContentCard","",""
"","38","card variant has background color and borderRadius","test/src/ui/widgets/common/minglit_empty_state_test.dart","2026-05-24","passed","2026-05-24","","MinglitEmptyState - card variant","",""
"","684","waiting phase shows 입장 QR 미리 보기","test/src/features/tickets/event_ongoing_banner_test.dart","2026-05-24","passed","2026-05-24","","","",""
"","88","dev env: 5 taps trigger onDevTrigger callback","test/widget_test.dart","2026-05-24","passed","2026-05-24","","","",""
"","195","clear button has tooltip when text is present","test/src/features/search/search_page_a11y_test.dart","2026-05-24","passed","2026-05-24","","SearchPage a11y — Fix #2390","",""
"","53","빈 구매 → ""구매 내역이 없습니다.""","test/integration/flow_my_page_test.dart","2026-05-24","passed","2026-05-24","","PurchaseHistoryPage","",""
"","5","completes without throwing exceptions","test/src/utils/environment_info_test.dart","2026-05-24","passed","2026-05-24","","collectEnvironmentInfo","",""
"","107","non-cancelled apps are not in 환불 tab","test/src/features/party/event/detail/event_application_list_page_test.dart","2026-05-24","passed","2026-05-24","","환불 tab","",""
"","32","obscures text when obscureText is true","test/src/ui/widgets/common/minglit_text_field_test.dart","2026-05-24","passed","2026-05-24","","MinglitTextField","",""
"","2","5개 초과 추가가 무시된다","test/src/features/party/create/widgets/tag_selection_section_test.dart","2026-05-24","passed","2026-05-24","","TagSelectionController","",""
"","3","parses all status values","test/src/data/models/verification_submission_test.dart","2026-05-24","passed","2026-05-24","","VerificationSubmission","",""
"","3","completes without error on 200 response","test/src/data/repositories/event_repository_commands_test.dart","2026-05-24","passed","2026-05-24","","EventRepository.confirmPayment","",""
"","4","toDbJson removes id and timestamps","test/src/data/models/party_test.dart","2026-05-24","passed","2026-05-24","","Party","",""
"","5","returns 5 dates for weekly pattern with Monday selected","test/src/features/party/logic/recurrence_settings_controller_test.dart","2026-05-24","passed","2026-05-24","previewDates","RecurrenceSettingsController","",""
"","4","removes token from SharedPreferences","test/src/data/repositories/staff_repository_test.dart","2026-05-24","passed","2026-05-24","clearStaffToken","StaffRepository","",""
"","50","shows skeleton loading while fetching events","test/src/features/home/widgets/event_now_bar_test.dart","2026-05-24","passed","2026-05-24","","EventNowBar","",""
"","137","calls onCreateParty callback when CTA button tapped and hasParty is false","test/src/features/home/widgets/onboarding_step_guide_test.dart","2026-05-24","passed","2026-05-24","","OnboardingStepGuide","",""
"","6","nextStep does nothing at last step","test/src/features/party/create/party_create_wizard_controller_test.dart","2026-05-24","passed","2026-05-24","step navigation","PartyCreateWizardController","",""
"","81","shows entry group cards","test/src/features/party/event/detail/event_application_list_page_test.dart","2026-05-24","passed","2026-05-24","","대기중 tab content","",""
"","3","pushNotificationSettings calls router.push","test/src/features/home/logic/home_coordinator_test.dart","2026-05-24","passed","2026-05-24","","HomeCoordinator","",""
"","8","markAllAsRead calls repository and refreshes","test/src/features/notification/notification_list_controller_test.dart","2026-05-24","passed","2026-05-24","","NotificationListController","",""
"","21","inline variant renders title text","test/src/ui/widgets/common/minglit_empty_state_test.dart","2026-05-24","passed","2026-05-24","","MinglitEmptyState - inline variant","",""
"","4","completes without error on 200 response","test/src/data/repositories/event_repository_commands_test.dart","2026-05-24","passed","2026-05-24","","EventRepository.approveApplication","",""
"","57","returns empty list when no required verification ids","test/src/features/party/detail/party_detail_controller_test.dart","2026-05-24","passed","2026-05-24","","partyVerifications","",""
"","60","ended state applies grayscale ColorFiltered","test/src/ui/widgets/party/event_card_state_test.dart","2026-05-24","passed","2026-05-24","","EventCard state visualization","",""
"","3","from이 빈 문자열이면 홈(/)으로 go한다","test/src/features/consent/logic/consent_coordinator_test.dart","2026-05-24","passed","2026-05-24","","completeSignup — 홈으로 이동 (push 없음)","",""
"","40","이벤트 2건일 때 카운트 배지 + 드롭다운 아이콘 표시","test/src/features/home/widgets/event_now_multi_stack_test.dart","2026-05-24","passed","2026-05-24","","EventNowMultiStack — 위젯","",""
"","6","succeeds when quantity >= sold_count","test/src/data/repositories/ticket_repository_test.dart","2026-05-24","passed","2026-05-24","updateTicket","TicketRepository","",""
"","43","(setUpAll)","test/src/features/settlement/ui/settlement_smoke_test.dart","2026-05-24","passed","2026-05-24","","","",""
"","3","returns non-pending status when deleted_at is null","test/src/data/repositories/account_repository_test.dart","2026-05-24","passed","2026-05-24","getDeletionStatus","AccountRepository","",""
"","3","optional fields default to null when absent","test/src/data/models/settlement_item_detail_test.dart","2026-05-24","passed","2026-05-24","","SettlementItemDetail.fromJson","",""
"","3","parses all target types","test/src/data/models/social_interaction_test.dart","2026-05-24","passed","2026-05-24","","SocialInteraction","",""
"","4","calls user-submit-verification EF when isPartner is false (default)","test/src/data/repositories/verification_command_repository_test.dart","2026-05-24","passed","2026-05-24","submitComment with isPartner","VerificationRepository (command)","",""
"","76","TagRepository.getFeaturedTags() 결과를 반환한다","test/src/features/home/logic/tag_providers_test.dart","2026-05-24","passed","2026-05-24","","featuredTagsProvider","",""
"","3","excludes refunded events","test/src/data/repositories/event_repository_queries_test.dart","2026-05-24","passed","2026-05-24","getTodayActiveEventsForUser","EventRepository Queries","",""
"","257","저장 성공 시 선택한 동의를 저장하고 원래 경로로 이동한다","test/src/features/consent/ui/signup_consent_page_test.dart","2026-05-24","passed","2026-05-24","","","",""
"","3","updateAddressDetail and updateDirections","test/src/features/party/event/create/event_create_controller_test.dart","2026-05-24","passed","2026-05-24","update methods","EventCreateController","",""
"","20","pre-fills entryGroups and tickets from existing party data","test/src/features/party/create/party_create_wizard_controller_test.dart","2026-05-24","passed","2026-05-24","loadForEdit","PartyCreateWizardController","",""
"","7","serializes to JSON and back","test/src/data/models/verification_test.dart","2026-05-24","passed","2026-05-24","","Verification","",""
"","40","shows count when count > 0","test/src/features/home/widgets/pending_applicants_badge_card_test.dart","2026-05-24","passed","2026-05-24","","PendingApplicantsBadgeCard","",""
"","2","maps PROCESSING correctly","test/src/features/settlement/widgets/settlement_status_badge_test.dart","2026-05-24","passed","2026-05-24","","SettlementStatus.fromString","",""
"","3","State is eventEnded when event is cancelled and user is not logged in","test/src/features/event/admission/event_admission_controller_test.dart","2026-05-24","passed","2026-05-24","","Ended event states","",""
"","50","shows match success section when matches exist","test/src/features/event/matching/matching_vote_content_test.dart","2026-05-24","passed","2026-05-24","","MatchingVoteContent","",""
"","3","creates from JSON with minimal fields","test/src/data/models/party_entry_group_test.dart","2026-05-24","passed","2026-05-24","","EntryGroup","",""
"","5","Step 3 — 연락처 미선택이면 오류 반환","test/src/features/party/create/party_create_wizard_controller_test.dart","2026-05-24","passed","2026-05-24","currentStepValidationErrors","PartyCreateWizardController","",""
"","3","counts multiple active filters","test/src/features/explore/providers/explore_filter_integration_test.dart","2026-05-24","passed","2026-05-24","","ExploreFilters","",""
"","47","widget builds without errors","test/ui/widgets/bug_reporter_wrapper_test.dart","2026-05-24","passed","2026-05-24","","BugReporterWrapper Widget Tests","",""
"","7","concurrent loadMore calls do not double-fetch","test/src/features/tag/logic/tag_event_list_controller_test.dart","2026-05-24","passed","2026-05-24","","TagEventListController","",""
"","3","pushDevUserSwitch without from calls router.push with /dev/switch","test/src/features/auth/logic/auth_coordinator_test.dart","2026-05-24","passed","2026-05-24","","AuthCoordinator","",""
"","4","throws on error","test/src/data/repositories/party_repository_test.dart","2026-05-24","passed","2026-05-24","getPartiesByPartnerId","PartyRepository","",""
"","6","rethrows on error","test/src/data/repositories/user_repository_test.dart","2026-05-24","passed","2026-05-24","getApprovedVerificationIds","SupabaseUserRepository","",""
"","80","searchEvents()를 호출하여 party와 tickets가 포함된 이벤트를 반환한다","test/src/logic/feed_state_provider_test.dart","2026-05-24","passed","2026-05-24","","searchResults — Fix #1534","",""
"","3","settlement branch has bank-account and detail sub-routes","test/src/routing/app_routes_test.dart","2026-05-24","passed","2026-05-24","","AppRoutes","",""
"","7","invokes EF with update action and rule_id","test/src/data/repositories/recurrence_rule_repository_test.dart","2026-05-24","passed","2026-05-24","update","RecurrenceRuleRepository","",""
"","32","does not call onTap when disabled","test/ui/widgets/common/minglit_list_tile_test.dart","2026-05-24","passed","2026-05-24","","MinglitListTile","",""
"","7","throws on db error","test/src/data/repositories/settlement_repository_test.dart","2026-05-24","passed","2026-05-24","getSettlementItems","SettlementRepository","",""
"","4","/explore/something redirects to /","test/src/routing/app_router_redirect_test.dart","2026-05-24","passed","2026-05-24","","/explore paths — redirect to home","",""
"","62","empty url shows CircleAvatar with fallback icon","test/src/common/widgets/minglit_avatar_image_test.dart","2026-05-24","passed","2026-05-24","","","",""
"","4","settlement-query settlements has expected fields","test/contract/contract_test.dart","2026-05-24","passed","2026-05-24","","Contract: Edge Function response shapes","",""
"","4","calls RPC with tagId, limit, and offset","test/src/data/repositories/tag_repository_test.dart","2026-05-24","passed","2026-05-24","getPartiesByTag","TagRepository","",""
"","34","primary button uses colorScheme.primary background","test/src/ui/widgets/common/minglit_button_test.dart","2026-05-24","passed","2026-05-24","","MinglitButton","",""
"","4","TagRepository.getFeaturedTags() 빈 목록 — 빈 리스트 반환","test/src/features/home/logic/tag_providers_test.dart","2026-05-24","passed","2026-05-24","","featuredTagsProvider","",""
"","28","renders price text and button","test/ui/widgets/common/minglit_bottom_cta_test.dart","2026-05-24","passed","2026-05-24","withPrice variant","MinglitBottomCTA","",""
"","10","archiveVerification error sets AsyncError","test/src/features/verification/verification_manage_controller_test.dart","2026-05-24","passed","2026-05-24","","VerificationManageController","",""
"","3","rethrows on error","test/src/data/repositories/event_repository_queries_test.dart","2026-05-24","passed","2026-05-24","getHasAnyEvents","EventRepository Queries","",""
"","12","returns application when user is logged in and application exists","test/src/features/event/logic/event_my_application_provider_test.dart","2026-05-24","passed","2026-05-24","","eventMyApplicationProvider","",""
"","4","eventEndedWithResults shows enabled button","test/src/features/event/admission/event_admission_controller_test.dart","2026-05-24","passed","2026-05-24","","Ended event button config","",""
"","5","signOut returns early if ref is disposed","test/src/features/auth/logic/auth_controller_test.dart","2026-05-24","passed","2026-05-24","","AuthController","",""
"","866","today (D-0) shows ""오늘"" label","test/src/ui/widgets/common/minglit_dday_chip_test.dart","2026-05-24","passed","2026-05-24","","MinglitDDayChip","",""
"","4","returns null when user is logged in but no application found","test/src/features/event/logic/event_my_application_provider_test.dart","2026-05-24","passed","2026-05-24","","eventMyApplicationProvider","",""
"","6","reset() clears staff token and sets state to AsyncData(null)","test/src/features/auth/staff_guard_test.dart","2026-05-24","passed","2026-05-24","","StaffGuard","",""
"","4","equality works","test/src/data/models/matching_test.dart","2026-05-24","passed","2026-05-24","","MatchPair","",""
"","2","returns empty list when disabled","test/src/features/party/logic/recurrence_settings_controller_test.dart","2026-05-24","passed","2026-05-24","previewDates","RecurrenceSettingsController","",""
"","4","returns true for confirmed application","test/src/data/repositories/event_repository_test.dart","2026-05-24","passed","2026-05-24","checkApplicationStatus","EventRepository","",""
"","3","returns 조건 없음 when no groups","test/src/data/models/event_test.dart","2026-05-24","passed","2026-05-24","","Event conditionSummaries","",""
"","11","returns list of verifications for partner","test/src/data/repositories/verification_query_repository_test.dart","2026-05-24","passed","2026-05-24","getPartnerVerifications","VerificationRepository","",""
"","51","Partner login screen shows PARTNER label","test/widget_test.dart","2026-05-24","passed","2026-05-24","","","",""
"","203","선택된 태그 삭제 시 목록에서 제거된다","test/src/features/party/create/widgets/tag_selection_section_test.dart","2026-05-24","passed","2026-05-24","","TagSelectionSection","",""
"","24","icon uses error color from theme","test/src/ui/widgets/common/minglit_error_state_test.dart","2026-05-24","passed","2026-05-24","","MinglitErrorState","",""
"","88","5회 탭 후 추가 5회 탭 → 2번 트리거","test/src/features/auth/ui/minglit_login_screen_test.dart","2026-05-24","passed","2026-05-24","","MinglitLoginScreen — _DevTriggerLogo 5-탭 #2340 regression guard","",""
"","11","returns empty list when API key is not defined","test/src/data/repositories/kakao_location_repository_test.dart","2026-05-24","passed","2026-05-24","searchKeyword","KakaoLocationRepository","",""
"","677","renders label text","test/src/ui/widgets/common/minglit_chip_test.dart","2026-05-24","passed","2026-05-24","","MinglitChip","",""
"","98","transitions to AsyncData on success","test/src/features/event/matching/logic/commit_match_likes_controller_test.dart","2026-05-24","passed","2026-05-24","commit","CommitMatchLikesController","",""
"","2","value with newline is wrapped in quotes","test/src/features/settlement/widgets/download_bottom_sheet_test.dart","2026-05-24","passed","2026-05-24","","escapeCsv","",""
"","34","isOffline=true이면 ""캐시됨"" 뱃지 표시","test/src/features/checkin/widgets/checkin_summary_card_test.dart","2026-05-24","passed","2026-05-24","","CheckinSummaryCard","",""
"","3","returns live event when one is present","test/src/features/home/widgets/event_action_card_logic_test.dart","2026-05-24","passed","2026-05-24","","selectPrimaryEvent","",""
"","3","returns empty map when RPC returns null","test/src/data/repositories/event_repository_queries_test.dart","2026-05-24","passed","2026-05-24","getTicketBalanceStatus","EventRepository Queries","",""
"","248","from 파라미터: LoginPage 렌더링 (비로그인)","test/integration/login_page_test.dart","2026-05-24","passed","2026-05-24","","Login Page","",""
"","43","(setUpAll)","test/src/features/party/event/detail/event_application_list_page_test.dart","2026-05-24","passed","2026-05-24","","","",""
"","7","theme has card theme","test/src/theme/minglit_theme_test.dart","2026-05-24","passed","2026-05-24","","MinglitTheme","",""
"","4","updateTitle updates state","test/src/features/party/create/party_create_wizard_controller_test.dart","2026-05-24","passed","2026-05-24","step 1: basic info","PartyCreateWizardController","",""
"","5","waiting when start time is in the future and status is scheduled","test/src/features/tickets/logic/active_event_banners_provider_test.dart","2026-05-24","passed","2026-05-24","","waiting vs checkInReady transition","",""
"","24","pending_review uses warning color","test/src/common/widgets/status_badge_test.dart","2026-05-24","passed","2026-05-24","","StatusBadge","",""
"","5","copyWith creates modified copy","test/src/data/models/party_entry_group_test.dart","2026-05-24","passed","2026-05-24","","EntryGroupTemplate","",""
"","79","구독 시작: 채널 생성 + subscribe 호출","test/src/features/home/logic/event_realtime_provider_test.dart","2026-05-24","passed","2026-05-24","","eventRealtimeProvider","",""
"","24","재인코딩 결과가 여전히 유효한 이미지로 디코딩된다","test/src/utils/image_utils_test.dart","2026-05-24","passed","2026-05-24","","stripExifAndReencode","",""
"","2","serializes vote_count to JSON","test/src/data/models/matching_test.dart","2026-05-24","passed","2026-05-24","","MatchRule","",""
"","25","destructive calls onPressed when tapped","test/src/ui/widgets/common/minglit_button_test.dart","2026-05-24","passed","2026-05-24","","MinglitButton","",""
"","4","existing applicant sees applied status even when event is full","test/src/features/event/admission/event_admission_controller_test.dart","2026-05-24","passed","2026-05-24","","EventAdmissionController","",""
"","133","consent 단계 체크박스 — contentPadding이 EdgeInsets.zero가 아님 (Fix #2346)","test/src/features/event/ui/event_application_wizard_smoke_test.dart","2026-05-24","passed","2026-05-24","","EventApplicationWizardPage","",""
"","116","/settlement-history 형제 경로: settlement guard 개입 없음","test/src/routing/settlement_route_guard_test.dart","2026-05-24","passed","2026-05-24","","Settlement route guard — redirect branch 4 (Fix #1533)","",""
"","40","event name is truncated with ellipsis for long names","test/src/features/home/widgets/event_now_bar_test.dart","2026-05-24","passed","2026-05-24","","EventNowBar","",""
"","4","throws on network error","test/src/data/repositories/partner_member_repository_test.dart","2026-05-24","passed","2026-05-24","updateMemberRole","PartnerMemberRepository","",""
"","8","pause — error transitions state to AsyncError","test/src/features/party/recurrence/recurrence_management_controller_test.dart","2026-05-24","passed","2026-05-24","","RecurrenceManagementController","",""
"","122","step 1 상태로 진입 시 ""이전"" 버튼이 표시된다","test/src/features/onboarding/ui/partner_apply_smoke_test.dart","2026-05-24","passed","2026-05-24","","PartnerApplyPage smoke","",""
"","4","throws AuthException when webClientId is whitespace-only","test/src/data/repositories/auth_repository_test.dart","2026-05-24","passed","2026-05-24","signInWithGoogle (mobile path)","AuthRepository","",""
"","8","does not call initialize() on passwordRecovery event","test/src/features/notification/notification_initializer_test.dart","2026-05-24","passed","2026-05-24","","notificationInitializerProvider","",""
"","3","ratio 계산: 13/14 ≈ 0.928","test/src/features/checkin/stats/entry_group_checkin_stats_controller_test.dart","2026-05-24","passed","2026-05-24","","EntryGroupCheckinStatsController","",""
"","32","applies custom valueColor","test/src/ui/widgets/common/minglit_key_value_row_test.dart","2026-05-24","passed","2026-05-24","","MinglitKeyValueRow","",""
"","12","getMyMatches exception propagates as provider error state","test/src/features/tickets/logic/active_event_banners_provider_test.dart","2026-05-24","passed","2026-05-24","","activeEventBannersProvider","",""
"","20","(setUpAll)","test/src/features/party/create/party_create_wizard_controller_test.dart","2026-05-24","passed","2026-05-24","","","",""
"","35","lastUpdated가 30초 전이면 ""방금 전 업데이트""","test/src/features/checkin/widgets/checkin_summary_card_test.dart","2026-05-24","passed","2026-05-24","","CheckinSummaryCard","",""
"","4","빈 참가자 목록","test/src/features/checkin/manual/manual_checkin_controller_test.dart","2026-05-24","passed","2026-05-24","","ManualCheckinController","",""
"","44","renders label and value in a Row","test/src/ui/widgets/common/minglit_key_value_row_test.dart","2026-05-24","passed","2026-05-24","","MinglitKeyValueRow","",""
"","2","startAccountDeletion delegates to AccountDeletionCoordinator","test/src/routing/app_coordinator_test.dart","2026-05-24","passed","2026-05-24","","AppCoordinator","",""
"","43","renders title and subtitle","test/ui/widgets/common/minglit_list_tile_test.dart","2026-05-24","passed","2026-05-24","","MinglitListTile","",""
"","3","throws on error","test/src/data/repositories/event_repository_test.dart","2026-05-24","passed","2026-05-24","getUpcomingEvents","EventRepository","",""
"","144","shows applications grouped by event","test/src/features/application/ui/event_application_manage_page_test.dart","2026-05-24","passed","2026-05-24","","EventApplicationManagePage","",""
"","4","changing roadAddress after detailAddress was set resets detailAddress","test/src/features/onboarding/partner_apply_controller_test.dart","2026-05-24","passed","2026-05-24","Regression #1599: roadAddress/detailAddress handling prevents double-append","PartnerApplyController","",""
"","4","logEvent does not throw when not initialized","test/logic/providers/statsig_provider_test.dart","2026-05-24","passed","2026-05-24","","StatsigAnalytics","",""
"","3","goToApplicationWizard with ticketId includes query param","test/src/features/event/logic/event_coordinator_test.dart","2026-05-24","passed","2026-05-24","","EventCoordinator","",""
"","7","throws MinglitUserException when non-200","test/src/data/repositories/event_repository_test.dart","2026-05-24","passed","2026-05-24","cancelPayment","EventRepository","",""
"","2","빈 문자열 → 빈 문자열 반환","test/utils/supabase_image_url_test.dart","2026-05-24","passed","2026-05-24","","supabaseImageUrl","",""
"","70","initial state is empty set","test/src/features/home/logic/selected_tags_provider_test.dart","2026-05-24","passed","2026-05-24","","SelectedTagsNotifier","",""
"","5","returns empty list when repository returns empty","test/src/logic/providers/event_feed_provider_test.dart","2026-05-24","passed","2026-05-24","","fetchEventFeedProvider","",""
"","25","renders with different colors","test/src/ui/widgets/common/minglit_tag_test.dart","2026-05-24","passed","2026-05-24","","MinglitTag","",""
"","4","maps FunctionException validation_failed to MinglitUserException with field message","test/src/utils/exceptions_test.dart","2026-05-24","passed","2026-05-24","","MinglitException.from","",""
"","124","initial state has empty items and isLoading false","test/src/features/settlement/settlement_list_controller_test.dart","2026-05-24","passed","2026-05-24","","SettlementListController","",""
"","152","renders search icon","test/src/features/home/home_page_app_bar_test.dart","2026-05-24","passed","2026-05-24","when user is logged in with avatar","HomePage AppBar - Auth-aware widgets","",""
"","51","renders with default hint when hint is not specified","test/ui/widgets/common/minglit_file_picker_test.dart","2026-05-24","passed","2026-05-24","","MinglitFilePicker Widget Tests","",""
"","90","returns tickets for given eventId","test/src/features/party/event/detail/event_detail_controller_test.dart","2026-05-24","passed","2026-05-24","","eventTickets","",""
"","4","switches from monthly back to weekly, resets daysOfWeek to empty","test/src/features/party/logic/recurrence_settings_controller_test.dart","2026-05-24","passed","2026-05-24","setPattern","RecurrenceSettingsController","",""
"","43","body tap (thumb + title area) calls onOpenDetail for noShow phase","test/src/features/tickets/event_ongoing_banner_test.dart","2026-05-24","passed","2026-05-24","","","",""
"","36","(setUpAll)","test/integration/flow_error_edge_cases_test.dart","2026-05-24","passed","2026-05-24","","","",""
"","40","renders nothing when rule is cancelled","test/src/features/party/recurrence/recurrence_rule_summary_card_test.dart","2026-05-24","passed","2026-05-24","","RecurrenceRuleSummaryCard","",""
"","34","SearchPage 에러 → ""검색 중 오류가 발생했습니다""","test/integration/flow_error_edge_cases_test.dart","2026-05-24","passed","2026-05-24","","AsyncError 상태","",""
"","41","soon (D-3) shows ""D-3"" label","test/src/ui/widgets/common/minglit_dday_chip_test.dart","2026-05-24","passed","2026-05-24","","MinglitDDayChip","",""
"","69","RPC 호출 후 그룹 데이터 파싱","test/src/features/checkin/stats/entry_group_checkin_stats_controller_test.dart","2026-05-24","passed","2026-05-24","","EntryGroupCheckinStatsController","",""
"","840","onDevTrigger null → devTriggerKey 없음 (일반 로고 렌더링)","test/src/features/auth/ui/minglit_login_screen_test.dart","2026-05-24","passed","2026-05-24","","MinglitLoginScreen — _DevTriggerLogo 5-탭 #2340 regression guard","",""
"","35","헤더 스트립: semantic label ""Minglit 보딩패스 입장권"" 존재","test/src/features/ticket/ui/boarding_pass_card_test.dart","2026-05-24","passed","2026-05-24","","BoardingPassCard","",""
"","3","validateAll returns false when required file paths are missing","test/src/features/onboarding/partner_apply_validation_test.dart","2026-05-24","passed","2026-05-24","","PartnerApplyValidation","",""
"","4","throws on error","test/src/data/repositories/partner_application_repository_test.dart","2026-05-24","passed","2026-05-24","getAllApplications","PartnerApplicationRepository","",""
"","4","creates from JSON","test/src/data/models/matching_test.dart","2026-05-24","passed","2026-05-24","","MatchPair","",""
"","3","needsApplication is a valid enum value","test/src/features/onboarding/onboarding_state_provider_test.dart","2026-05-24","passed","2026-05-24","","OnboardingState","",""
"","894","AppBar에 ""참여 신청"" 제목이 표시된다","test/src/features/event/ui/event_application_wizard_smoke_test.dart","2026-05-24","passed","2026-05-24","","EventApplicationWizardPage","",""
"","37","error page shows ""홈으로"" retry button","test/src/routing/route_not_found_error_handler_test.dart","2026-05-24","passed","2026-05-24","","","",""
"","130","positions EventNowBar above the bottom safe area","test/src/features/home/home_page_test.dart","2026-05-24","passed","2026-05-24","","HomePage","",""
"","28","empty list shows empty state message","test/src/features/settings/blocked_partners_page_test.dart","2026-05-24","passed","2026-05-24","","BlockedPartnersPage","",""
"","5","sends empty string id for new entry group in entry_group_templates body","test/src/data/repositories/party_repository_test.dart","2026-05-24","passed","2026-05-24","updateParty","PartyRepository","",""
"","4","omits entry_group_templates key when entryGroups is null","test/src/data/repositories/party_repository_test.dart","2026-05-24","passed","2026-05-24","updateParty","PartyRepository","",""
"","134","pushes PartyEntryGroupManagementScreen on entry-condition section tap","test/src/features/party/detail/party_entry_group_entry_point_test.dart","2026-05-24","passed","2026-05-24","","PartyDetailInfoTab entry-condition tap (Fix #1733)","",""
"","454","shows error message when partner info fails","test/src/features/checkin/checkin_placeholder_page_test.dart","2026-05-24","passed","2026-05-24","","CheckinPlaceholderPage","",""
"","246","pins EventNowBar while the feed scrolls","test/src/features/home/home_page_test.dart","2026-05-24","passed","2026-05-24","","HomePage","",""
"","45","renders trailing Text widget when provided","test/src/common/widgets/minglit_timeline_test.dart","2026-05-24","passed","2026-05-24","","MinglitTimeline","",""
"","4","setSortType updates sort type","test/src/features/explore/providers/explore_filter_integration_test.dart","2026-05-24","passed","2026-05-24","","ActiveFilters provider","",""
"","4","serializes to JSON and back","test/src/data/models/verification_test.dart","2026-05-24","passed","2026-05-24","","VerificationRequirementStatus","",""
"","10","all matching verifications are included in applyEvent payload","test/src/features/event/admission/event_application_controller_test.dart","2026-05-24","passed","2026-05-24","","EventApplicationController","",""
"","4","returns empty list when no tickets","test/src/data/repositories/ticket_repository_test.dart","2026-05-24","passed","2026-05-24","getTicketsByEventId","TicketRepository","",""
"","93","shows service unavailable message when JUSO_CONFIRM_KEY is empty","test/src/features/onboarding/widgets/address_search_dialog_test.dart","2026-05-24","passed","2026-05-24","","AddressSearchDialog","",""
"","76","renders notification bell icon","test/src/features/home/home_page_app_bar_test.dart","2026-05-24","passed","2026-05-24","when user is logged in without avatar","HomePage AppBar - Auth-aware widgets","",""
"","104","shows entry group sub-section header in 승인됨 tab","test/src/features/party/event/detail/event_application_list_page_test.dart","2026-05-24","passed","2026-05-24","","승인됨 tab","",""
"","2","normalizes UPPERCASE status to lowercase","test/src/features/settlement/settlement_models_test.dart","2026-05-24","passed","2026-05-24","","PartnerSettlement.fromJson","",""
"","277","keeps the last event card above the fixed EventNowBar","test/src/features/home/home_page_test.dart","2026-05-24","passed","2026-05-24","","HomePage","",""
"","18","completes without error via EF","test/src/data/repositories/matching_repository_test.dart","2026-05-24","passed","2026-05-24","updateMatchRules","MatchingRepository","",""
"","264","pendingReview: / 접근 시 PartnerApplyStatusPage로 리다이렉트","test/integration/partner_redirect_test.dart","2026-05-24","passed","2026-05-24","","Partner Redirect Flow","",""
"","7","keeps events with eligible tickets","test/src/features/explore/logic/eligibility_filter_test.dart","2026-05-24","passed","2026-05-24","","EligibilityFilter","",""
"","4","/my redirects to /login?from=/my when not logged in","test/src/routing/app_router_redirect_test.dart","2026-05-24","passed","2026-05-24","","protected paths — unauthenticated","",""
"","28","destructive loading spinner uses colorScheme.onError color","test/src/ui/widgets/common/minglit_button_test.dart","2026-05-24","passed","2026-05-24","","MinglitButton","",""
"","27","uses default topPadding (large) and bottomPadding (xlarge)","test/ui/widgets/common/minglit_content_layout_test.dart","2026-05-24","passed","2026-05-24","","MinglitContentLayout","",""
"","14","sets state to AsyncError when signInWithKakao fails","test/src/data/repositories/auth_repository_test.dart","2026-05-24","passed","2026-05-24","","AuthController.signInWithKakao","",""
"","2","paidAt null + outside cutoff → no refund","test/src/utils/refund_calculator_test.dart","2026-05-24","passed","2026-05-24","","RefundCalculator binary policy","",""
"","5","step-1 filters by partner_id, start_time, and applies limit(500) matching getPartnerFutureEvents scope; step-2 filters by event_id and status","test/src/data/repositories/event_repository_queries_test.dart","2026-05-24","passed","2026-05-24","getPendingApplicationCount","EventRepository Queries","",""
"","6","theme has input decoration theme","test/src/theme/minglit_theme_test.dart","2026-05-24","passed","2026-05-24","","MinglitTheme","",""
"","49","shows cancelled rule without action buttons","test/src/features/party/recurrence/recurrence_management_screen_test.dart","2026-05-24","passed","2026-05-24","","RecurrenceManagementScreen","",""
"","325","cutoff 당일 경계값 → 환불 가능 (isCutoffRefundable=true)","test/src/features/event/detail/event_refund_policy_section_test.dart","2026-05-24","passed","2026-05-24","","_RefundPolicySection","",""
"","4","clear on empty state stays empty","test/src/features/home/logic/selected_tags_provider_test.dart","2026-05-24","passed","2026-05-24","","SelectedTagsNotifier","",""
"","258","payment submitting → buttons disabled + spinner","test/integration/flow_ticket_application_test.dart","2026-05-24","passed","2026-05-24","","EventApplicationWizardPage","",""
"","1396","renders notification bell icon when logged in","test/src/features/home/home_page_test.dart","2026-05-24","passed","2026-05-24","","HomePage","",""
"","3","invokes EF with unblock action","test/src/data/repositories/social_repository_test.dart","2026-05-24","passed","2026-05-24","unblockPartner","SocialRepository","",""
"","566","shows empty state when no parties","test/src/features/home/widgets/active_party_summary_scroll_test.dart","2026-05-24","passed","2026-05-24","","ActivePartySummaryScroll","",""
"","33","has exactly 7 event constants","test/logic/providers/statsig_provider_test.dart","2026-05-24","passed","2026-05-24","","MingLitEvent","",""
"","3","sets endDate string","test/src/features/party/logic/recurrence_settings_controller_test.dart","2026-05-24","passed","2026-05-24","setEndDate","RecurrenceSettingsController","",""
"","3","defaults to 0 when fields are invalid string","test/src/features/settlement/settlement_models_test.dart","2026-05-24","passed","2026-05-24","","PartnerRevenueSummary.fromJson","",""
"","4","eventMeta를 GoRouter extra로 전달한다","test/src/routing/app_coordinator_test.dart","2026-05-24","passed","2026-05-24","pushTicketQR","AppCoordinator","",""
"","4","build() returns User when verifyStaffStatus() returns a user (is staff)","test/src/features/auth/staff_guard_test.dart","2026-05-24","passed","2026-05-24","","StaffGuard","",""
"","2","maps CANCELED correctly","test/src/features/settlement/widgets/settlement_status_badge_test.dart","2026-05-24","passed","2026-05-24","","SettlementStatus.fromString","",""
"","81","creates from provider with GoRouter","test/src/features/home/logic/home_coordinator_test.dart","2026-05-24","passed","2026-05-24","","HomeCoordinator","",""
"","2","round-trip toJson/fromJson","test/src/data/models/settlement_item_detail_test.dart","2026-05-24","passed","2026-05-24","","AdjustmentItemModel.fromJson","",""
"","25","returns recruiting when start is more than 3 hours away","test/src/features/home/widgets/event_action_card_logic_test.dart","2026-05-24","passed","2026-05-24","","getEventPhase","",""
"","5","returns locations for partner","test/src/data/repositories/location_repository_test.dart","2026-05-24","passed","2026-05-24","getLocations","LocationRepository","",""
"","21","toggle optimistically updates state","test/src/features/social/logic/social_interaction_controller_test.dart","2026-05-24","passed","2026-05-24","","SocialInteractionController","",""
"","4","notEligible uses fallback label when reason is null","test/src/features/event/admission/admission_button_config_test.dart","2026-05-24","passed","2026-05-24","","AdmissionButtonConfig","",""
"","7","returns result map on success","test/src/data/repositories/settlement_repository_test.dart","2026-05-24","passed","2026-05-24","retryPayout","SettlementRepository","",""
"","4","previousStep goes back","test/src/features/party/create/party_create_wizard_controller_test.dart","2026-05-24","passed","2026-05-24","step navigation","PartyCreateWizardController","",""
"","70","null user returns empty list","test/src/features/tickets/logic/active_event_banners_provider_test.dart","2026-05-24","passed","2026-05-24","","activeEventBannersProvider","",""
"","3","returns false when missing consents","test/src/data/repositories/consent_repository_test.dart","2026-05-24","passed","2026-05-24","hasRequiredConsents","ConsentRepository","",""
"","28","destructive shows loading indicator when isLoading","test/src/ui/widgets/common/minglit_button_test.dart","2026-05-24","passed","2026-05-24","","MinglitButton","",""
"","23","does not use InkWell when onTap is null","test/src/ui/widgets/common/minglit_content_card_test.dart","2026-05-24","passed","2026-05-24","","MinglitContentCard","",""
"","5","initial state has eligibility and nearby enabled","test/src/features/explore/providers/explore_filter_integration_test.dart","2026-05-24","passed","2026-05-24","","ActiveFilters provider","",""
"","59","children are displayed","test/src/ui/widgets/common/minglit_chip_group_test.dart","2026-05-24","passed","2026-05-24","","MinglitChipGroup","",""
"","51","sends bug report via edge function","test/src/data/repositories/bug_report_repository_test.dart","2026-05-24","passed","2026-05-24","reportBug","BugReportRepository","",""
"","6","returns list of notifications","test/src/data/repositories/notification_repository_test.dart","2026-05-24","passed","2026-05-24","getNotifications","NotificationRepository","",""
"","20","signInWithGoogle calls repository and sets AsyncData on success (non-web environment)","test/src/features/auth/auth_state_provider_test.dart","2026-05-24","passed","2026-05-24","","AuthController","",""
"","110","dismissing bottom sheet does not navigate","test/src/features/ticket/logic/ticket_coordinator_test.dart","2026-05-24","passed","2026-05-24","showTicketSelection","TicketCoordinator","",""
"","62","shows payment info card when not refunded","test/src/features/payment/ui/purchase_history_detail_page_test.dart","2026-05-24","passed","2026-05-24","","PurchaseHistoryDetailPage — #2095","",""
"","189","renders upcoming and past sections","test/src/features/my_tickets/ui/my_tickets_page_test.dart","2026-05-24","passed","2026-05-24","","MyTicketsPage","",""
"","49","(setUpAll)","test/src/features/tickets/event_ongoing_banner_test.dart","2026-05-24","passed","2026-05-24","","","",""
"","9","theme has custom primary color","test/src/theme/minglit_theme_test.dart","2026-05-24","passed","2026-05-24","","MinglitTheme","",""
"","3","throws on error","test/src/data/repositories/party_repository_test.dart","2026-05-24","passed","2026-05-24","getEventsByPartyId","PartyRepository (events)","",""
"","46","(setUpAll)","test/integration/flow_ticket_application_test.dart","2026-05-24","passed","2026-05-24","","","",""
"","5","toggleNearby flips the flag","test/src/features/explore/providers/explore_filter_integration_test.dart","2026-05-24","passed","2026-05-24","","ActiveFilters provider","",""
"","946","renders history cards when data is available","test/src/features/payment/ui/purchase_history_screen_test.dart","2026-05-24","passed","2026-05-24","","PurchaseHistoryPage","",""
"","7","returns partial results and logs warning on TypeError (null field)","test/src/data/repositories/verification_query_repository_test.dart","2026-05-24","passed","2026-05-24","getVerificationsByIds","VerificationRepository","",""
"","3","optional fields are null when absent","test/src/features/settlement/settlement_models_test.dart","2026-05-24","passed","2026-05-24","","SettlementItem.fromJson","",""
"","596","빈 경로 → image_not_supported_outlined 표시, broken_image 없음","test/ui/widgets/common/minglit_image_test.dart","2026-05-24","passed","2026-05-24","","MinglitImage","",""
"","36","creates from JSON with all fields","test/src/data/models/party_entry_group_test.dart","2026-05-24","passed","2026-05-24","","EntryGroupTemplate","",""
"","9","identity -> verification -> consent -> payment transitions work","test/src/features/event/admission/event_application_controller_test.dart","2026-05-24","passed","2026-05-24","","EventApplicationController","",""
"","35","(setUpAll)","test/integration/flow_my_page_test.dart","2026-05-24","passed","2026-05-24","","","",""
"","3","isCheckedIn=true, hasMatchingCandidates=true, hasSubmittedVotes=true returns matching","test/src/features/tickets/event_lifecycle_phase_resolver_test.dart","2026-05-24","passed","2026-05-24","","","",""
"","49","renders icon when provided","test/src/ui/widgets/common/minglit_chip_test.dart","2026-05-24","passed","2026-05-24","","MinglitChip","",""
"","66","falls back to createdAt when paidAt is null","test/src/features/payment/ui/purchase_history_card_test.dart","2026-05-24","passed","2026-05-24","","PurchaseHistoryCard — Fix #579 구매일 표시 회귀 테스트","",""
"","54","shows multiple party titles when multiple parties given","test/src/features/home/widgets/active_party_summary_scroll_test.dart","2026-05-24","passed","2026-05-24","","ActivePartySummaryScroll","",""
"","4","builds reason directly from enum code","test/src/features/account_deletion/account_deletion_flow_test.dart","2026-05-24","passed","2026-05-24","","buildWithdrawalReason","",""
"","2","toJson excludes no required fields","test/src/data/repositories/tag_repository_test.dart","2026-05-24","passed","2026-05-24","","Tag model","",""
"","4","returns false when no application","test/src/data/repositories/event_repository_queries_test.dart","2026-05-24","passed","2026-05-24","checkApplicationStatus","EventRepository Queries","",""
"","55","selectedIndex reflects currentIndex 2 (체크인)","test/src/ui/shell/partner_scaffold_test.dart","2026-05-24","passed","2026-05-24","","PartnerScaffold bottom navigation — owner (settlement access)","",""
"","63","visibility=public → 비공개 스위치 OFF","test/src/features/party/widgets/party_status_edit_sheet_test.dart","2026-05-24","passed","2026-05-24","","PartyStatusEditSheet — Fix #72 regression","",""
"","604","이벤트 로드 에러 시 크래시 없이 렌더링된다","test/src/features/event/ui/event_application_wizard_smoke_test.dart","2026-05-24","passed","2026-05-24","","EventApplicationWizardPage","",""
"","33","진행 중 이벤트가 대기 이벤트보다 우선","test/src/features/home/widgets/event_now_multi_stack_test.dart","2026-05-24","passed","2026-05-24","","sortActiveEvents — 정렬 로직","",""
"","129","renders detail content for COMPLETED status","test/src/features/settlement/settlement_detail_page_test.dart","2026-05-24","passed","2026-05-24","","SettlementDetailPage","",""
"","43","calls correct callbacks","test/ui/widgets/common/minglit_bottom_cta_test.dart","2026-05-24","passed","2026-05-24","dual variant","MinglitBottomCTA","",""
"","54","만석 텍스트가 표시되지 않는다 — 여석이 있을 때","test/ui/widgets/party/event_card_sold_out_test.dart","2026-05-24","passed","2026-05-24","","","",""
"","28","maps PENDING correctly","test/src/features/settlement/widgets/settlement_status_badge_test.dart","2026-05-24","passed","2026-05-24","","SettlementStatus.fromString","",""
"","70","groupId로 필터하면 해당 그룹 신청만 표시된다","test/src/features/party/event/widgets/event_application_list_view_test.dart","2026-05-24","passed","2026-05-24","","EventApplicationListView groupId 필터 (Fix #2224)","",""
"","84","returns null when user is not logged in","test/src/features/event/logic/event_my_application_provider_test.dart","2026-05-24","passed","2026-05-24","","eventMyApplicationProvider","",""
"","111","calls onTap when tapped","test/src/features/settlement/widgets/settlement_card_test.dart","2026-05-24","passed","2026-05-24","","SettlementCard widget","",""
"","215","policy null → 기본값(grace=2h, cutoff=7d) 적용","test/src/features/event/detail/event_refund_policy_section_test.dart","2026-05-24","passed","2026-05-24","","_RefundPolicySection","",""
"","18","verified user with eligibilityEnabled: true sees filtered events","test/src/features/explore/providers/explore_state_provider_test.dart","2026-05-24","passed","2026-05-24","","filteredEventsProvider — eligibility filter with verification check","",""
"","92","creates from provider","test/src/routing/app_coordinator_test.dart","2026-05-24","passed","2026-05-24","","AppCoordinator","",""
"","3","payment-cancel success has expected fields","test/contract/contract_test.dart","2026-05-24","passed","2026-05-24","","Contract: Edge Function response shapes","",""
"","87","overriding supabaseClientProvider propagates to all repo providers","test/logic/providers/supabase_provider_override_test.dart","2026-05-24","passed","2026-05-24","","","",""
"","7","validateStep(0) returns true when brandName is set","test/src/features/onboarding/partner_apply_validation_test.dart","2026-05-24","passed","2026-05-24","","PartnerApplyValidation","",""
"","115","materialTheme returns a valid ThemeData","test/src/theme/minglit_theme_test.dart","2026-05-24","passed","2026-05-24","","MinglitTheme","",""
"","19","provider error field is set when getApplication throws on active event","test/src/features/event/admission/event_admission_controller_test.dart","2026-05-24","passed","2026-05-24","","EventAdmissionController — error paths (Fix #1287)","",""
"","5","_toDouble handles string, num and double","test/src/features/settlement/settlement_models_test.dart","2026-05-24","passed","2026-05-24","","SettlementItem.fromJson","",""
"","10","throws FunctionException on EF error","test/src/data/repositories/recurrence_rule_repository_test.dart","2026-05-24","passed","2026-05-24","create","RecurrenceRuleRepository","",""
"","81","tapping 미답변 리뷰 chip shows a SnackBar","test/src/features/home/widgets/todo_summary_chips_test.dart","2026-05-24","passed","2026-05-24","","TodoSummaryChips","",""
"","7","requests permission when initially denied then granted","test/services/location_service_test.dart","2026-05-24","passed","2026-05-24","","LocationService","",""
"","41","티켓 없이도 크래시 없이 렌더, 추가 버튼 표시","test/src/features/party/create/steps/step5_tickets_test.dart","2026-05-24","passed","2026-05-24","","Step5Tickets","",""
"","39","shows not-found message when detail is null","test/src/features/settlement/settlement_detail_page_test.dart","2026-05-24","passed","2026-05-24","","SettlementDetailPage","",""
"","54","persists correct min/max/contact values via updateParty","test/src/features/party/detail/party_detail_coordinator_entry_group_test.dart","2026-05-24","passed","2026-05-24","","updatePartyCapacityAndContact","",""
"","237","shows candidates in grid when data loaded","test/src/features/event/matching/matching_vote_content_test.dart","2026-05-24","passed","2026-05-24","","MatchingVoteContent","",""
"","104","build() returns null when verifyStaffStatus() returns null (not staff)","test/src/features/auth/staff_guard_test.dart","2026-05-24","passed","2026-05-24","","StaffGuard","",""
"","3","cutoff: eventStartTime 1 second before boundary (7d-1s away) → not refundable (grace also missed)","test/src/features/payment/logic/purchase_history_controller_test.dart","2026-05-24","passed","2026-05-24","","PurchaseHistoryController.calculateRefund — boundary cases","",""
"","3","toDbJson removes id and timestamps","test/src/data/models/event_test.dart","2026-05-24","passed","2026-05-24","","Event","",""
"","57","propagates error when repository throws","test/src/features/party/matching/matching_controller_test.dart","2026-05-24","passed","2026-05-24","","eventMatchRules","",""
"","40","widget pumps without errors","test/src/features/event/detail/open_in_app_dialog_test.dart","2026-05-24","passed","2026-05-24","","OpenInAppBanner","",""
"","4","equality works","test/src/data/models/verification_submission_test.dart","2026-05-24","passed","2026-05-24","","VerificationSubmission","",""
"","6","returns applications with matching mock","test/src/features/party/event/detail/event_application_logic_test.dart","2026-05-24","passed","2026-05-24","","eventApplicationBundleProvider","",""
"","32","showDivider=false이면 Divider 없음","test/src/features/checkin/widgets/entry_group_row_test.dart","2026-05-24","passed","2026-05-24","","EntryGroupRow","",""
"","4","createFromTemplate copies fields","test/src/data/models/party_entry_group_test.dart","2026-05-24","passed","2026-05-24","","EntryGroup","",""
"","119","tapping HOLD chip calls onStatusChanged with HOLD","test/src/features/settlement/widgets/status_filter_chips_test.dart","2026-05-24","passed","2026-05-24","","StatusFilterChips widget","",""
"","26","disabled when onPressed is null","test/src/ui/widgets/common/minglit_button_test.dart","2026-05-24","passed","2026-05-24","","MinglitButton","",""
"","2","parses description when it is a String (legacy data)","test/src/data/models/event_test.dart","2026-05-24","passed","2026-05-24","","Event","",""
"","3","pushSearch calls router.push with /search","test/src/features/home/logic/home_coordinator_test.dart","2026-05-24","passed","2026-05-24","","HomeCoordinator","",""
"","33","error fallback respects excludeFromSemantics","test/ui/widgets/common/minglit_image_test.dart","2026-05-24","passed","2026-05-24","Semantics","MinglitImage","",""
"","3","returns empty list when no applications","test/src/data/repositories/event_repository_queries_test.dart","2026-05-24","passed","2026-05-24","getApplicationsByEventId","EventRepository Queries","",""
"","34","isVerified true이면 ""인증 완료"" 텍스트 표시","test/src/ui/widgets/common/account_management_page_test.dart","2026-05-24","passed","2026-05-24","","AccountManagementPage certification tile","",""
"","33","boundary D-7 uses soon tier","test/src/ui/widgets/common/minglit_dday_chip_test.dart","2026-05-24","passed","2026-05-24","","MinglitDDayChip","",""
"","10","returns null when location service disabled","test/services/location_service_test.dart","2026-05-24","passed","2026-05-24","","LocationService","",""
"","6","invokes EF with block action","test/src/data/repositories/social_repository_test.dart","2026-05-24","passed","2026-05-24","blockPartner","SocialRepository","",""
"","64","shows user info with age and gender","test/src/features/application/ui/event_application_manage_page_test.dart","2026-05-24","passed","2026-05-24","","EventApplicationManagePage","",""
"","65","renders trailing widget","test/src/ui/widgets/common/minglit_section_test.dart","2026-05-24","passed","2026-05-24","","MinglitSection","",""
"","26","empty path placeholder respects excludeFromSemantics","test/ui/widgets/common/minglit_image_test.dart","2026-05-24","passed","2026-05-24","Semantics","MinglitImage","",""
"","239","구매 내역 있을 때 카드가 렌더링된다","test/src/features/purchase/ui/purchase_history_smoke_test.dart","2026-05-24","passed","2026-05-24","","PurchaseHistoryPage smoke","",""
"","8","sets AsyncError when getPartyById returns null","test/src/features/party/create/party_create_wizard_edit_submit_test.dart","2026-05-24","passed","2026-05-24","","_submitEdit — error handling","",""
"","4","throws MinglitUserException on error response","test/src/data/repositories/verification_command_repository_test.dart","2026-05-24","passed","2026-05-24","deleteVerification","VerificationRepository (command)","",""
"","225","identityRequired 탭 → IdentityVerificationScreen 모달","test/integration/flow_admission_status_test.dart","2026-05-24","passed","2026-05-24","","AdmissionStatus 버튼 탭 동작","",""
"","28","shows D-Day chip for today event","test/src/features/my_tickets/ui/my_tickets_page_test.dart","2026-05-24","passed","2026-05-24","","MyTicketCard","",""
"","4","serializes to JSON and back","test/src/data/models/party_entry_group_test.dart","2026-05-24","passed","2026-05-24","","EntryGroup","",""
"","2","maps FunctionException validation_failed without field message to generic prompt","test/src/utils/exceptions_test.dart","2026-05-24","passed","2026-05-24","","MinglitException.from","",""
"","4","returns participant counts and target_capacity from RPC","test/src/data/repositories/event_repository_queries_test.dart","2026-05-24","passed","2026-05-24","getEntryGroupParticipantCounts","EventRepository Queries","",""
"","11","updates marketing_consent optimistically","test/src/features/notification/logic/notification_settings_controller_test.dart","2026-05-24","passed","2026-05-24","updateSetting","NotificationSettingsController","",""
"","71","""이전"" button is hidden on step 0","test/src/features/onboarding/partner_apply_page_test.dart","2026-05-24","passed","2026-05-24","","PartnerApplyPage","",""
"","10","throws on error","test/src/data/repositories/verification_query_repository_test.dart","2026-05-24","passed","2026-05-24","getVerificationComments","VerificationRepository","",""
"","2","CheckinState copyWith without args returns same values","test/src/features/checkin/checkin_controller_test.dart","2026-05-24","passed","2026-05-24","","CheckinController","",""
"","5","tabBar uses partner dark primary","test/src/theme/minglit_theme_test.dart","2026-05-24","passed","2026-05-24","","partnerThemeDark","",""
"","3","초기 상태는 빈 목록이다","test/src/features/party/create/widgets/tag_selection_section_test.dart","2026-05-24","passed","2026-05-24","","TagSelectionController","",""
"","46","User login screen shows user slogan","test/widget_test.dart","2026-05-24","passed","2026-05-24","","","",""
"","18","2. updateField brandName updates state.brandName","test/src/features/onboarding/partner_apply_controller_test.dart","2026-05-24","passed","2026-05-24","","PartnerApplyController","",""
"","3","ongoing event with hasMatchResults=true and matchResultsViewedAt=null returns resultsUnviewed","test/src/features/tickets/event_lifecycle_phase_resolver_test.dart","2026-05-24","passed","2026-05-24","","","",""
"","30","recommends cheapest eligible ticket for male user","test/src/features/event/admission/ticket_recommendation_util_test.dart","2026-05-24","passed","2026-05-24","","TicketRecommendationUtil","",""
"","72","/events/:id 라우트 → EventDetailPage 렌더링","test/integration/flow_event_browse_test.dart","2026-05-24","passed","2026-05-24","","이벤트 탐색 플로우 — 홈→상세→파트너","",""
"","27","hasParties=false shows ""파티 만들기"" button","test/src/features/home/widgets/event_action_card_test.dart","2026-05-24","passed","2026-05-24","","EventActionCardEmpty","",""
"","4","parses all fields correctly","test/src/features/settlement/settlement_models_test.dart","2026-05-24","passed","2026-05-24","","PartnerSettlement.fromJson","",""
"","478","recommended ticket shows ""추천"" badge + other ticket list","test/integration/flow_ticket_application_test.dart","2026-05-24","passed","2026-05-24","","TicketSelectionSheet","",""
"","815","onPartyCreated pops the navigator","test/src/features/party/create/party_create_coordinator_test.dart","2026-05-24","passed","2026-05-24","","PartyCreateCoordinator","",""
"","13","requestDeletion updates state with pending status","test/src/features/account_deletion/logic/account_deletion_controller_test.dart","2026-05-24","passed","2026-05-24","","AccountDeletionController","",""
"","13","returns empty list when user is not authenticated","test/src/data/repositories/tag_repository_test.dart","2026-05-24","passed","2026-05-24","getUserInterestTags","TagRepository","",""
"","23","non-canceled status does not use strikethrough","test/src/features/settlement/widgets/settlement_status_badge_test.dart","2026-05-24","passed","2026-05-24","","SettlementStatusBadge widget","",""
"","6","returns list of parties","test/src/data/repositories/party_repository_test.dart","2026-05-24","passed","2026-05-24","getPartiesByPartnerId","PartyRepository","",""
"","5","throws MinglitUserException on non-200 response","test/src/data/repositories/partner_member_repository_test.dart","2026-05-24","passed","2026-05-24","updateMemberRole","PartnerMemberRepository","",""
"","56","upcoming cards show QR button","test/src/features/my_tickets/ui/my_tickets_page_test.dart","2026-05-24","passed","2026-05-24","","MyTicketsPage","",""
"","2","recentCount defaults to 0 when recent_count absent","test/src/data/repositories/tag_repository_test.dart","2026-05-24","passed","2026-05-24","","Tag model","",""
"","3","error message does not include ENVIRONMENT in debug builds","test/src/config/env_keystore_test.dart","2026-05-24","passed","2026-05-24","validate","EnvKeyStore","",""
"","3","returns eligibility data from RPC","test/src/data/repositories/event_repository_queries_test.dart","2026-05-24","passed","2026-05-24","getBulkEligibilityData","EventRepository Queries","",""
"","23","inline variant does not show icon","test/src/ui/widgets/common/minglit_empty_state_test.dart","2026-05-24","passed","2026-05-24","","MinglitEmptyState - inline variant","",""
"","4","updateField roadAddress resets detailAddress and sets address = roadAddress","test/src/features/onboarding/partner_apply_controller_test.dart","2026-05-24","passed","2026-05-24","Regression #1599: roadAddress/detailAddress handling prevents double-append","PartnerApplyController","",""
"","3","marks isDirty when schedule changes","test/src/features/party/event/edit/event_edit_controller_test.dart","2026-05-24","passed","2026-05-24","updateSchedule","EventEditController","",""
"","3","removeFilter removes nearby filter","test/src/features/explore/providers/explore_filter_integration_test.dart","2026-05-24","passed","2026-05-24","","ActiveFilters provider","",""
"","297","이벤트 상세 → 환불정책 info 아이콘 → 환불 상세 바텀시트","test/integration/flow_error_edge_cases_test.dart","2026-05-24","passed","2026-05-24","","바텀시트/다이얼로그","",""
"","2","returns false when partner has no events","test/src/data/repositories/event_repository_queries_test.dart","2026-05-24","passed","2026-05-24","getHasAnyEvents","EventRepository Queries","",""
"","6","goToDetail calls router.push with settlement detail route","test/src/features/settlement/settlement_coordinator_test.dart","2026-05-24","passed","2026-05-24","","SettlementCoordinator","",""
"","77","returns event applications and entry group data on success","test/src/features/party/event/detail/event_application_logic_test.dart","2026-05-24","passed","2026-05-24","","eventApplicationBundleProvider","",""
"","3","sorts eligible tickets by price ascending","test/src/features/event/admission/ticket_recommendation_util_test.dart","2026-05-24","passed","2026-05-24","","TicketRecommendationUtil","",""
"","43","non-interactive chip has no ConstrainedBox for touch target","test/src/ui/widgets/common/minglit_chip_test.dart","2026-05-24","passed","2026-05-24","","MinglitChip","",""
"","90","unlocked state has no lock banner when confirmedCount == 0","test/src/features/party/event/edit/event_edit_page_test.dart","2026-05-24","passed","2026-05-24","","","",""
"","3","42M — eligible for open and male-only events, not age-restricted (too old)","test/src/features/explore/logic/eligibility_filter_test.dart","2026-05-24","passed","2026-05-24","","persona matrix","",""
"","79","calls castVote and succeeds","test/src/features/event/matching/matching_vote_controller_test.dart","2026-05-24","passed","2026-05-24","vote","MatchingVoteController","",""
"","25","card named constructor sets card variant","test/src/ui/widgets/common/minglit_empty_state_test.dart","2026-05-24","passed","2026-05-24","","MinglitEmptyState - card variant","",""
"","935","EventDetailPage 에러 → MinglitErrorState 에러뷰 + 하단바 숨김","test/integration/flow_error_edge_cases_test.dart","2026-05-24","passed","2026-05-24","","AsyncError 상태","",""
"","7","rethrows exception on network failure","test/src/data/repositories/tag_repository_test.dart","2026-05-24","passed","2026-05-24","getFeaturedTags","TagRepository","",""
"","14","throws StateError when required env vars are missing","test/src/config/env_keystore_test.dart","2026-05-24","passed","2026-05-24","validate","EnvKeyStore","",""
"","4","calls edge function","test/src/data/repositories/event_repository_test.dart","2026-05-24","passed","2026-05-24","confirmPayment","EventRepository","",""
"","3","gender + birth year range","test/src/data/models/event_test.dart","2026-05-24","passed","2026-05-24","","Event conditionSummaries","",""
"","105","Phase 1: shows location link for deeplink navigation","test/src/features/home/widgets/event_now_bottom_sheet_test.dart","2026-05-24","passed","2026-05-24","","EventNowBottomSheet","",""
"","71","shows 3/4 progress and partyName and create-event CTA when hasParty is true","test/src/features/home/widgets/onboarding_step_guide_test.dart","2026-05-24","passed","2026-05-24","","OnboardingStepGuide","",""
"","35","renders correctly with allowMultiple set to true","test/ui/widgets/common/minglit_file_picker_test.dart","2026-05-24","passed","2026-05-24","","MinglitFilePicker Widget Tests","",""
"","69","calls updatePartyStatus with ""active"" for correct partyId","test/src/features/party/detail/party_detail_coordinator_party_status_test.dart","2026-05-24","passed","2026-05-24","","PartyDetailCoordinator.activateParty","",""
"","693","로딩 중에는 인디케이터가 표시된다","test/src/features/purchase/ui/purchase_history_smoke_test.dart","2026-05-24","passed","2026-05-24","","PurchaseHistoryPage smoke","",""
"","93","renders CircleAvatar with fallback icon","test/src/features/home/home_page_app_bar_test.dart","2026-05-24","passed","2026-05-24","when user is logged in without avatar","HomePage AppBar - Auth-aware widgets","",""
"","59","loadMore success adds items to state","test/src/features/settlement/settlement_list_controller_test.dart","2026-05-24","passed","2026-05-24","","SettlementListController","",""
"","23","throws on error","test/src/data/repositories/partner_application_repository_test.dart","2026-05-24","passed","2026-05-24","getMyApplication","PartnerApplicationRepository","",""
"","4","returns events for partner","test/src/data/repositories/event_repository_queries_test.dart","2026-05-24","passed","2026-05-24","getEventsByPartnerId","EventRepository Queries","",""
"","4","returns null when UserRepository returns null (PGRST116)","test/src/logic/providers/current_user_profile_provider_test.dart","2026-05-24","passed","2026-05-24","","currentUserProfileProvider","",""
"","3","produces correct map with new key added","test/src/data/models/metadata_key_test.dart","2026-05-24","passed","2026-05-24","","MetadataMapX.withValue","",""
"","341","tapping info icon opens 파티 관리 가이드 bottom sheet","test/src/features/party/list/party_list_page_test.dart","2026-05-24","passed","2026-05-24","","PartyListPage AppBar — info icon (#2200)","",""
"","3","goToEventDetail calls router.go with event detail route","test/src/features/party/detail/party_detail_coordinator_test.dart","2026-05-24","passed","2026-05-24","","PartyDetailCoordinator","",""
"","14","(setUpAll)","test/src/features/checkin/stats/checkin_stats_controller_test.dart","2026-05-24","passed","2026-05-24","","","",""
"","4","signInWithEmail sets AsyncError when repository throws","test/src/features/auth/logic/auth_controller_test.dart","2026-05-24","passed","2026-05-24","","AuthController","",""
"","7","updateTicket calls repo.updateTicket","test/src/features/ticket/ticket_controller_test.dart","2026-05-24","passed","2026-05-24","","TicketController","",""
"","2","equality works with same values","test/src/data/models/partner_application_test.dart","2026-05-24","passed","2026-05-24","","PartnerApplication","",""
"","50","shows HOLD status message","test/src/features/settlement/settlement_detail_page_test.dart","2026-05-24","passed","2026-05-24","","SettlementDetailPage","",""
"","4","sets error state on failure","test/src/features/auth/logic/auth_controller_test.dart","2026-05-24","passed","2026-05-24","signInWithKakao","AuthController","",""
"","3","toDbJson with custom eventId","test/src/data/models/party_entry_group_test.dart","2026-05-24","passed","2026-05-24","","EntryGroup","",""
"","4","throws MinglitUserException on non-200 with error message","test/src/data/repositories/event_repository_commands_test.dart","2026-05-24","passed","2026-05-24","","EventRepository.confirmPayment","",""
"","937","섹션 헤더 ""태그 (최대 5개)""가 표시된다","test/src/features/party/create/widgets/tag_selection_section_test.dart","2026-05-24","passed","2026-05-24","","TagSelectionSection","",""
"","3","State is eventEnded when event is completed and application was cancelled","test/src/features/event/admission/event_admission_controller_test.dart","2026-05-24","passed","2026-05-24","","Ended event states","",""
"","5","CheckinResult enum has all expected values","test/src/features/checkin/checkin_controller_test.dart","2026-05-24","passed","2026-05-24","","CheckinController","",""
"","532","shows error message when vote meta fails to load","test/src/features/event/matching/matching_vote_content_test.dart","2026-05-24","passed","2026-05-24","","MatchingVoteContent","",""
"","64","initial state is AsyncData(null)","test/src/features/iamport/logic/iamport_controller_test.dart","2026-05-24","passed","2026-05-24","","IamportController","",""
"","92","does not render NavigationBar","test/src/features/home/home_page_app_bar_test.dart","2026-05-24","passed","2026-05-24","NavigationBar removal","HomePage AppBar - Auth-aware widgets","",""
"","6","parses user_profile sample without error","test/contract/contract_test.dart","2026-05-24","passed","2026-05-24","","Contract: UserProfile model ↔ shared sample","",""
"","4","throws MinglitUserException on non-200 response with null data","test/src/data/repositories/event_repository_commands_test.dart","2026-05-24","passed","2026-05-24","","EventRepository.applyEvent","",""
"","73","creates from provider","test/src/features/home/partner_home_coordinator_test.dart","2026-05-24","passed","2026-05-24","","PartnerHomeCoordinator","",""
"","4","includes events crossing midnight (endTime-based)","test/src/features/home/logic/today_active_events_provider_test.dart","2026-05-24","passed","2026-05-24","","todayActiveEventsProvider","",""
"","30","renders label text for pending","test/src/features/settlement/widgets/settlement_status_badge_test.dart","2026-05-24","passed","2026-05-24","","SettlementStatusBadge widget","",""
"","5","parses all required fields","test/src/data/models/settlement_item_detail_test.dart","2026-05-24","passed","2026-05-24","","SettlementItemDetail.fromJson","",""
"","92","creates from provider","test/src/features/member/member_coordinator_test.dart","2026-05-24","passed","2026-05-24","","MemberCoordinator","",""
"","3","missing optional fields use defaults","test/src/data/services/qa_bug_report_channel_test.dart","2026-05-24","passed","2026-05-24","","QaBugReportChannel","",""
"","3","creates with minimal fields and defaults","test/src/data/models/user_profile_test.dart","2026-05-24","passed","2026-05-24","","UserProfile","",""
"","74","비로그인 상태: 검색 버튼 tooltip이 존재한다","test/src/features/home/home_page_app_bar_test.dart","2026-05-24","passed","2026-05-24","Search button navigation — #2339 regression guard","HomePage AppBar - Auth-aware widgets","",""
"","7","closingSoon without eligibility includes fully booked events","test/src/features/explore/providers/explore_filter_integration_test.dart","2026-05-24","passed","2026-05-24","","filteredEventsProvider","",""
"","53","returns FreeApplyEventResult for free ticket response","test/src/data/repositories/event_repository_commands_test.dart","2026-05-24","passed","2026-05-24","","EventRepository.applyEvent","",""
"","5","invokes EF with pause action","test/src/data/repositories/recurrence_rule_repository_test.dart","2026-05-24","passed","2026-05-24","pause","RecurrenceRuleRepository","",""
"","166","로그인 홈: notifications 아이콘 표시","test/integration/home_navigation_test.dart","2026-05-24","passed","2026-05-24","","Home Navigation Flow","",""
"","16","pushVerificationManage calls router.push","test/src/features/verification/verification_coordinator_test.dart","2026-05-24","passed","2026-05-24","","VerificationCoordinator","",""
"","106","비로그인: /login 접근 시 리다이렉트 없이 PartnerLoginPage 표시","test/integration/partner_redirect_test.dart","2026-05-24","passed","2026-05-24","","Partner Redirect Flow","",""
"","29","born this year returns 1","test/src/utils/age_util_test.dart","2026-05-24","passed","2026-05-24","calculateKoreanAge","AgeUtil","",""
"","4","updateStartTime updates start and adjusts end if needed","test/src/features/party/event/create/event_create_controller_test.dart","2026-05-24","passed","2026-05-24","update methods","EventCreateController","",""
"","4","defaults participantStatus to ticket_issued when missing","test/src/data/repositories/event_repository_queries_test.dart","2026-05-24","passed","2026-05-24","getTodayActiveEventsForUser","EventRepository Queries","",""
"","56","loadDashboard error sets error status","test/src/features/settlement/settlement_dashboard_controller_test.dart","2026-05-24","passed","2026-05-24","","SettlementDashboardController","",""
"","9","creates new ticket when template has empty id in incoming list","test/src/features/party/create/party_create_wizard_edit_submit_test.dart","2026-05-24","passed","2026-05-24","","_submitEdit — basic flow","",""
"","42","displays helper text","test/src/ui/widgets/common/minglit_text_field_test.dart","2026-05-24","passed","2026-05-24","","MinglitTextField","",""
"","7","includes entry_group_templates in body when entryGroups provided","test/src/data/repositories/party_repository_test.dart","2026-05-24","passed","2026-05-24","updateParty","PartyRepository","",""
"","3008","서버 키 fetch 실패 — 예외 발생 시 invalid 상태 전환","test/src/features/checkin/checkin_controller_test.dart","2026-05-24","passed","2026-05-24","processQR","CheckinController","",""
"","32","does not show zero-state text when count > 0","test/src/features/home/widgets/pending_applicants_badge_card_test.dart","2026-05-24","passed","2026-05-24","","PendingApplicantsBadgeCard","",""
"","4","returns events when user is not logged in","test/src/logic/providers/event_feed_provider_test.dart","2026-05-24","passed","2026-05-24","","eventFeedProvider — ticket filter regression (#778)","",""
"","104","권한 설정 tap → AppPermissionSettingsScreen (Navigator.push)","test/integration/flow_my_page_test.dart","2026-05-24","passed","2026-05-24","","MyPage 메뉴 탭","",""
"","49","empty state uses MinglitEmptyState widget","test/src/features/my_tickets/ui/my_tickets_page_test.dart","2026-05-24","passed","2026-05-24","","MyTicketsPage","",""
"","74","confirmedCount comes from event.currentParticipants","test/src/features/party/event/edit/event_edit_controller_test.dart","2026-05-24","passed","2026-05-24","build","EventEditController","",""
"","71","본인인증이 동의된 경우 ""동의됨""으로 표시된다","test/src/features/settings/privacy_page_test.dart","2026-05-24","passed","2026-05-24","","","",""
"","3","validateStep(3) returns false when document paths are null","test/src/features/onboarding/partner_apply_validation_test.dart","2026-05-24","passed","2026-05-24","","PartnerApplyValidation","",""
"","2","both conditions fail → no refund","test/src/utils/refund_calculator_test.dart","2026-05-24","passed","2026-05-24","","RefundCalculator binary policy","",""
"","5","adds a new day","test/src/features/party/logic/recurrence_settings_controller_test.dart","2026-05-24","passed","2026-05-24","toggleDay","RecurrenceSettingsController","",""
"","57","checkInReady phase shows 입장 QR 보기","test/src/features/tickets/event_ongoing_banner_test.dart","2026-05-24","passed","2026-05-24","","","",""
"","3","returns list of closing soon events","test/src/data/repositories/event_repository_test.dart","2026-05-24","passed","2026-05-24","getClosingSoonEvents","EventRepository","",""
"","163","로그인 상태: 동의 페이지 자체에서는 redirect loop가 발생하지 않는다","test/integration/consent_redirect_test.dart","2026-05-24","passed","2026-05-24","","Signup Consent Redirect Flow","",""
"","83","T2b: 권한이 아예 없는 경우 → 계좌 관리 버튼이 표시되지 않는다","test/src/features/settlement/settlement_page_test.dart","2026-05-24","passed","2026-05-24","","SettlementPage — Fix #1568: 계좌 관리 버튼 진입","",""
"","3","higher-priority phases sort earlier","test/src/features/tickets/event_ongoing_banner_test.dart","2026-05-24","passed","2026-05-24","","urgencyRank","",""
"","6","TagRepository.getTrendingTags() 결과를 반환한다","test/src/features/home/logic/tag_providers_test.dart","2026-05-24","passed","2026-05-24","","trendingTagsProvider","",""
"","32","Test B: BugReporterWrapper hides FAB overlay when provider is false","test/ui/widgets/bug_reporter_wrapper_test.dart","2026-05-24","passed","2026-05-24","","BugReportFab","",""
"","11","accepts onDismiss callback parameter","test/src/features/event/detail/open_in_app_dialog_test.dart","2026-05-24","passed","2026-05-24","","OpenInAppBanner","",""
"","49","applies bold font weight when bold is true","test/src/ui/widgets/common/minglit_key_value_row_test.dart","2026-05-24","passed","2026-05-24","","MinglitKeyValueRow","",""
"","37","empty queue does not show progress text","test/src/features/party/event/review/event_application_review_carousel_page_test.dart","2026-05-24","passed","2026-05-24","","","",""
"","40","Apple sign-in button renders when callback provided","test/widget_test.dart","2026-05-24","passed","2026-05-24","","","",""
"","4","creates from JSON with minimal fields","test/src/data/models/party_entry_group_test.dart","2026-05-24","passed","2026-05-24","","EntryGroupTemplate","",""
"","18","should fail verification with wrong signature","test/src/utils/ticket_crypto_test.dart","2026-05-24","passed","2026-05-24","","TicketCrypto","",""
"","66","스위치 ON → onVisibilityChanged(""private"") 호출","test/src/features/party/widgets/party_status_edit_sheet_test.dart","2026-05-24","passed","2026-05-24","","PartyStatusEditSheet — 공개 범위 변경","",""
"","3","throws when EF invoke fails","test/src/data/repositories/matching_repository_test.dart","2026-05-24","passed","2026-05-24","castVote","MatchingRepository","",""
"","5","returns partner when found","test/src/data/repositories/partner_repository_test.dart","2026-05-24","passed","2026-05-24","getPartnerById","PartnerRepository","",""
"","62","renders two buttons","test/ui/widgets/common/minglit_bottom_cta_test.dart","2026-05-24","passed","2026-05-24","dual variant","MinglitBottomCTA","",""
"","3","has default user message","test/src/utils/exceptions_test.dart","2026-05-24","passed","2026-05-24","","MinglitSystemException","",""
"","2","reasonCode is null when not provided","test/src/data/models/settlement_item_detail_test.dart","2026-05-24","passed","2026-05-24","","AdjustmentItemModel.fromJson","",""
"","2","creates with defaults","test/src/data/models/verification_test.dart","2026-05-24","passed","2026-05-24","","VerificationFormField","",""
"","21","(setUpAll)","test/src/logic/providers/event_feed_provider_test.dart","2026-05-24","passed","2026-05-24","","","",""
"","48","본인인증 타일 탭 시 onCertification 호출","test/src/ui/widgets/common/account_management_page_test.dart","2026-05-24","passed","2026-05-24","","AccountManagementPage certification tile","",""
"","157","Next disabled when contact fields are empty","test/src/features/onboarding/partner_apply_page_test.dart","2026-05-24","passed","2026-05-24","Fix #2162 — Step 3 contact/bank validation","PartnerApplyPage","",""
"","4","returns bank account map","test/src/data/repositories/settlement_repository_test.dart","2026-05-24","passed","2026-05-24","getBankAccount","SettlementRepository","",""
"","79","displays paidAt date when available","test/src/features/payment/ui/purchase_history_card_test.dart","2026-05-24","passed","2026-05-24","","PurchaseHistoryCard — Fix #579 구매일 표시 회귀 테스트","",""
"","7","returns empty list when no rules exist","test/src/features/party/matching/matching_controller_test.dart","2026-05-24","passed","2026-05-24","","eventMatchRules","",""
"","3","throws on RPC error","test/src/data/repositories/event_repository_queries_test.dart","2026-05-24","passed","2026-05-24","getApplicationsByEventId error","EventRepository Queries","",""
"","6","completes successfully","test/src/data/repositories/partner_application_repository_test.dart","2026-05-24","passed","2026-05-24","reviewApplication","PartnerApplicationRepository","",""
"","362","shows error when events fail to load","test/src/features/checkin/checkin_placeholder_page_test.dart","2026-05-24","passed","2026-05-24","","CheckinPlaceholderPage","",""
"","101","from 파라미터 → 로그인 후 원래 경로로 복귀","test/integration/flow_notification_routing_test.dart","2026-05-24","passed","2026-05-24","","로그인 복귀","",""
"","5","매칭 결과 0건일 때 MATCHING 유지 (빈 매칭은 아직 결과가 아님)","test/src/features/home/logic/event_now_bar_state_provider_test.dart","2026-05-24","passed","2026-05-24","","eventNowBarStateProvider — 6-state 상태 머신","",""
"","363","비공개 스위치 토글 → visibility private으로 변경","test/src/features/party/create/steps/step1_basic_info_test.dart","2026-05-24","passed","2026-05-24","","Step1BasicInfo","",""
"","9","returns false immediately when permission is permanently denied","test/src/features/notification/notification_service_test.dart","2026-05-24","passed","2026-05-24","","_ensureNotificationPermission (#1687)","",""
"","3","ignores from=/login to prevent redirect loop","test/src/routing/app_router_redirect_test.dart","2026-05-24","passed","2026-05-24","","/login — already authenticated","",""
"","10","returns null if Edge Function returns non-200 status","test/src/features/ticket/data/ticket_token_service_test.dart","2026-05-24","passed","2026-05-24","","TicketTokenService","",""
"","2","birth year max only","test/src/data/models/event_test.dart","2026-05-24","passed","2026-05-24","","Event conditionSummaries","",""
"","3","removeField removes field at index","test/src/features/verification/create_verification_controller_test.dart","2026-05-24","passed","2026-05-24","","CreateVerificationController","",""
"","58","invokes EF with create action and returns rule","test/src/data/repositories/recurrence_rule_repository_test.dart","2026-05-24","passed","2026-05-24","create","RecurrenceRuleRepository","",""
"","3","returns true when all required consents exist","test/src/features/consent/logic/consent_controller_test.dart","2026-05-24","passed","2026-05-24","","hasRequiredConsents","",""
"","10","calls initialize() for each signedIn event","test/src/features/notification/notification_initializer_test.dart","2026-05-24","passed","2026-05-24","","notificationInitializerProvider","",""
"","2","public-object URL, width 없음 → 원본 URL 그대로 반환 (render path 미변환)","test/utils/supabase_image_url_test.dart","2026-05-24","passed","2026-05-24","","supabaseImageUrl","",""
"","777","scrollable=true renders ListView with correct height","test/src/ui/widgets/common/minglit_chip_group_test.dart","2026-05-24","passed","2026-05-24","","MinglitChipGroup","",""
"","48","returns list of SettlementItemDetail","test/src/data/repositories/settlement_repository_test.dart","2026-05-24","passed","2026-05-24","getSettlementItems","SettlementRepository","",""
"","4","accepts valid value above minimum","test/src/features/party/event/edit/event_edit_controller_test.dart","2026-05-24","passed","2026-05-24","updateMaxParticipants","EventEditController","",""
"","901","참가자 있음 — 섹션 헤더 표시","test/src/features/checkin/manual/manual_checkin_sheet_test.dart","2026-05-24","passed","2026-05-24","","ManualCheckinSheet","",""
"","4","invokes EF with update_status action","test/src/data/repositories/party_repository_test.dart","2026-05-24","passed","2026-05-24","updateEventStatus","PartyRepository (events)","",""
"","4","sets error state when server verification fails","test/src/features/iamport/logic/iamport_controller_test.dart","2026-05-24","passed","2026-05-24","onCertificationResult","IamportController","",""
"","3","returns false for rejected application","test/src/data/repositories/event_repository_test.dart","2026-05-24","passed","2026-05-24","checkApplicationStatus","EventRepository","",""
"","97","initial state starts at identity with new fields","test/src/features/event/admission/event_application_controller_test.dart","2026-05-24","passed","2026-05-24","","EventApplicationController","",""
"","5","previousStep does nothing at first step","test/src/features/party/create/party_create_wizard_controller_test.dart","2026-05-24","passed","2026-05-24","step navigation","PartyCreateWizardController","",""
"","172","tapping profile icon navigates to login with from=/my","test/src/features/home/home_page_app_bar_test.dart","2026-05-24","passed","2026-05-24","when user is not logged in","HomePage AppBar - Auth-aware widgets","",""
"","787","정상 렌더링 — ""신청관리"" 제목과 3개 탭이 표시된다","test/src/features/application/ui/application_manage_smoke_test.dart","2026-05-24","passed","2026-05-24","","EventApplicationManagePage smoke","",""
"","3","returns empty list when no parties","test/src/data/repositories/party_repository_test.dart","2026-05-24","passed","2026-05-24","getParties","PartyRepository","",""
"","3","re-fetches from Edge Function if cached token is expired","test/src/features/ticket/data/ticket_token_service_test.dart","2026-05-24","passed","2026-05-24","","TicketTokenService","",""
"","4","goToSettlement navigates to settlement root","test/src/features/account_deletion/account_deletion_coordinator_test.dart","2026-05-24","passed","2026-05-24","","AccountDeletionCoordinator","",""
"","4","has all expected values","test/src/data/models/social_interaction_test.dart","2026-05-24","passed","2026-05-24","","SocialInteractionType","",""
"","4","Korean age is always 1 more than Man age (year-only approximation)","test/src/utils/age_util_test.dart","2026-05-24","passed","2026-05-24","calculateManAge","AgeUtil","",""
"","7","propagates EF error when invoke fails","test/src/data/repositories/matching_repository_test.dart","2026-05-24","passed","2026-05-24","updateMatchRules","MatchingRepository","",""
"","409","구매 내역 tap → PurchaseHistoryPage","test/integration/flow_my_page_test.dart","2026-05-24","passed","2026-05-24","","MyPage 메뉴 탭","",""
"","13","returns events with empty tickets when user is logged in","test/src/logic/providers/event_feed_provider_test.dart","2026-05-24","passed","2026-05-24","","eventFeedProvider — ticket filter regression (#778)","",""
"","15","completes without error","test/src/data/repositories/event_repository_test.dart","2026-05-24","passed","2026-05-24","cancelOrder","EventRepository","",""
"","27","renders 승인됨 for approved status","test/src/common/widgets/status_badge_test.dart","2026-05-24","passed","2026-05-24","","StatusBadge","",""
"","69","onDevTrigger 비-null → devTriggerKey 존재 (GestureDetector 렌더링)","test/src/features/auth/ui/minglit_login_screen_test.dart","2026-05-24","passed","2026-05-24","","MinglitLoginScreen — _DevTriggerLogo 5-탭 #2340 regression guard","",""
"","51","PrivacyPage에 회원 탈퇴 버튼이 없다","test/src/features/settings/privacy_page_test.dart","2026-05-24","passed","2026-05-24","","","",""
"","9","markAsRead updates notification optimistically","test/src/features/notification/notification_list_controller_test.dart","2026-05-24","passed","2026-05-24","","NotificationListController","",""
"","62","renders today banner when today event exists","test/src/features/my_tickets/ui/my_tickets_page_test.dart","2026-05-24","passed","2026-05-24","","MyTicketsPage","",""
"","4","copyWith creates modified copy","test/src/data/models/user_profile_test.dart","2026-05-24","passed","2026-05-24","","UserProfile","",""
"","5","throws on error","test/src/data/repositories/party_repository_test.dart","2026-05-24","passed","2026-05-24","createParty","PartyRepository","",""
"","8","invokes EF with cancel action","test/src/data/repositories/recurrence_rule_repository_test.dart","2026-05-24","passed","2026-05-24","cancel","RecurrenceRuleRepository","",""
"","8","10개 미만 반환 시 hasMore=false","test/src/features/explore/providers/recommendation_feed_notifier_test.dart","2026-05-24","passed","2026-05-24","마지막 페이지 — hasMore=false","RecommendationFeedNotifier","",""
"","14","returns false for wrong public key (before RPC call)","test/src/data/repositories/checkin_repository_test.dart","2026-05-24","passed","2026-05-24","verifyAndCheckin","CheckinRepository","",""
"","2","fromString is case-insensitive (lowercase input)","test/src/features/settlement/widgets/settlement_status_badge_test.dart","2026-05-24","passed","2026-05-24","","SettlementStatus.fromString","",""
"","9","ignores unknown setting keys","test/src/features/notification/logic/notification_settings_controller_test.dart","2026-05-24","passed","2026-05-24","updateSetting","NotificationSettingsController","",""
"","4","returns null when not found","test/src/data/repositories/partner_repository_test.dart","2026-05-24","passed","2026-05-24","getPartnerById","PartnerRepository","",""
"","507","renders label text for completed","test/src/features/settlement/widgets/settlement_status_badge_test.dart","2026-05-24","passed","2026-05-24","","SettlementStatusBadge widget","",""
"","4","returns empty list and skips events query when RPC returns no IDs","test/src/data/repositories/event_repository_queries_test.dart","2026-05-24","passed","2026-05-24","searchEvents","EventRepository Queries","",""
"","46","pattern chips hidden when toggle is off","test/src/features/party/ui/recurrence_settings_section_test.dart","2026-05-24","passed","2026-05-24","","RecurrenceSettingsSection","",""
"","6","returns mapped applications from RPC","test/src/data/repositories/event_repository_queries_test.dart","2026-05-24","passed","2026-05-24","getApplicationsByEventId","EventRepository Queries","",""
"","9","resetStatus preserves current step and data","test/src/features/event/admission/event_application_controller_test.dart","2026-05-24","passed","2026-05-24","","EventApplicationController","",""
"","51","완료 상태면 이벤트 정보 카드에 종료됨 레이블이 표시된다","test/src/features/party/event/detail/event_detail_page_smoke_test.dart","2026-05-24","passed","2026-05-24","","EventDetailPage (Fix #2109)","",""
"","67","renders shell content in body","test/src/ui/shell/partner_scaffold_test.dart","2026-05-24","passed","2026-05-24","","PartnerScaffold bottom navigation — owner (settlement access)","",""
"","4","build returns null when user is not logged in","test/src/features/notification/logic/notification_settings_controller_test.dart","2026-05-24","passed","2026-05-24","","NotificationSettingsController","",""
"","72","빈 참가자 — ""참가자가 없습니다"" 표시","test/src/features/checkin/manual/manual_checkin_sheet_test.dart","2026-05-24","passed","2026-05-24","","ManualCheckinSheet","",""
"","104","calls onTap when tapped","test/ui/widgets/common/minglit_list_tile_test.dart","2026-05-24","passed","2026-05-24","","MinglitListTile","",""
"","22","card variant does not show CTA button","test/src/ui/widgets/common/minglit_empty_state_test.dart","2026-05-24","passed","2026-05-24","","MinglitEmptyState - card variant","",""
"","4","pushLogin with from parameter includes from in path","test/src/features/auth/logic/auth_coordinator_test.dart","2026-05-24","passed","2026-05-24","","AuthCoordinator","",""
"","29","subscribes to auth.onAuthStateChange on init","test/src/features/auth/ui/staff_guard_wrapper_test.dart","2026-05-24","passed","2026-05-24","","StaffGuardWrapper","",""
"","39","비로그인: /certification 접근 시 LoginPage로 리다이렉트","test/integration/auth_redirect_test.dart","2026-05-24","passed","2026-05-24","","Auth Redirect Flow","",""
"","385","로그인 상태: /login 접근 시 홈(PartnerHomePage)으로 리다이렉트","test/integration/partner_redirect_test.dart","2026-05-24","passed","2026-05-24","","Partner Redirect Flow","",""
"","50","defaults: disabled, weekly, Monday selected","test/src/features/party/logic/recurrence_settings_controller_test.dart","2026-05-24","passed","2026-05-24","initial state","RecurrenceSettingsController","",""
"","5","calls EF with update action and is_active=true","test/src/data/repositories/verification_command_repository_test.dart","2026-05-24","passed","2026-05-24","restoreVerification","VerificationRepository (command)","",""
"","53","ClampingScrollPhysics allows swipe gestures","test/src/features/onboarding/partner_welcome_page_test.dart","2026-05-24","passed","2026-05-24","","PartnerWelcomePage","",""
"","42","카드 자체에 안내 문구(""입장 시 파트너에게"") 없음 — TicketQRScreen 책임","test/src/features/ticket/ui/boarding_pass_card_test.dart","2026-05-24","passed","2026-05-24","","BoardingPassCard","",""
"","35","partner overlay can be hidden in partner-owned context","test/src/ui/widgets/party/event_card_state_test.dart","2026-05-24","passed","2026-05-24","","EventCard state visualization","",""
"","4","dispose 시 채널 unsubscribe","test/src/features/checkin/stats/entry_group_checkin_stats_controller_test.dart","2026-05-24","passed","2026-05-24","","EntryGroupCheckinStatsController","",""
"","28","unknown status shows fallback message","test/src/features/settlement/settlement_detail_page_test.dart","2026-05-24","passed","2026-05-24","","StatusMessageCard","",""
"","117","onMainAction callback is invoked when CTA tapped","test/src/features/home/widgets/event_action_card_test.dart","2026-05-24","passed","2026-05-24","","EventActionCard","",""
"","68","위치정보 이용 동의 토글 시 ConsentController.toggleConsent를 호출한다","test/src/features/settings/privacy_page_test.dart","2026-05-24","passed","2026-05-24","","","",""
"","58","shows FAILED status message","test/src/features/settlement/settlement_detail_page_test.dart","2026-05-24","passed","2026-05-24","","SettlementDetailPage","",""
"","30","disabled tile is not interactive","test/ui/widgets/common/minglit_list_tile_test.dart","2026-05-24","passed","2026-05-24","","MinglitListTile","",""
"","50","payment step shows refund notice text","test/integration/flow_ticket_application_test.dart","2026-05-24","passed","2026-05-24","","EventApplicationWizardPage","",""
"","4","returns 0 when user is not authenticated","test/src/data/repositories/matching_repository_test.dart","2026-05-24","passed","2026-05-24","getMyVoteCount","MatchingRepository","",""
"","3","validateStep(2) requires all contact and bank fields","test/src/features/onboarding/partner_apply_validation_test.dart","2026-05-24","passed","2026-05-24","","PartnerApplyValidation","",""
"","25","renders with empty content child","test/src/ui/widgets/common/minglit_section_test.dart","2026-05-24","passed","2026-05-24","","MinglitSection","",""
"","5","signInWithGoogle sets AsyncError when repository throws","test/src/features/auth/logic/auth_controller_test.dart","2026-05-24","passed","2026-05-24","","AuthController","",""
"","4","paid_at is mapped when present in RPC row","test/src/data/repositories/event_application_rpc_mapping_test.dart","2026-05-24","passed","2026-05-24","","mapEventApplicationRpcRow flat-to-nested transformation","",""
"","3","returns null when not found","test/src/data/repositories/notification_repository_test.dart","2026-05-24","passed","2026-05-24","getSettings","NotificationRepository","",""
"","798","입장 그룹 없으면 MinglitEmptyState 표시, AddActionCard 표시","test/src/features/party/create/steps/step4_entry_rules_test.dart","2026-05-24","passed","2026-05-24","","Step4EntryRules","",""
"","3","returns preparing when start is exactly 3 hours away (boundary: inHours == 3)","test/src/features/home/widgets/event_action_card_logic_test.dart","2026-05-24","passed","2026-05-24","","getEventPhase","",""
"","6","used → ""사용 완료""","test/src/features/ticket/logic/boarding_pass_status_test.dart","2026-05-24","passed","2026-05-24","","BoardingPassStatus.semanticLabel","",""
"","60","로딩 중에 MinglitSkeleton이 표시되고 CircularProgressIndicator는 없다","test/src/features/party/create/widgets/tag_selection_section_test.dart","2026-05-24","passed","2026-05-24","","TagSelectionSection","",""
"","5","returns null when policy not found","test/src/data/repositories/policy_repository_test.dart","2026-05-24","passed","2026-05-24","getRefundPolicy","PolicyRepository","",""
"","215","provider enters error state when repository throws","test/src/logic/providers/event_feed_provider_test.dart","2026-05-24","passed","2026-05-24","","fetchEventFeedProvider","",""
"","4","previewDates are sorted ascending","test/src/features/party/logic/recurrence_settings_controller_test.dart","2026-05-24","passed","2026-05-24","previewDates","RecurrenceSettingsController","",""
"","4","tickets without event relation go to past","test/src/features/my_tickets/logic/my_tickets_controller_test.dart","2026-05-24","passed","2026-05-24","","MyTicketsController","",""
"","57","triggerBugReport call invokes BugReportCollector.submitReport","test/src/data/services/qa_bug_report_channel_test.dart","2026-05-24","passed","2026-05-24","","QaBugReportChannel","",""
"","17","plain value with no special chars returns as-is","test/src/features/settlement/widgets/download_bottom_sheet_test.dart","2026-05-24","passed","2026-05-24","","escapeCsv","",""
"","3","returns null when not found","test/src/data/repositories/settlement_repository_test.dart","2026-05-24","passed","2026-05-24","getBankAccount","SettlementRepository","",""
"","8","updateDisplayName updates state","test/src/features/verification/create_verification_controller_test.dart","2026-05-24","passed","2026-05-24","","CreateVerificationController","",""
"","3","setVisibility updates visibility","test/src/features/party/event/create/event_create_controller_test.dart","2026-05-24","passed","2026-05-24","update methods","EventCreateController","",""
"","58","refresh resets items and reloads","test/src/features/settlement/settlement_list_controller_test.dart","2026-05-24","passed","2026-05-24","","SettlementListController","",""
"","3","(tearDownAll)","test/src/features/checkin/checkin_controller_test.dart","2026-05-24","passed","2026-05-24","processQR","CheckinController","",""
"","134","tapping 계정 관리 forwards to coordinator","test/src/features/more/more_page_test.dart","2026-05-24","passed","2026-05-24","","MorePage","",""
"","101","enables submit when no blockers exist","test/src/features/account_deletion/deletion_verify_page_test.dart","2026-05-24","passed","2026-05-24","","","",""
"","57","loadDashboardData sets error state on exception","test/src/features/home/partner_dashboard_controller_test.dart","2026-05-24","passed","2026-05-24","","PartnerDashboardController","",""
"","30","hides partner profile tile when onPartnerProfile is null","test/ui/pages/account_management_page_test.dart","2026-05-24","passed","2026-05-24","","AccountManagementPage","",""
"","71","onTap callback fires on tap","test/src/ui/widgets/common/minglit_filter_chip_test.dart","2026-05-24","passed","2026-05-24","","MinglitFilterChip","",""
"","3","recommends cheaper female ticket for female user","test/src/features/event/admission/ticket_recommendation_util_test.dart","2026-05-24","passed","2026-05-24","","TicketRecommendationUtil","",""
"","43","shows certification tile with 인증 완료 when verified","test/ui/pages/account_management_page_test.dart","2026-05-24","passed","2026-05-24","","AccountManagementPage","",""
"","84","tapping 파티 관리 forwards to coordinator","test/src/features/more/more_page_test.dart","2026-05-24","passed","2026-05-24","","MorePage","",""
"","155","calls onChanged when text changes","test/src/ui/widgets/common/minglit_text_field_test.dart","2026-05-24","passed","2026-05-24","","MinglitTextField","",""
"","289","태그 5개 선택 시 검색 필드가 비활성화된다","test/src/features/party/create/widgets/tag_selection_section_test.dart","2026-05-24","passed","2026-05-24","","TagSelectionSection","",""
"","3","throws on rpc error","test/src/data/repositories/settlement_repository_test.dart","2026-05-24","passed","2026-05-24","retryPayout","SettlementRepository","",""
"","3","비-Supabase URL, width 없음 → 변경 없음","test/utils/supabase_image_url_test.dart","2026-05-24","passed","2026-05-24","","supabaseImageUrl","",""
"","190","파티 제목 / 상세 설명 / 커버 이미지 섹션 라벨 표시됨","test/src/features/party/create/steps/step1_basic_info_test.dart","2026-05-24","passed","2026-05-24","","Step1BasicInfo","",""
"","48","hides certification tile when onCertification is null","test/ui/pages/account_management_page_test.dart","2026-05-24","passed","2026-05-24","","AccountManagementPage","",""
"","116","shows masked email when userEmail is provided","test/src/features/party/event/detail/event_application_list_page_test.dart","2026-05-24","passed","2026-05-24","","환불 tab","",""
"","3","updateField detailAddress appends to roadAddress in combined address","test/src/features/onboarding/partner_apply_controller_test.dart","2026-05-24","passed","2026-05-24","Regression #1599: roadAddress/detailAddress handling prevents double-append","PartnerApplyController","",""
"","6","sets error status on repository failure","test/src/features/party/event/create/event_create_controller_test.dart","2026-05-24","passed","2026-05-24","submit","EventCreateController","",""
"","47","(setUpAll)","test/ui/widgets/party/event_card_sold_out_test.dart","2026-05-24","passed","2026-05-24","","","",""
"","115","빈 상태 — ""아직 이 태그의 이벤트가 없어요"" 메시지와 홈 버튼이 렌더링된다","test/src/features/tag/ui/tag_event_list_page_test.dart","2026-05-24","passed","2026-05-24","","TagEventListPage","",""
"","69","idle → success (userName 없음) — ""체크인 완료"" 배너 표시","test/src/features/checkin/widgets/checkin_scanner_overlay_test.dart","2026-05-24","passed","2026-05-24","","CheckinScannerOverlay 배너","",""
"","8","Fix #1961: expiresAt is UTC","test/src/data/repositories/checkin_repository_test.dart","2026-05-24","passed","2026-05-24","mintTicket","CheckinRepository","",""
"","14","sets error state when certification fails from Iamport","test/src/features/iamport/logic/iamport_controller_test.dart","2026-05-24","passed","2026-05-24","onCertificationResult","IamportController","",""
"","7","creates and returns new location","test/src/data/repositories/location_repository_test.dart","2026-05-24","passed","2026-05-24","createLocation","LocationRepository","",""
"","119","shows placeholder when partner is null","test/src/features/more/more_page_test.dart","2026-05-24","passed","2026-05-24","","MorePage","",""
"","4","throws MinglitUserException on non-200 response","test/src/data/repositories/matching_repository_test.dart","2026-05-24","passed","2026-05-24","updateMatchRules","MatchingRepository","",""
"","44","does not render today banner when no today event","test/src/features/my_tickets/ui/my_tickets_page_test.dart","2026-05-24","passed","2026-05-24","","MyTicketsPage","",""
"","5","includes event and ticket relations","test/src/data/repositories/event_repository_queries_test.dart","2026-05-24","passed","2026-05-24","getMyTickets","EventRepository Queries","",""
"","6","contains StatefulShellRoute for bottom navigation","test/src/routing/app_routes_test.dart","2026-05-24","passed","2026-05-24","","AppRoutes","",""
"","27","pulsing=true with disableAnimations=true renders no Transform","test/src/common/widgets/minglit_timeline_test.dart","2026-05-24","passed","2026-05-24","","MinglitTimeline","",""
"","3","defaults numeric fields to 0 when missing","test/src/features/settlement/settlement_models_test.dart","2026-05-24","passed","2026-05-24","","PartnerMonthlyRevenue.fromJson","",""
"","5","checkInReady when event status is active","test/src/features/tickets/logic/active_event_banners_provider_test.dart","2026-05-24","passed","2026-05-24","","waiting vs checkInReady transition","",""
"","13","toggleBalance flips balanceEnabled","test/src/features/party/create/party_create_wizard_controller_test.dart","2026-05-24","passed","2026-05-24","step 3: capacity & contact","PartyCreateWizardController","",""
"","221","auto-routes to QRScannerScreen when exactly 1 event today","test/src/features/checkin/checkin_placeholder_page_test.dart","2026-05-24","passed","2026-05-24","","CheckinPlaceholderPage","",""
"","46","checkedIn phase shows disabled 즐거운 시간 보내세요","test/src/features/tickets/event_ongoing_banner_test.dart","2026-05-24","passed","2026-05-24","","","",""
"","6","submit error sets error message","test/src/features/verification/create_verification_controller_test.dart","2026-05-24","passed","2026-05-24","","CreateVerificationController","",""
"","29","does not render button when only actionLabel is provided","test/src/ui/widgets/common/minglit_empty_state_test.dart","2026-05-24","passed","2026-05-24","","MinglitEmptyState","",""
"","2","exactly at cutoff boundary → full refund","test/src/utils/refund_calculator_test.dart","2026-05-24","passed","2026-05-24","","RefundCalculator binary policy","",""
"","1070","AppBar에 ""정산"" 제목이 표시된다","test/src/features/settlement/ui/settlement_smoke_test.dart","2026-05-24","passed","2026-05-24","","SettlementPage smoke","",""
"","57","renders MinglitSectionDivider.thin when showDividers is true","test/ui/widgets/common/minglit_content_layout_test.dart","2026-05-24","passed","2026-05-24","","MinglitContentLayout","",""
"","37","Phase 4: shows empty state when no matches","test/src/features/home/widgets/event_now_bottom_sheet_test.dart","2026-05-24","passed","2026-05-24","","EventNowBottomSheet","",""
"","2","defaults to false when metadata flag is absent","test/src/features/account_deletion/account_deletion_flow_test.dart","2026-05-24","passed","2026-05-24","","usesPasswordAuth","",""
"","24","Fix #1961: sign-verify round-trip after JSON serialization","test/src/data/repositories/checkin_repository_test.dart","2026-05-24","passed","2026-05-24","verifyAndCheckin","CheckinRepository","",""
"","2","validateStep for unknown step returns false","test/src/features/onboarding/partner_apply_validation_test.dart","2026-05-24","passed","2026-05-24","","PartnerApplyValidation","",""
"","3","returns empty map when last element is null","test/src/features/verification/review_verification_screen_test.dart","2026-05-24","passed","2026-05-24","","snapshot_data type guard","",""
"","52","이벤트 로딩 중에는 로딩 인디케이터가 표시된다","test/src/features/event/ui/event_application_wizard_smoke_test.dart","2026-05-24","passed","2026-05-24","","EventApplicationWizardPage","",""
"","56","totalAttendees includes participants from live events","test/src/features/home/partner_dashboard_controller_test.dart","2026-05-24","passed","2026-05-24","","PartnerDashboardController","",""
"","6","throws MinglitUserException on EF error","test/src/data/repositories/partner_application_repository_test.dart","2026-05-24","passed","2026-05-24","saveDraft","PartnerApplicationRepository","",""
"","41","shows CHECKED_IN status text after check-in","test/src/features/home/widgets/event_now_bar_test.dart","2026-05-24","passed","2026-05-24","","EventNowBar","",""
"","3","swallows EF error — does not throw on failure","test/src/data/repositories/notification_repository_test.dart","2026-05-24","passed","2026-05-24","markAsRead","NotificationRepository","",""
"","654","hides section entirely when all tags have recentCount == 0","test/src/features/home/widgets/trending_tag_section_test.dart","2026-05-24","passed","2026-05-24","","TrendingTagSection","",""
"","4","returns false when user is not logged in","test/src/features/consent/logic/consent_controller_test.dart","2026-05-24","passed","2026-05-24","","hasRequiredConsents","",""
"","3","returns empty list when no matches","test/src/features/event/matching/matching_vote_controller_test.dart","2026-05-24","passed","2026-05-24","","myMatches","",""
"","5","rethrows unexpected exceptions","test/src/features/iamport/data/repository/iamport_repository_test.dart","2026-05-24","passed","2026-05-24","verifyCertification","IamportRepository","",""
"","2","born 1 year ago returns 1","test/src/utils/age_util_test.dart","2026-05-24","passed","2026-05-24","calculateManAge","AgeUtil","",""
"","3","wraps SocketException into network error","test/src/utils/exceptions_test.dart","2026-05-24","passed","2026-05-24","","MinglitException.from","",""
"","96","creates from provider with GoRouter","test/src/features/payment/logic/payment_coordinator_test.dart","2026-05-24","passed","2026-05-24","","PaymentCoordinator","",""
"","5","returns empty when user profile is null","test/src/features/explore/logic/eligibility_filter_test.dart","2026-05-24","passed","2026-05-24","","EligibilityFilter","",""
"","5","copyWith creates modified copy","test/src/data/models/party_test.dart","2026-05-24","passed","2026-05-24","","Location","",""
"","36","renders correctly with custom label and custom hint","test/ui/widgets/common/minglit_file_picker_test.dart","2026-05-24","passed","2026-05-24","","MinglitFilePicker Widget Tests","",""
"","102","logs configuration error when JUSO_CONFIRM_KEY is empty","test/src/features/onboarding/widgets/address_search_dialog_test.dart","2026-05-24","passed","2026-05-24","","AddressSearchDialog","",""
"","3","parses failed certification result","test/src/features/iamport/data/model/iamport_result_model_test.dart","2026-05-24","passed","2026-05-24","fromJson","IamportResultModel","",""
"","4","5. previousStep when currentStep==0 stays at 0","test/src/features/onboarding/partner_apply_controller_test.dart","2026-05-24","passed","2026-05-24","","PartnerApplyController","",""
"","4","returns updated event on success","test/src/data/repositories/party_repository_test.dart","2026-05-24","passed","2026-05-24","updateEvent","PartyRepository (events)","",""
"","4","serializes to JSON and back","test/src/data/models/matching_test.dart","2026-05-24","passed","2026-05-24","","MatchPair","",""
"","3","filters out events when user birth year exceeds entry group maximum","test/src/features/explore/logic/eligibility_filter_test.dart","2026-05-24","passed","2026-05-24","","EligibilityFilter","",""
"","458","이벤트 상세 → 더보기 → 차단하기 → 확인 다이얼로그 → 차단 처리","test/integration/flow_error_edge_cases_test.dart","2026-05-24","passed","2026-05-24","","바텀시트/다이얼로그","",""
"","23","/dev/switch returns null (no redirect) when not logged in","test/src/routing/app_router_redirect_test.dart","2026-05-24","passed","2026-05-24","","/dev paths — auth bypass","",""
"","3","returns false when interaction does not exist","test/src/data/repositories/social_repository_test.dart","2026-05-24","passed","2026-05-24","getInteractionState","SocialRepository","",""
"","2","excludes ended events older than 24 hours","test/src/features/home/widgets/event_action_card_logic_test.dart","2026-05-24","passed","2026-05-24","","selectPrimaryEvent","",""
"","4","pushApplicationList calls router.push","test/src/features/home/partner_home_coordinator_test.dart","2026-05-24","passed","2026-05-24","","PartnerHomeCoordinator","",""
"","112","changeMonth with negative delta goes to previous month","test/src/features/settlement/settlement_dashboard_controller_test.dart","2026-05-24","passed","2026-05-24","","SettlementDashboardController","",""
"","3043","성공 — 유효한 QR 데이터로 success 상태 전환 후 idle 복귀","test/src/features/checkin/checkin_controller_test.dart","2026-05-24","passed","2026-05-24","processQR","CheckinController","",""
"","177","보기 버튼을 누르면 약관 상세 바텀시트가 열린다","test/src/features/consent/ui/signup_consent_page_test.dart","2026-05-24","passed","2026-05-24","","","",""
"","311","빈 쿼리 → 검색 아이콘 + ""검색어를 입력하세요""","test/integration/flow_search_test.dart","2026-05-24","passed","2026-05-24","","SearchPage","",""
"","2","retryable defaults to false when null","test/src/data/models/settlement_item_detail_test.dart","2026-05-24","passed","2026-05-24","","SettlementItemDetail.fromJson","",""
"","3015","상태 리셋 — processQR 완료 후 idle 복귀, userName/message 초기화","test/src/features/checkin/checkin_controller_test.dart","2026-05-24","passed","2026-05-24","processQR","CheckinController","",""
"","59","shows paused rule with cancel and resume buttons","test/src/features/party/recurrence/recurrence_management_screen_test.dart","2026-05-24","passed","2026-05-24","","RecurrenceManagementScreen","",""
"","60","ticket이 null인 신청은 groupId 필터에서 제외된다","test/src/features/party/event/widgets/event_application_list_view_test.dart","2026-05-24","passed","2026-05-24","","EventApplicationListView groupId 필터 (Fix #2224)","",""
"","5","canCancel returns false for damaged data (paymentAmount=null) even with valid future event","test/src/features/payment/logic/purchase_history_controller_test.dart","2026-05-24","passed","2026-05-24","","PurchaseHistoryController.canCancel — Fix #1652 free ticket","",""
"","3","throws on error (no fail-safe)","test/src/data/repositories/event_repository_queries_test.dart","2026-05-24","passed","2026-05-24","getPartnerFutureEvents","EventRepository Queries","",""
"","4","Fix #1937: selects start_time, not date","test/src/data/repositories/settlement_repository_test.dart","2026-05-24","passed","2026-05-24","getEventInfo","SettlementRepository","",""
"","4","loadSettlementData error sets error status","test/src/features/settlement/settlement_controller_test.dart","2026-05-24","passed","2026-05-24","","SettlementController","",""
"","2","identity-verify success has expected fields","test/contract/contract_test.dart","2026-05-24","passed","2026-05-24","","Contract: Edge Function response shapes","",""
"","4","returns monthly revenue list","test/src/data/repositories/partner_repository_test.dart","2026-05-24","passed","2026-05-24","getPartnerMonthlyRevenue","PartnerRepository","",""
"","1","maps unknown string to unknown","test/src/features/settlement/widgets/settlement_status_badge_test.dart","2026-05-24","passed","2026-05-24","","SettlementStatus.fromString","",""
"","73","Fix #2358: + 버튼에 tooltip ""수량 증가""가 존재한다","test/src/features/ticket/ui/ticket_selection_sheet_test.dart","2026-05-24","passed","2026-05-24","","TicketSelectionSheet quantity stepper","",""
"","47","renders loading state initially","test/src/features/verification/ui/identity_verification_screen_test.dart","2026-05-24","passed","2026-05-24","","IdentityVerificationScreen","",""
"","3008","중복 호출 방지 — processing 중에는 재호출이 무시됨","test/src/features/checkin/checkin_controller_test.dart","2026-05-24","passed","2026-05-24","processQR","CheckinController","",""
"","3","returns 0 on error in step-2 (fail-safe)","test/src/data/repositories/event_repository_queries_test.dart","2026-05-24","passed","2026-05-24","getPendingApplicationCount","EventRepository Queries","",""
"","11","initial build emits AsyncError on network failure","test/src/features/tag/logic/tag_event_list_controller_test.dart","2026-05-24","passed","2026-05-24","","TagEventListController","",""
"","33","creates from JSON with all fields","test/src/data/models/event_test.dart","2026-05-24","passed","2026-05-24","","Event","",""
"","48","initial state has default values","test/src/features/party/create/party_create_wizard_controller_test.dart","2026-05-24","passed","2026-05-24","","PartyCreateWizardController","",""
"","10","rethrows on Edge Function error","test/src/data/repositories/event_repository_commands_test.dart","2026-05-24","passed","2026-05-24","","EventRepository.applyEvent","",""
"","4","serializes to JSON and back","test/src/data/models/verification_test.dart","2026-05-24","passed","2026-05-24","","VerificationFormField","",""
"","4","returns event info map","test/src/data/repositories/settlement_repository_test.dart","2026-05-24","passed","2026-05-24","getEventInfo","SettlementRepository","",""
"","3","inequality with different values","test/src/data/models/user_profile_test.dart","2026-05-24","passed","2026-05-24","","UserProfile","",""
"","4","copyWith creates modified copy","test/src/data/models/matching_test.dart","2026-05-24","passed","2026-05-24","","MatchRule","",""
"","5","creates and returns new template","test/src/data/repositories/ticket_repository_test.dart","2026-05-24","passed","2026-05-24","createTicketTemplate","TicketRepository","",""
"","146","shows active rule with pause and cancel buttons","test/src/features/party/recurrence/recurrence_management_screen_test.dart","2026-05-24","passed","2026-05-24","","RecurrenceManagementScreen","",""
"","12","policy fetch failure uses fallback gracePeriodHours=2 cutoffDays=7 — flow continues","test/src/features/payment/logic/purchase_history_controller_test.dart","2026-05-24","passed","2026-05-24","","PurchaseHistoryController.runRefundFlow","",""
"","9","returns count of interactions","test/src/data/repositories/social_repository_test.dart","2026-05-24","passed","2026-05-24","getInteractionCount","SocialRepository","",""
"","7","does not call initialize() on signedOut event","test/src/features/notification/notification_initializer_test.dart","2026-05-24","passed","2026-05-24","","notificationInitializerProvider","",""
"","3","respects balance status override","test/src/features/explore/logic/eligibility_filter_test.dart","2026-05-24","passed","2026-05-24","","EligibilityFilter","",""
"","4","fetches payout info when payout_id is present","test/src/data/repositories/settlement_repository_test.dart","2026-05-24","passed","2026-05-24","getSettlementItemDetail","SettlementRepository","",""
"","2","allows from=/login-help (exact match, not prefix)","test/src/routing/app_router_redirect_test.dart","2026-05-24","passed","2026-05-24","","/login — already authenticated","",""
"","82","idle → alreadyCheckedIn — 중복 배너 표시","test/src/features/checkin/widgets/checkin_scanner_overlay_test.dart","2026-05-24","passed","2026-05-24","","CheckinScannerOverlay 배너","",""
"","3","rethrows on error","test/src/data/repositories/notification_repository_test.dart","2026-05-24","passed","2026-05-24","getSettings","NotificationRepository","",""
"","5","returns has_password metadata flag","test/src/features/account_deletion/account_deletion_flow_test.dart","2026-05-24","passed","2026-05-24","","usesPasswordAuth","",""
"","182","CloseButton이 onBackToEvent 콜백을 사용한다 (Navigator.pop 금지)","test/src/features/event/admission/payment_success_screen_test.dart","2026-05-24","passed","2026-05-24","","PaymentSuccessScreen (Fix #1656 회귀)","",""
"","2","returns empty map when snapshot_data is not a List","test/src/features/verification/review_verification_screen_test.dart","2026-05-24","passed","2026-05-24","","snapshot_data type guard","",""
"","73","paymentId가 있으면 영수증 버튼이 표시된다","test/src/features/payment/ui/purchase_history_card_test.dart","2026-05-24","passed","2026-05-24","","PurchaseHistoryCard — Fix #1820 영수증 버튼/버튼 정렬 회귀 테스트","",""
"","78","build loads notifications from repository","test/src/features/notification/notification_list_controller_test.dart","2026-05-24","passed","2026-05-24","","NotificationListController","",""
"","3","copyWith creates modified copy","test/src/data/models/ticket_token_test.dart","2026-05-24","passed","2026-05-24","","TicketToken","",""
"","3","throws MinglitUserException on non-200 with null data","test/src/data/repositories/event_repository_commands_test.dart","2026-05-24","passed","2026-05-24","","EventRepository.markMatchResultsViewed","",""
"","4","unverified user with null userProfile sees all events","test/src/features/explore/providers/explore_state_provider_test.dart","2026-05-24","passed","2026-05-24","","filteredEventsProvider — eligibility filter with verification check","",""
"","39","has Semantics widget with button and enabled","test/ui/widgets/common/minglit_list_tile_test.dart","2026-05-24","passed","2026-05-24","","MinglitListTile","",""
"","48","closed 상태 탭 시 onStatusSelected 호출","test/src/features/party/widgets/party_status_edit_sheet_test.dart","2026-05-24","passed","2026-05-24","","PartyStatusEditSheet — 상태 선택","",""
"","120","16-digit valid account number passes validation","test/src/features/settlement/bank_account_page_test.dart","2026-05-24","passed","2026-05-24","","AccountEditForm — account number validation (Fix #1938)","",""
"","3","throws on RPC error","test/src/data/repositories/event_repository_queries_test.dart","2026-05-24","passed","2026-05-24","getPersonalizedRecommendations","EventRepository Queries","",""
"","3","throws MinglitUserException on error response","test/src/data/repositories/verification_command_repository_test.dart","2026-05-24","passed","2026-05-24","updateVerification","VerificationRepository (command)","",""
"","3","updateDescription updates state","test/src/features/verification/create_verification_controller_test.dart","2026-05-24","passed","2026-05-24","","CreateVerificationController","",""
"","54","BOARDING 상태: ""BOARDING"" 텍스트 (오늘 이벤트)","test/src/features/ticket/ui/boarding_pass_card_test.dart","2026-05-24","passed","2026-05-24","","BoardingPassCard","",""
"","4","returns empty list when no members","test/src/data/repositories/partner_member_repository_test.dart","2026-05-24","passed","2026-05-24","getPartnerMembers","PartnerMemberRepository","",""
"","104","""이벤트로 돌아가기"" 버튼이 onBackToEvent 콜백을 호출한다","test/src/features/event/admission/payment_success_screen_test.dart","2026-05-24","passed","2026-05-24","","PaymentSuccessScreen (Fix #1656 회귀)","",""
"","8","throws on db error","test/src/data/repositories/settlement_repository_test.dart","2026-05-24","passed","2026-05-24","upsertBankAccount","SettlementRepository","",""
"","2","creates from JSON without visibility defaults to public","test/src/data/models/party_test.dart","2026-05-24","passed","2026-05-24","","Party","",""
"","4","cancelOrder failure shows error and does not call onSuccess on no-retry","test/src/features/payment/logic/purchase_history_controller_test.dart","2026-05-24","passed","2026-05-24","","PurchaseHistoryController.runRefundFlow","",""
"","118","active 상태 탭 시 onStatusSelected 호출","test/src/features/party/widgets/party_status_edit_sheet_test.dart","2026-05-24","passed","2026-05-24","","PartyStatusEditSheet — 상태 선택","",""
"","298","비로그인: /my 접근 시 LoginPage로 리다이렉트","test/integration/my_page_test.dart","2026-05-24","passed","2026-05-24","","MyPage Flow","",""
"","3","returns empty list when no items","test/src/data/repositories/settlement_repository_test.dart","2026-05-24","passed","2026-05-24","getSettlementItems","SettlementRepository","",""
"","31","returns false for tampered signature (before RPC call)","test/src/data/repositories/checkin_repository_test.dart","2026-05-24","passed","2026-05-24","verifyAndCheckin","CheckinRepository","",""
"","7","successful refund calls cancelOrder and onSuccess","test/src/features/payment/logic/purchase_history_controller_test.dart","2026-05-24","passed","2026-05-24","","PurchaseHistoryController.runRefundFlow","",""
"","4","returns refunded result with refundAmount","test/src/data/repositories/event_repository_test.dart","2026-05-24","passed","2026-05-24","cancelOrder","EventRepository","",""
"","1455","파트너 행의 투명 여백 탭 시 pushPartnerDetail이 호출된다","test/src/features/event/detail/event_detail_partner_row_test.dart","2026-05-24","passed","2026-05-24","","EventDetail 파트너 행 탭 네비게이션","",""
"","174","Next disabled when no documents uploaded","test/src/features/onboarding/partner_apply_page_test.dart","2026-05-24","passed","2026-05-24","Fix #2163 — Step 4 documents validation","PartnerApplyPage","",""
"","47","openLocationEdit pushes a route","test/src/features/party/event/create/event_create_coordinator_test.dart","2026-05-24","passed","2026-05-24","","EventCreateCoordinator","",""
"","44","returns empty list when ids is empty","test/src/data/repositories/verification_query_repository_test.dart","2026-05-24","passed","2026-05-24","getVerificationsByIds","VerificationRepository","",""
"","107","changeStatus resets items and changes filter","test/src/features/settlement/settlement_list_controller_test.dart","2026-05-24","passed","2026-05-24","","SettlementListController","",""
"","61","ended phase shows ""종료"" badge and ""다음 회차 만들기"" CTA","test/src/features/home/widgets/event_action_card_test.dart","2026-05-24","passed","2026-05-24","","EventActionCard","",""
"","60","paid and approved use success color (not primary purple)","test/src/common/widgets/status_badge_test.dart","2026-05-24","passed","2026-05-24","","StatusBadge","",""
"","5","returns default settings when repository returns null","test/src/features/notification/logic/notification_settings_controller_test.dart","2026-05-24","passed","2026-05-24","","NotificationSettingsController","",""
"","4","canProceed returns false when required fields are empty","test/src/features/onboarding/partner_apply_controller_test.dart","2026-05-24","passed","2026-05-24","","PartnerApplyController","",""
"","210","EventDetail pull-to-refresh → RefreshIndicator 존재","test/integration/flow_error_edge_cases_test.dart","2026-05-24","passed","2026-05-24","","Pull-to-refresh","",""
"","1029","새로운 인증 만들기 tap navigates via goRouter (not context.push)","test/src/features/verification/verification_manage_page_test.dart","2026-05-24","passed","2026-05-24","","","",""
"","4","from이 /login으로 시작하면 홈(/)으로 go한다","test/src/features/consent/logic/consent_coordinator_test.dart","2026-05-24","passed","2026-05-24","","completeSignup — 홈으로 이동 (push 없음)","",""
"","22","splits tickets into upcoming and past","test/src/features/my_tickets/logic/my_tickets_controller_test.dart","2026-05-24","passed","2026-05-24","","MyTicketsController","",""
"","82","step 0에서 ""이전"" 버튼은 숨겨져 있다","test/src/features/onboarding/ui/partner_apply_smoke_test.dart","2026-05-24","passed","2026-05-24","","PartnerApplyPage smoke","",""
"","34","sets loading then error on failure","test/src/features/auth/logic/auth_controller_test.dart","2026-05-24","passed","2026-05-24","signInWithGoogle","AuthController","",""
"","3","returns list of closing soon events","test/src/data/repositories/event_repository_queries_test.dart","2026-05-24","passed","2026-05-24","getClosingSoonEvents","EventRepository Queries","",""
"","4","toDbJson removes id and timestamps","test/src/data/models/party_entry_group_test.dart","2026-05-24","passed","2026-05-24","","EntryGroupTemplate","",""
"","721","renders with required params only","test/src/ui/widgets/common/minglit_key_value_row_test.dart","2026-05-24","passed","2026-05-24","","MinglitKeyValueRow","",""
"","1288","홈 AsyncLoading → skeleton card 표시","test/integration/flow_event_browse_test.dart","2026-05-24","passed","2026-05-24","","이벤트 탐색 플로우 — 홈→상세→파트너","",""
"","53","does not show file remove buttons when no files are selected","test/ui/widgets/common/minglit_file_picker_test.dart","2026-05-24","passed","2026-05-24","","MinglitFilePicker Widget Tests","",""
"","10","serializes to JSON and back","test/src/data/models/event_test.dart","2026-05-24","passed","2026-05-24","","Event","",""
"","2","first line starts with # calc_version","test/src/features/settlement/widgets/download_bottom_sheet_test.dart","2026-05-24","passed","2026-05-24","","buildCsv","",""
"","2","empty string returns empty string","test/src/features/settlement/widgets/download_bottom_sheet_test.dart","2026-05-24","passed","2026-05-24","","escapeCsv","",""
"","61","약관 보기 섹션이 표시된다","test/src/features/settings/privacy_page_test.dart","2026-05-24","passed","2026-05-24","","","",""
"","40","displays hint text","test/src/ui/widgets/common/minglit_text_field_test.dart","2026-05-24","passed","2026-05-24","","MinglitTextField","",""
"","63","empty queue shows empty state","test/src/features/party/event/review/event_application_review_carousel_page_test.dart","2026-05-24","passed","2026-05-24","","","",""
"","24","returns a map with all 9 expected keys","test/src/utils/environment_info_test.dart","2026-05-24","passed","2026-05-24","","collectEnvironmentInfo","",""
"","64","Empty: no candidates shows empty state","test/src/features/event/matching/event_matching_screen_test.dart","2026-05-24","passed","2026-05-24","","","",""
"","2","tracks nearby filter","test/src/features/explore/providers/explore_filter_integration_test.dart","2026-05-24","passed","2026-05-24","","ExploreFilters","",""
"","1280","비로그인: /my 접근 시 LoginPage로 리다이렉트","test/integration/auth_redirect_test.dart","2026-05-24","passed","2026-05-24","","Auth Redirect Flow","",""
"","31","완충률 ≥90% — error 색상 진행률 바","test/src/features/checkin/widgets/entry_group_row_test.dart","2026-05-24","passed","2026-05-24","","EntryGroupRow","",""
"","7","closingSoon + eligibility excludes fully booked events","test/src/features/explore/providers/explore_filter_integration_test.dart","2026-05-24","passed","2026-05-24","","filteredEventsProvider","",""
"","115","onError handles error without crashing","test/src/features/party/create/party_create_coordinator_test.dart","2026-05-24","passed","2026-05-24","","PartyCreateCoordinator","",""
"","50","removes the specified group and calls updateParty","test/src/features/party/detail/party_entry_group_coordinator_test.dart","2026-05-24","passed","2026-05-24","","PartyDetailCoordinator.removePartyEntryGroup","",""
"","24","fullPage renders on transparent background (no Container decoration)","test/src/ui/widgets/common/minglit_empty_state_test.dart","2026-05-24","passed","2026-05-24","","MinglitEmptyState - fullPage variant","",""
"","3","throws on error","test/src/data/repositories/party_repository_test.dart","2026-05-24","passed","2026-05-24","replaceEntryGroupTemplates","PartyRepository (matching)","",""
"","58","liveEvents is populated from active events that have started","test/src/features/home/partner_dashboard_controller_test.dart","2026-05-24","passed","2026-05-24","","PartnerDashboardController","",""
"","30","applies custom padding","test/src/ui/widgets/common/minglit_section_test.dart","2026-05-24","passed","2026-05-24","","MinglitSection","",""
"","46","auth change with @minglit.com email saves staff token","test/src/features/auth/ui/staff_guard_wrapper_test.dart","2026-05-24","passed","2026-05-24","","StaffGuardWrapper","",""
"","62","invokes agree callback when agree tapped","test/src/features/consent/identity_verification_consent_sheet_test.dart","2026-05-24","passed","2026-05-24","","IdentityVerificationConsentSheet","",""
"","179","CTA button navigates to /apply","test/src/features/onboarding/partner_welcome_page_test.dart","2026-05-24","passed","2026-05-24","","PartnerWelcomePage","",""
"","27","later (D-10) shows ""D-10"" label","test/src/ui/widgets/common/minglit_dday_chip_test.dart","2026-05-24","passed","2026-05-24","","MinglitDDayChip","",""
"","33","shows 종료 chip for past event","test/src/features/my_tickets/ui/my_tickets_page_test.dart","2026-05-24","passed","2026-05-24","","MyTicketCard","",""
"","3","throws on error","test/src/data/repositories/event_repository_queries_test.dart","2026-05-24","passed","2026-05-24","getEventsByPartnerId","EventRepository Queries","",""
"","5","previousStep() decrements currentStep","test/src/features/onboarding/partner_apply_controller_test.dart","2026-05-24","passed","2026-05-24","","PartnerApplyController","",""
"","7","target_entry_group_ids UUIDs are converted to strings correctly","test/src/data/repositories/event_application_rpc_mapping_test.dart","2026-05-24","passed","2026-05-24","","getApplicationsByEventId ticket mapping","",""
"","198","10-digit valid account number passes validation","test/src/features/settlement/bank_account_page_test.dart","2026-05-24","passed","2026-05-24","","AccountEditForm — account number validation (Fix #1938)","",""
"","2","returns null description when value is empty string","test/src/data/models/party_test.dart","2026-05-24","passed","2026-05-24","","Party","",""
"","4","uses Supabase reauthenticate when has_password flag is string false","test/src/data/repositories/account_repository_test.dart","2026-05-24","passed","2026-05-24","reauthenticate","AccountRepository","",""
"","152","9-digit account number shows format error","test/src/features/settlement/bank_account_page_test.dart","2026-05-24","passed","2026-05-24","","AccountEditForm — account number validation (Fix #1938)","",""
"","6","Step 6(review) — currentStepValidationErrors 항상 비어있음","test/src/features/party/create/party_create_wizard_controller_test.dart","2026-05-24","passed","2026-05-24","currentStepValidationErrors","PartyCreateWizardController","",""
"","41","does not show retry button for FAILED + retryable=false","test/src/features/settlement/settlement_detail_page_test.dart","2026-05-24","passed","2026-05-24","","SettlementDetailPage","",""
"","6","filters multiple events correctly","test/src/features/explore/logic/eligibility_filter_test.dart","2026-05-24","passed","2026-05-24","","EligibilityFilter","",""
"","193","권한 조회 오류(error): /settlement → / 리다이렉트 (security-first)","test/src/routing/settlement_route_guard_test.dart","2026-05-24","passed","2026-05-24","","Settlement route guard — redirect branch 4 (Fix #1533)","",""
"","2","returns empty list when no upcoming events","test/src/data/repositories/event_repository_queries_test.dart","2026-05-24","passed","2026-05-24","getUpcomingEvents","EventRepository Queries","",""
"","7","eventEnded shows disabled button","test/src/features/event/admission/event_admission_controller_test.dart","2026-05-24","passed","2026-05-24","","Ended event button config","",""
"","105","shows rejection reason line when rejectionReason is set","test/src/features/party/event/detail/event_application_list_page_test.dart","2026-05-24","passed","2026-05-24","","거절됨 tab","",""
"","32","interactive chip touch target is at least 48dp","test/src/ui/widgets/common/minglit_chip_test.dart","2026-05-24","passed","2026-05-24","","MinglitChip","",""
"","57","hasAnyEvents is false for brand-new partner with no events","test/src/features/home/partner_dashboard_controller_test.dart","2026-05-24","passed","2026-05-24","","PartnerDashboardController","",""
"","3","6. setStep(2) sets currentStep to 2","test/src/features/onboarding/partner_apply_controller_test.dart","2026-05-24","passed","2026-05-24","","PartnerApplyController","",""
"","3","returns settlement records from settlement_items","test/src/data/repositories/partner_repository_test.dart","2026-05-24","passed","2026-05-24","getPartnerSettlements","PartnerRepository","",""
"","3","returns stored value when key is present in map","test/src/data/models/metadata_key_test.dart","2026-05-24","passed","2026-05-24","","MetadataMapX.getValue","",""
"","3","returns empty list when no featured tags","test/src/data/repositories/tag_repository_test.dart","2026-05-24","passed","2026-05-24","getFeaturedTags","TagRepository","",""
"","3","eventEndedParticipated shows disabled button","test/src/features/event/admission/event_admission_controller_test.dart","2026-05-24","passed","2026-05-24","","Ended event button config","",""
"","3","TagRepository.getTrendingTags() 빈 목록 — 빈 리스트 반환","test/src/features/home/logic/tag_providers_test.dart","2026-05-24","passed","2026-05-24","","trendingTagsProvider","",""
"","5","refunded_at is mapped when present in RPC row","test/src/data/repositories/event_application_rpc_mapping_test.dart","2026-05-24","passed","2026-05-24","","mapEventApplicationRpcRow flat-to-nested transformation","",""
"","5","submitApplication excludes already-approved verifications from payload","test/src/features/event/admission/event_application_controller_test.dart","2026-05-24","passed","2026-05-24","","EventApplicationController","",""
"","26","submit success creates party and tickets","test/src/features/party/create/party_create_wizard_controller_test.dart","2026-05-24","passed","2026-05-24","submit","PartyCreateWizardController","",""
"","4","goToBankAccount calls router.push with bank account route","test/src/features/settlement/settlement_coordinator_test.dart","2026-05-24","passed","2026-05-24","","SettlementCoordinator","",""
"","4","copyWith creates modified copy","test/src/data/models/partner_application_test.dart","2026-05-24","passed","2026-05-24","","PartnerApplication","",""
"","2","(tearDownAll)","test/src/features/onboarding/partner_apply_controller_test.dart","2026-05-24","passed","2026-05-24","","PartnerApplyController","",""
"","4","excludes optional parameters when not provided","test/src/data/repositories/bug_report_repository_test.dart","2026-05-24","passed","2026-05-24","reportBug","BugReportRepository","",""
"","491","홈 이벤트 카드 tap → EventDetailPage 이동","test/integration/flow_event_browse_test.dart","2026-05-24","passed","2026-05-24","","이벤트 탐색 플로우 — 홈→상세→파트너","",""
"","146","Next enabled when all biz fields filled","test/src/features/onboarding/partner_apply_page_test.dart","2026-05-24","passed","2026-05-24","Fix #2161 — Step 2 biz info validation","PartnerApplyPage","",""
"","7","유효하지 않은 이미지 바이트는 원본을 그대로 반환한다","test/src/utils/image_utils_test.dart","2026-05-24","passed","2026-05-24","","stripExifAndReencode","",""
"","4","minglit://explore/curation (scheme URL) redirects to /","test/src/routing/app_router_redirect_test.dart","2026-05-24","passed","2026-05-24","","/explore paths — redirect to home","",""
"","49","shows capacity bar with currentParticipants/maxParticipants","test/src/features/home/widgets/event_action_card_test.dart","2026-05-24","passed","2026-05-24","","EventActionCard","",""
"","8","scenarioId prepends [QA] to title when fileIssue=true","test/src/data/services/bug_report_collector_test.dart","2026-05-24","passed","2026-05-24","","BugReportCollector.submitReport flag routing","",""
"","54","unselected chip exposes label, button role, tap action, and selected=false","test/src/ui/widgets/common/minglit_filter_chip_test.dart","2026-05-24","passed","2026-05-24","Semantics","MinglitFilterChip","",""
"","52","returns event with relations","test/src/data/repositories/event_repository_queries_test.dart","2026-05-24","passed","2026-05-24","getEventById","EventRepository Queries","",""
"","81","does not render indicator when only one image is provided","test/ui/widgets/common/minglit_image_carousel_test.dart","2026-05-24","passed","2026-05-24","","MinglitImageCarousel Widget Tests","",""
"","149","입장 그룹 2개이면 카드 2개 렌더, 빈 상태 없음","test/src/features/party/create/steps/step4_entry_rules_test.dart","2026-05-24","passed","2026-05-24","","Step4EntryRules","",""
"","6","역방향 전이 불가: 다른 이벤트는 독립적으로 상태 계산","test/src/features/home/logic/event_now_bar_state_provider_test.dart","2026-05-24","passed","2026-05-24","","eventNowBarStateProvider — 6-state 상태 머신","",""
"","43","비로그인: /tickets/my 접근 시 LoginPage로 리다이렉트","test/integration/auth_redirect_test.dart","2026-05-24","passed","2026-05-24","","Auth Redirect Flow","",""
"","3","serializes to JSON and back","test/src/data/models/matching_test.dart","2026-05-24","passed","2026-05-24","","MatchRule","",""
"","78","creates from provider with GoRouter","test/src/features/partner/logic/partner_coordinator_test.dart","2026-05-24","passed","2026-05-24","","PartnerCoordinator","",""
"","45","returns LocationResult when permission granted and service enabled","test/services/location_service_test.dart","2026-05-24","passed","2026-05-24","","LocationService","",""
"","93","""다음"" button exists on step 0","test/src/features/onboarding/partner_apply_page_test.dart","2026-05-24","passed","2026-05-24","","PartnerApplyPage","",""
"","7","addField appends a new field","test/src/features/verification/create_verification_controller_test.dart","2026-05-24","passed","2026-05-24","","CreateVerificationController","",""
"","4","keeps events requiring verification when user has it","test/src/features/explore/logic/eligibility_filter_test.dart","2026-05-24","passed","2026-05-24","","EligibilityFilter","",""
"","201","renders carousel when imageUrls is not empty","test/ui/widgets/common/minglit_image_carousel_test.dart","2026-05-24","passed","2026-05-24","","MinglitImageCarousel Widget Tests","",""
"","3","build returns true when interaction exists","test/src/features/social/logic/social_interaction_controller_test.dart","2026-05-24","passed","2026-05-24","","SocialInteractionController","",""
"","3","handles nullable description and iconKey fields (Fix #42)","test/src/data/models/verification_test.dart","2026-05-24","passed","2026-05-24","","Verification","",""
"","39","creates from JSON with all fields","test/src/data/models/verification_submission_test.dart","2026-05-24","passed","2026-05-24","","VerificationSubmission","",""
"","49","renders button with icon","test/ui/widgets/common/minglit_bottom_cta_test.dart","2026-05-24","passed","2026-05-24","single variant","MinglitBottomCTA","",""
"","7","returns empty list when no verifications","test/src/data/repositories/verification_query_repository_test.dart","2026-05-24","passed","2026-05-24","getPartnerVerifications","VerificationRepository","",""
"","5","parses target_entry_group_ids from flat RPC list","test/src/data/repositories/event_application_rpc_mapping_test.dart","2026-05-24","passed","2026-05-24","","mapEventApplicationRpcRow flat-to-nested transformation","",""
"","7","toggleContactMethod adds and removes methods","test/src/features/party/create/party_create_wizard_controller_test.dart","2026-05-24","passed","2026-05-24","step 3: capacity & contact","PartyCreateWizardController","",""
"","2","returns false when permission is deniedForever","test/services/location_service_test.dart","2026-05-24","passed","2026-05-24","","LocationService.hasPermission","",""
"","3014","verifyAndCheckin 예외 — 네트워크 에러 시 invalid 상태 전환","test/src/features/checkin/checkin_controller_test.dart","2026-05-24","passed","2026-05-24","processQR","CheckinController","",""
"","63","returns event with relations","test/src/data/repositories/event_repository_test.dart","2026-05-24","passed","2026-05-24","getEventById","EventRepository","",""
"","3","returns empty list when no active tickets","test/src/data/repositories/event_repository_queries_test.dart","2026-05-24","passed","2026-05-24","getMyTickets","EventRepository Queries","",""
"","3","creates with required fields only","test/src/data/models/verification_submission_test.dart","2026-05-24","passed","2026-05-24","","VerificationSubmission","",""
"","97","renders filter chip bar with sort chips","test/src/features/home/home_page_test.dart","2026-05-24","passed","2026-05-24","","HomePage","",""
"","51","submit button is disabled when no marks","test/src/features/party/event/review/event_application_review_confirm_page_test.dart","2026-05-24","passed","2026-05-24","","","",""
"","4","username is empty string when user_username is null","test/src/data/repositories/event_application_rpc_mapping_test.dart","2026-05-24","passed","2026-05-24","","mapEventApplicationRpcRow flat-to-nested transformation","",""
"","1227","크래시 없이 렌더링됨","test/src/features/party/create/steps/step3_capacity_contact_test.dart","2026-05-24","passed","2026-05-24","","Step3CapacityContact","",""
"","40","isVerified false이면 ""인증하기"" 텍스트 표시","test/src/ui/widgets/common/account_management_page_test.dart","2026-05-24","passed","2026-05-24","","AccountManagementPage certification tile","",""
"","4","calls repository signOut","test/src/features/auth/logic/auth_controller_test.dart","2026-05-24","passed","2026-05-24","signOut","AuthController","",""
"","5","/explore redirects to /","test/src/routing/app_router_redirect_test.dart","2026-05-24","passed","2026-05-24","","/explore paths — redirect to home","",""
"","3","상태 전이 순서 보장: enum 순서 확인","test/src/features/home/logic/event_now_bar_state_provider_test.dart","2026-05-24","passed","2026-05-24","","eventNowBarStateProvider — 6-state 상태 머신","",""
"","28","dark mode: primary button adapts to dark theme color","test/src/ui/widgets/common/minglit_button_test.dart","2026-05-24","passed","2026-05-24","","MinglitButton","",""
"","100","step 4 draft 복원 직후 PageView가 page 0(기본 정보)이 아닌 page 4에 있다","test/src/features/onboarding/partner_apply_page_test.dart","2026-05-24","passed","2026-05-24","","Fix #2130 — draft restore 후 title/content sync","",""
"","944","크래시 없이 렌더링됨","test/src/features/party/create/steps/step2_location_test.dart","2026-05-24","passed","2026-05-24","","Step2Location","",""
"","7","invokes EF with update action and metadata","test/src/data/repositories/party_repository_test.dart","2026-05-24","passed","2026-05-24","updateEventMetadata","PartyRepository (events)","",""
"","50","activates interaction without error","test/src/data/repositories/social_repository_test.dart","2026-05-24","passed","2026-05-24","setInteraction","SocialRepository","",""
"","877","renders PageView","test/src/features/onboarding/partner_welcome_page_test.dart","2026-05-24","passed","2026-05-24","","PartnerWelcomePage","",""
"","3","inequality with different values","test/src/data/models/partner_application_test.dart","2026-05-24","passed","2026-05-24","","PartnerApplication","",""
"","8","returns events with party, location, and ticket relations","test/src/data/repositories/event_repository_queries_test.dart","2026-05-24","passed","2026-05-24","searchEvents","EventRepository Queries","",""
"","116","BugReporterWrapper 있으면 FAB toggle 시 나타난다","test/src/ui/bug_report_fab_global_test.dart","2026-05-24","passed","2026-05-24","","BugReportFab 회귀 (#1858)","",""
"","28","creates with required fields","test/src/data/models/ticket_token_test.dart","2026-05-24","passed","2026-05-24","","TicketToken","",""
"","13","signInWithApple sets AsyncError when repository throws","test/src/features/auth/auth_state_provider_test.dart","2026-05-24","passed","2026-05-24","","AuthController","",""
"","3","/events/:id returns null","test/src/routing/app_router_redirect_test.dart","2026-05-24","passed","2026-05-24","","public paths — no redirect","",""
"","111","shows rejected applications","test/src/features/party/event/detail/event_application_list_page_test.dart","2026-05-24","passed","2026-05-24","","거절됨 tab","",""
"","63","active chip uses tinted activeColor background (light mode)","test/src/features/home/widgets/todo_summary_chips_test.dart","2026-05-24","passed","2026-05-24","","TodoSummaryChips","",""
"","101","State is guest when user is not logged in","test/src/features/event/admission/event_admission_controller_test.dart","2026-05-24","passed","2026-05-24","","EventAdmissionController","",""
"","13","throws on error","test/src/data/repositories/party_repository_test.dart","2026-05-24","passed","2026-05-24","getPartyById","PartyRepository","",""
"","8","update changes query","test/src/features/explore/providers/explore_filter_integration_test.dart","2026-05-24","passed","2026-05-24","","SearchQuery provider","",""
"","2","returns null description when value is null","test/src/data/models/party_test.dart","2026-05-24","passed","2026-05-24","","Party","",""
"","6","succeeds with 200 response","test/src/data/repositories/event_repository_test.dart","2026-05-24","passed","2026-05-24","cancelPayment","EventRepository","",""
"","137","editMode(partyId 있음)에서도 크래시 없이 렌더링된다","test/src/features/party/ui/party_create_wizard_smoke_test.dart","2026-05-24","passed","2026-05-24","","PartyCreateWizardPage smoke","",""
"","33","shows null state message when application is null","test/src/features/payment/ui/purchase_history_detail_page_test.dart","2026-05-24","passed","2026-05-24","","PurchaseHistoryDetailPage — #2095","",""
"","56","propagates error when party fetch fails","test/src/features/party/list/party_list_controller_test.dart","2026-05-24","passed","2026-05-24","","partyList","",""
"","6","events with lat==0 lng==0 go to end of nearby sort","test/src/features/explore/providers/explore_filter_integration_test.dart","2026-05-24","passed","2026-05-24","","filteredEventsProvider","",""
"","392","save with confirmed participants and schedule change shows reason dialog","test/src/features/party/event/edit/event_edit_page_test.dart","2026-05-24","passed","2026-05-24","","","",""
"","32","에러 상태 — 아무것도 렌더링하지 않는다","test/src/features/home/widgets/featured_tag_chip_bar_test.dart","2026-05-24","passed","2026-05-24","","FeaturedTagChipBar","",""
"","86","renders DotIndicator","test/src/features/onboarding/partner_welcome_page_test.dart","2026-05-24","passed","2026-05-24","","PartnerWelcomePage","",""
"","3","updateEndTime updates end time","test/src/features/party/event/create/event_create_controller_test.dart","2026-05-24","passed","2026-05-24","update methods","EventCreateController","",""
"","259","빈 알림 → ""알림이 없습니다""","test/integration/flow_notification_routing_test.dart","2026-05-24","passed","2026-05-24","","알림 플로우","",""
"","16","pushNotificationSettings calls router.push","test/src/features/more/more_coordinator_test.dart","2026-05-24","passed","2026-05-24","","MoreCoordinator","",""
"","4","top-level routes include login, apply, welcome, notifications","test/src/routing/app_routes_test.dart","2026-05-24","passed","2026-05-24","","AppRoutes","",""
"","90","Phase 1: shows error + retry when QR token not found","test/src/features/home/widgets/event_now_bottom_sheet_test.dart","2026-05-24","passed","2026-05-24","","EventNowBottomSheet","",""
"","33","returns SUPABASE_URL and SUPABASE_PUBLISHABLE_KEY when none are defined","test/src/config/env_keystore_test.dart","2026-05-24","passed","2026-05-24","missingRequired","EnvKeyStore","",""
"","37","renders ""-"" when created_at is empty","test/src/features/settlement/widgets/settlement_card_test.dart","2026-05-24","passed","2026-05-24","","SettlementCard widget","",""
"","42","displays error text","test/src/ui/widgets/common/minglit_text_field_test.dart","2026-05-24","passed","2026-05-24","","MinglitTextField","",""
"","3","roundtrip fromJson/toJson preserves data","test/src/features/iamport/data/model/iamport_result_model_test.dart","2026-05-24","passed","2026-05-24","toJson","IamportResultModel","",""
"","59","private visibility면 비공개 레이블이 표시된다","test/src/features/party/event/detail/event_detail_page_smoke_test.dart","2026-05-24","passed","2026-05-24","","EventDetailPage (Fix #2109)","",""
"","3","creates from JSON with minimal fields","test/src/data/models/party_test.dart","2026-05-24","passed","2026-05-24","","Location","",""
"","3","RESULTS: myMatchesProvider 결과 존재","test/src/features/home/logic/event_now_bar_state_provider_test.dart","2026-05-24","passed","2026-05-24","","eventNowBarStateProvider — 6-state 상태 머신","",""
"","12","throws on EF error","test/src/data/repositories/notification_repository_test.dart","2026-05-24","passed","2026-05-24","upsertToken","NotificationRepository","",""
"","5","completes without error","test/src/data/repositories/ticket_repository_test.dart","2026-05-24","passed","2026-05-24","deleteTicketTemplate","TicketRepository","",""
"","19","fromJson — ticket_issued 상태","test/src/features/checkin/manual/checkin_participant_test.dart","2026-05-24","passed","2026-05-24","","CheckinParticipant","",""
"","64","idle → error — 오류 배너 표시","test/src/features/checkin/widgets/checkin_scanner_overlay_test.dart","2026-05-24","passed","2026-05-24","","CheckinScannerOverlay 배너","",""
"","61","scheduled 상태면 모집 예정 레이블이 표시된다","test/src/features/party/event/detail/event_detail_page_smoke_test.dart","2026-05-24","passed","2026-05-24","","EventDetailPage (Fix #2109)","",""
"","4","updateLocation with null clears location","test/src/features/party/event/create/event_create_controller_test.dart","2026-05-24","passed","2026-05-24","update methods","EventCreateController","",""
"","10","build error produces AsyncError","test/src/features/verification/verification_manage_controller_test.dart","2026-05-24","passed","2026-05-24","","VerificationManageController","",""
"","11","throws MinglitUserException on error response","test/src/data/repositories/verification_command_repository_test.dart","2026-05-24","passed","2026-05-24","createVerification","VerificationRepository (command)","",""
"","42","_TagChip GestureDetector — HitTestBehavior.opaque 설정 확인","test/src/features/home/widgets/featured_tag_chip_bar_test.dart","2026-05-24","passed","2026-05-24","","FeaturedTagChipBar","",""
"","59","Phase 2: shows check-in complete with participant count","test/src/features/home/widgets/event_now_bottom_sheet_test.dart","2026-05-24","passed","2026-05-24","","EventNowBottomSheet","",""
"","6","removeEntryGroup removes by id","test/src/features/party/create/party_create_wizard_controller_test.dart","2026-05-24","passed","2026-05-24","step 4: entry groups","PartyCreateWizardController","",""
"","549","renders title only","test/ui/widgets/common/minglit_list_tile_test.dart","2026-05-24","passed","2026-05-24","","MinglitListTile","",""
"","63","validateStep(0) returns false when brandName is empty","test/src/features/onboarding/partner_apply_validation_test.dart","2026-05-24","passed","2026-05-24","","PartnerApplyValidation","",""
"","276","shows offline bar on error","test/src/features/home/widgets/event_now_bar_test.dart","2026-05-24","passed","2026-05-24","","EventNowBar","",""
"","27","uses DecoratedBox with rounded corners","test/src/ui/widgets/common/minglit_badge_test.dart","2026-05-24","passed","2026-05-24","","MinglitBadge","",""
"","49","비로그인: /dev 접근 시 /dev/user-switch로 리디렉트","test/integration/partner_redirect_test.dart","2026-05-24","passed","2026-05-24","","Partner Redirect Flow","",""
"","3","CheckinState copyWith updates individual fields","test/src/features/checkin/checkin_controller_test.dart","2026-05-24","passed","2026-05-24","","CheckinController","",""
"","290","approve marks locally without server call","test/src/features/party/event/review/event_application_review_carousel_page_test.dart","2026-05-24","passed","2026-05-24","","","",""
"","54","selectedIndex falls back to 0 when on settlement branch without access","test/src/ui/shell/partner_scaffold_test.dart","2026-05-24","passed","2026-05-24","","PartnerScaffold bottom navigation — staff (no settlement access)","",""
"","646","EventDetail pull-to-refresh → eventDetailController 새로고침","test/integration/flow_error_edge_cases_test.dart","2026-05-24","passed","2026-05-24","","Pull-to-refresh","",""
"","3","updateDescription sets description","test/src/features/party/event/create/event_create_controller_test.dart","2026-05-24","passed","2026-05-24","update methods","EventCreateController","",""
"","68","_ProfileTile displayName and email are still rendered correctly","test/src/features/more/more_page_test.dart","2026-05-24","passed","2026-05-24","","MorePage","",""
"","594","빈 그룹 — SizedBox.shrink() 렌더링","test/src/features/checkin/widgets/entry_group_bottom_sheet_test.dart","2026-05-24","passed","2026-05-24","","EntryGroupBottomSheet","",""
"","3","오늘 자정 00:00 — BOARDING 경계의 시작","test/src/features/ticket/logic/boarding_pass_status_test.dart","2026-05-24","passed","2026-05-24","","boardingPassStatus","",""
"","47","Partner login screen shows partner inquiry button","test/widget_test.dart","2026-05-24","passed","2026-05-24","","","",""
"","4","paid_at is null when absent from RPC row","test/src/data/repositories/event_application_rpc_mapping_test.dart","2026-05-24","passed","2026-05-24","","mapEventApplicationRpcRow flat-to-nested transformation","",""
"","2","ignores from=// to prevent external redirect","test/src/routing/app_router_redirect_test.dart","2026-05-24","passed","2026-05-24","","/login — already authenticated","",""
"","1290","App smoke test - HomePage renders","test/widget_test.dart","2026-05-24","passed","2026-05-24","","","",""
"","30","card variant renders with icon and no retry button","test/src/ui/widgets/common/minglit_error_state_test.dart","2026-05-24","passed","2026-05-24","","MinglitErrorState","",""
"","3","/events/:id/apply with query params — full URI preserved in from param","test/src/routing/app_router_redirect_test.dart","2026-05-24","passed","2026-05-24","","protected paths — unauthenticated","",""
"","58","propagates error when repository throws","test/src/features/party/event/detail/event_detail_controller_test.dart","2026-05-24","passed","2026-05-24","","eventTickets","",""
"","10","loads consents from repository","test/src/features/consent/logic/consent_controller_test.dart","2026-05-24","passed","2026-05-24","","ConsentController","",""
"","4","resume — success transitions state to AsyncData","test/src/features/party/recurrence/recurrence_management_controller_test.dart","2026-05-24","passed","2026-05-24","","RecurrenceManagementController","",""
"","626","renders segmented mode when total <= threshold","test/src/common/widgets/minglit_capacity_bar_test.dart","2026-05-24","passed","2026-05-24","","MinglitCapacityBar","",""
"","115","대시보드/정산 내역 탭이 표시된다","test/src/features/settlement/ui/settlement_smoke_test.dart","2026-05-24","passed","2026-05-24","","SettlementPage smoke","",""
"","47","(setUpAll)","test/src/features/party/event/edit/event_edit_page_test.dart","2026-05-24","passed","2026-05-24","","","",""
"","3","initialize does not throw when key is FILL_THIS placeholder","test/logic/providers/statsig_provider_test.dart","2026-05-24","passed","2026-05-24","","StatsigAnalytics","",""
"","160","shows only tags with recentCount > 0","test/src/features/home/widgets/trending_tag_section_test.dart","2026-05-24","passed","2026-05-24","","TrendingTagSection","",""
"","34","applies custom topPadding and bottomPadding","test/ui/widgets/common/minglit_content_layout_test.dart","2026-05-24","passed","2026-05-24","","MinglitContentLayout","",""
"","4","two models with same values are equal","test/src/features/iamport/data/model/iamport_result_model_test.dart","2026-05-24","passed","2026-05-24","equality","IamportResultModel","",""
"","5","pushVerificationManage calls router.push","test/src/features/more/more_coordinator_test.dart","2026-05-24","passed","2026-05-24","","MoreCoordinator","",""
"","609","체크인 숫자와 분수 표시","test/src/features/checkin/widgets/checkin_summary_card_test.dart","2026-05-24","passed","2026-05-24","","CheckinSummaryCard","",""
"","47","shows 투표 완료 when all votes used","test/src/features/event/matching/matching_vote_content_test.dart","2026-05-24","passed","2026-05-24","","MatchingVoteContent","",""
"","12","requestDeletion stores AsyncError on failure","test/src/features/account_deletion/logic/account_deletion_controller_test.dart","2026-05-24","passed","2026-05-24","","AccountDeletionController","",""
"","5","throws on network error","test/src/data/repositories/verification_command_repository_test.dart","2026-05-24","passed","2026-05-24","createVerification","VerificationRepository (command)","",""
"","285","홈 AsyncData 빈 목록 → 추천 이벤트가 없습니다","test/integration/flow_event_browse_test.dart","2026-05-24","passed","2026-05-24","","이벤트 탐색 플로우 — 홈→상세→파트너","",""
"","20","noShow overrides all other state","test/src/features/tickets/logic/active_event_banners_provider_test.dart","2026-05-24","passed","2026-05-24","","activeEventBannersProvider","",""
"","3","throws on error","test/src/data/repositories/consent_repository_test.dart","2026-05-24","passed","2026-05-24","hasRequiredConsents","ConsentRepository","",""
"","53","shows header with calendar icon when events exist","test/src/features/home/widgets/upcoming_events_card_test.dart","2026-05-24","passed","2026-05-24","","UpcomingEventsCard","",""
"","10","throws on error","test/src/data/repositories/verification_query_repository_test.dart","2026-05-24","passed","2026-05-24","getPartnerVerifications","VerificationRepository","",""
"","137","DefaultTabController가 없다","test/src/features/party/event/detail/event_detail_page_smoke_test.dart","2026-05-24","passed","2026-05-24","","EventDetailPage (Fix #2109)","",""
"","40","payment_pending uses info color","test/src/common/widgets/status_badge_test.dart","2026-05-24","passed","2026-05-24","","StatusBadge","",""
"","24","parses successful certification result","test/src/features/iamport/data/model/iamport_result_model_test.dart","2026-05-24","passed","2026-05-24","fromJson","IamportResultModel","",""
"","72","shows location permission with granted status","test/src/features/permission/app_permission_settings_screen_test.dart","2026-05-24","passed","2026-05-24","","AppPermissionSettingsScreen","",""
"","6","with verification badges","test/src/data/models/event_test.dart","2026-05-24","passed","2026-05-24","","Event conditionSummaries","",""
"","4","pushBankAccountManagement calls router.go with /settlement/bank-account","test/src/features/more/more_coordinator_test.dart","2026-05-24","passed","2026-05-24","","MoreCoordinator","",""
"","39","shows header regardless of party count","test/src/features/home/widgets/active_party_summary_scroll_test.dart","2026-05-24","passed","2026-05-24","","ActivePartySummaryScroll","",""
"","136","로그인 상태: HomePage 렌더링 확인","test/integration/smoke_test.dart","2026-05-24","passed","2026-05-24","","Smoke Tests — TestApp 인프라 검증","",""
"","36","zero filled and pending renders track only","test/src/common/widgets/minglit_capacity_bar_test.dart","2026-05-24","passed","2026-05-24","","MinglitCapacityBar","",""
"","26","renders subtitle when provided","test/src/ui/widgets/common/minglit_empty_state_test.dart","2026-05-24","passed","2026-05-24","","MinglitEmptyState","",""
"","59","calls updatePartyStatus(""closed"") and shows success snackbar","test/src/features/party/detail/party_detail_coordinator_party_status_test.dart","2026-05-24","passed","2026-05-24","","PartyDetailCoordinator.deactivateParty","",""
"","3","throws on error","test/src/data/repositories/event_repository_test.dart","2026-05-24","passed","2026-05-24","getMyPurchaseHistory","EventRepository","",""
"","39","DotIndicator starts at index 0","test/src/features/onboarding/partner_welcome_page_test.dart","2026-05-24","passed","2026-05-24","","PartnerWelcomePage","",""
"","2","ISO date string does not need quoting","test/src/features/settlement/widgets/download_bottom_sheet_test.dart","2026-05-24","passed","2026-05-24","","escapeCsv","",""
"","662","renders nothing when rule is null","test/src/features/party/recurrence/recurrence_rule_summary_card_test.dart","2026-05-24","passed","2026-05-24","","RecurrenceRuleSummaryCard","",""
"","35","(setUpAll)","test/src/features/party/ui/recurrence_settings_section_test.dart","2026-05-24","passed","2026-05-24","","","",""
"","72","shows Icons.store fallback when profileImageUrl is null","test/src/features/more/more_page_test.dart","2026-05-24","passed","2026-05-24","","MorePage","",""
"","61","paymentId가 null이어도 영수증 버튼이 표시된다 (Fix #2076)","test/src/features/payment/ui/purchase_history_card_test.dart","2026-05-24","passed","2026-05-24","","PurchaseHistoryCard — Fix #1820 영수증 버튼/버튼 정렬 회귀 테스트","",""
"","84","returns empty list when user is not logged in","test/src/features/consent/logic/consent_controller_test.dart","2026-05-24","passed","2026-05-24","","ConsentController","",""
"","20","default variant is fullPage","test/src/ui/widgets/common/minglit_empty_state_test.dart","2026-05-24","passed","2026-05-24","","MinglitEmptyState - fullPage variant","",""
"","5","/dev/switch returns null (no redirect) when logged in","test/src/routing/app_router_redirect_test.dart","2026-05-24","passed","2026-05-24","","/dev paths — auth bypass","",""
"","3","histories and adjustments default to empty list","test/src/data/models/settlement_item_detail_test.dart","2026-05-24","passed","2026-05-24","","SettlementItemDetail.fromJson","",""
"","6","throws when edge function fails","test/src/data/repositories/bug_report_repository_test.dart","2026-05-24","passed","2026-05-24","reportBug","BugReportRepository","",""
"","5","detects todayEvent as most imminent event starting today","test/src/features/my_tickets/logic/my_tickets_controller_test.dart","2026-05-24","passed","2026-05-24","","MyTicketsController","",""
"","4","ticket is null when ticket_name is null (JOIN miss)","test/src/data/repositories/event_application_rpc_mapping_test.dart","2026-05-24","passed","2026-05-24","","mapEventApplicationRpcRow flat-to-nested transformation","",""
"","2","ratio 계산: total=0이면 0.0","test/src/features/checkin/stats/entry_group_checkin_stats_controller_test.dart","2026-05-24","passed","2026-05-24","","EntryGroupCheckinStatsController","",""
"","3","completes without error via EF","test/src/data/repositories/matching_repository_test.dart","2026-05-24","passed","2026-05-24","clearMatchRules","MatchingRepository","",""
"","682","renders with required params only","test/src/ui/widgets/common/minglit_section_test.dart","2026-05-24","passed","2026-05-24","","MinglitSection","",""
"","31","uses colorScheme.onSurfaceVariant text in default state","test/src/ui/widgets/common/minglit_chip_test.dart","2026-05-24","passed","2026-05-24","","MinglitChip","",""
"","3","throws on RPC error","test/src/data/repositories/event_repository_queries_test.dart","2026-05-24","passed","2026-05-24","getEventsWithinRadius","EventRepository Queries","",""
"","137","tapping 전체 chip calls onStatusChanged with null","test/src/features/settlement/widgets/status_filter_chips_test.dart","2026-05-24","passed","2026-05-24","","StatusFilterChips widget","",""
"","14","sorts by nearby distance when nearbyEnabled","test/src/features/explore/providers/explore_filter_integration_test.dart","2026-05-24","passed","2026-05-24","","filteredEventsProvider","",""
"","5","returns rule when active rule exists","test/src/data/repositories/recurrence_rule_repository_test.dart","2026-05-24","passed","2026-05-24","getByPartyId","RecurrenceRuleRepository","",""
"","4","total=0 이벤트 — 0/0 반환","test/src/features/checkin/stats/checkin_stats_controller_test.dart","2026-05-24","passed","2026-05-24","","CheckinStatsController","",""
"","3","populates nested histories from historiesData","test/src/data/models/settlement_item_detail_test.dart","2026-05-24","passed","2026-05-24","","SettlementItemDetail.fromJson","",""
"","2","copyWith — status 업데이트","test/src/features/checkin/manual/checkin_participant_test.dart","2026-05-24","passed","2026-05-24","","CheckinParticipant","",""
"","3","returns empty list when no events","test/src/data/repositories/event_repository_queries_test.dart","2026-05-24","passed","2026-05-24","getEventsByPartnerId","EventRepository Queries","",""
"","80","end date row is visible when enabled","test/src/features/party/ui/recurrence_settings_section_test.dart","2026-05-24","passed","2026-05-24","","RecurrenceSettingsSection","",""
"","20","does not render button when onRetry is null","test/src/ui/widgets/common/minglit_error_state_test.dart","2026-05-24","passed","2026-05-24","","MinglitErrorState","",""
"","9","getTicket returns null when not exists","test/src/features/ticket/data/ticket_wallet_repository_test.dart","2026-05-24","passed","2026-05-24","","TicketWalletRepository","",""
"","5","ended items are filtered out of results","test/src/features/tickets/logic/active_event_banners_provider_test.dart","2026-05-24","passed","2026-05-24","","activeEventBannersProvider","",""
"","39","shows partner profile tile when onPartnerProfile is provided","test/ui/pages/account_management_page_test.dart","2026-05-24","passed","2026-05-24","","AccountManagementPage","",""
"","12","creates location first when selectedLocation has no id","test/src/features/party/event/create/event_create_controller_test.dart","2026-05-24","passed","2026-05-24","submit","EventCreateController","",""
"","2","maps COMPLETED correctly","test/src/features/settlement/widgets/settlement_status_badge_test.dart","2026-05-24","passed","2026-05-24","","SettlementStatus.fromString","",""
"","4","pushCreateVerification calls router.push","test/src/features/verification/verification_coordinator_test.dart","2026-05-24","passed","2026-05-24","","VerificationCoordinator","",""
"","3","returns false when Firebase authorization is denied","test/src/features/notification/notification_service_test.dart","2026-05-24","passed","2026-05-24","","_ensureNotificationPermission (#1687)","",""
"","5","updateField replaces field at index","test/src/features/verification/create_verification_controller_test.dart","2026-05-24","passed","2026-05-24","","CreateVerificationController","",""
"","3","throws on network error","test/src/data/repositories/verification_command_repository_test.dart","2026-05-24","passed","2026-05-24","updateVerification","VerificationRepository (command)","",""
"","104","dark mode renders all statuses without error","test/src/common/widgets/status_badge_test.dart","2026-05-24","passed","2026-05-24","","StatusBadge — dark mode","",""
"","2","marks ineligible when user is not verified","test/src/features/event/admission/ticket_recommendation_util_test.dart","2026-05-24","passed","2026-05-24","","TicketRecommendationUtil","",""
"","31","renders 반려됨 for rejected status","test/src/common/widgets/status_badge_test.dart","2026-05-24","passed","2026-05-24","","StatusBadge","",""
"","1567","알림 설정 tap → NotificationSettingsScreen","test/integration/flow_my_page_test.dart","2026-05-24","passed","2026-05-24","","MyPage 메뉴 탭","",""
"","4","clearAll resets all filters","test/src/features/explore/providers/explore_filter_integration_test.dart","2026-05-24","passed","2026-05-24","","ActiveFilters provider","",""
"","203","partial submit failure — already-committed marks removed immediately","test/src/features/party/event/review/event_application_review_confirm_page_test.dart","2026-05-24","passed","2026-05-24","","","",""
"","4","goToPurchaseHistory navigates to purchase history route","test/src/features/event/logic/event_coordinator_test.dart","2026-05-24","passed","2026-05-24","","EventCoordinator","",""
"","3","canceled label is 취소","test/src/features/settlement/widgets/settlement_status_badge_test.dart","2026-05-24","passed","2026-05-24","","SettlementStatus.label","",""
"","105","HomePage shows empty state text when no events returned","test/widget_test.dart","2026-05-24","passed","2026-05-24","","","",""
"","30","shows message when partner info is null","test/src/features/checkin/checkin_placeholder_page_test.dart","2026-05-24","passed","2026-05-24","","CheckinPlaceholderPage","",""
"","4","unknown method call is ignored without error","test/src/data/services/qa_bug_report_channel_test.dart","2026-05-24","passed","2026-05-24","","QaBugReportChannel","",""
"","80","uses event-level imageUrls when party has none","test/src/ui/widgets/party/event_card_state_test.dart","2026-05-24","passed","2026-05-24","","EventCard image source","",""
"","78","renders CircleAvatar in app bar","test/src/features/home/home_page_app_bar_test.dart","2026-05-24","passed","2026-05-24","when user is logged in with avatar","HomePage AppBar - Auth-aware widgets","",""
"","40","dark mode: notch circles use scaffoldBackgroundColor, not hardcoded surface (Fix #1931)","test/src/features/ticket/ui/boarding_pass_card_test.dart","2026-05-24","passed","2026-05-24","","BoardingPassCard","",""
"","7","signInWithKakao sets AsyncError when repository throws","test/src/features/auth/logic/auth_controller_test.dart","2026-05-24","passed","2026-05-24","","AuthController","",""
"","4","public-object URL + width → render/image 엔드포인트로 재작성 + width/quality 추가","test/utils/supabase_image_url_test.dart","2026-05-24","passed","2026-05-24","","supabaseImageUrl","",""
"","16","throws FunctionException when post-create getById returns null","test/src/data/repositories/recurrence_rule_repository_test.dart","2026-05-24","passed","2026-05-24","create","RecurrenceRuleRepository","",""
"","4","does nothing when user is null","test/src/features/notification/logic/notification_settings_controller_test.dart","2026-05-24","passed","2026-05-24","updateSetting","NotificationSettingsController","",""
"","922","Loading: shows 6 skeleton rows (4 skeletons each) while data is pending","test/src/features/event/matching/event_matching_screen_test.dart","2026-05-24","passed","2026-05-24","","","",""
"","29","small size renders smaller button","test/src/ui/widgets/common/minglit_button_test.dart","2026-05-24","passed","2026-05-24","","MinglitButton","",""
"","23","renders label text for canceled","test/src/features/settlement/widgets/settlement_status_badge_test.dart","2026-05-24","passed","2026-05-24","","SettlementStatusBadge widget","",""
"","117","retry button triggers re-load on error tap","test/src/features/settlement/settlement_detail_page_test.dart","2026-05-24","passed","2026-05-24","","SettlementDetailPage","",""
"","79","그룹 모두 삭제하면 MinglitEmptyState로 돌아감","test/src/features/party/create/steps/step4_entry_rules_test.dart","2026-05-24","passed","2026-05-24","","Step4EntryRules","",""
"","3","removeTag가 태그를 제거한다","test/src/features/party/create/widgets/tag_selection_section_test.dart","2026-05-24","passed","2026-05-24","","TagSelectionController","",""
"","1460","basicInfo step에서 진행 바가 표시된다","test/src/features/party/ui/party_create_wizard_smoke_test.dart","2026-05-24","passed","2026-05-24","","PartyCreateWizardPage smoke","",""
"","8","deletes ticket that exists in repo but is absent from incoming list","test/src/features/party/create/party_create_wizard_edit_submit_test.dart","2026-05-24","passed","2026-05-24","","_submitEdit — basic flow","",""
"","7","Should return parsed list when data is correct","test/src/features/party/event/detail/event_application_controller_test.dart","2026-05-24","passed","2026-05-24","","EventApplicationController Tests","",""
"","12","fetches from Edge Function if not in wallet; saves to wallet","test/src/features/ticket/data/ticket_token_service_test.dart","2026-05-24","passed","2026-05-24","","TicketTokenService","",""
"","4","throws MinglitUserException on non-200","test/src/data/repositories/event_repository_commands_test.dart","2026-05-24","passed","2026-05-24","","EventRepository.approveApplication","",""
"","10","returns list of global verifications","test/src/data/repositories/verification_query_repository_test.dart","2026-05-24","passed","2026-05-24","getGlobalVerifications","VerificationRepository","",""
"","48","Variant D (brand new, no events): tapping CTA calls onCreateEventTap","test/src/features/party/list/party_list_item_cta_test.dart","2026-05-24","passed","2026-05-24","","PartyListItem CTA — create-event callback wiring","",""
"","3","pushMyPage calls router.push with /my","test/src/features/home/logic/home_coordinator_test.dart","2026-05-24","passed","2026-05-24","","HomeCoordinator","",""
"","53","build returns initial state from override","test/src/features/social/logic/social_interaction_controller_test.dart","2026-05-24","passed","2026-05-24","","SocialInteractionController","",""
"","3","addTag가 태그를 추가한다","test/src/features/party/create/widgets/tag_selection_section_test.dart","2026-05-24","passed","2026-05-24","","TagSelectionController","",""
"","9","fix regression: reverting fileIssue param causes reportBug on fileIssue=false call","test/src/data/services/bug_report_collector_test.dart","2026-05-24","passed","2026-05-24","","BugReportCollector.submitReport flag routing","",""
"","70","Fix #1742: shows party title when event.title is null","test/src/features/application/ui/event_application_manage_page_test.dart","2026-05-24","passed","2026-05-24","","EventApplicationManagePage","",""
"","112","changeMonth updates selectedMonth and reloads","test/src/features/settlement/settlement_dashboard_controller_test.dart","2026-05-24","passed","2026-05-24","","SettlementDashboardController","",""
"","4","completes without error","test/src/data/repositories/party_repository_test.dart","2026-05-24","passed","2026-05-24","updatePartyStatus","PartyRepository","",""
"","129","preview message shown when no day selected","test/src/features/party/ui/recurrence_settings_section_test.dart","2026-05-24","passed","2026-05-24","","RecurrenceSettingsSection","",""
"","205","review step에서 ""완료"" 버튼이 표시된다","test/src/features/party/ui/party_create_wizard_smoke_test.dart","2026-05-24","passed","2026-05-24","","PartyCreateWizardPage smoke","",""
"","11","loadSettlementData calls repo with correct partnerId","test/src/features/settlement/settlement_controller_test.dart","2026-05-24","passed","2026-05-24","","SettlementController","",""
"","145","사유 선택 후 다음을 누르면 coordinator로 reason이 전달된다","test/src/features/account_deletion/ui/deletion_reason_page_test.dart","2026-05-24","passed","2026-05-24","","","",""
"","3","updateTitle sets title","test/src/features/party/event/create/event_create_controller_test.dart","2026-05-24","passed","2026-05-24","update methods","EventCreateController","",""
"","54","shows certification tile with 인증하기 when not verified","test/ui/pages/account_management_page_test.dart","2026-05-24","passed","2026-05-24","","AccountManagementPage","",""
"","34","boundary D-8 uses later tier","test/src/ui/widgets/common/minglit_dday_chip_test.dart","2026-05-24","passed","2026-05-24","","MinglitDDayChip","",""
"","192","Next enabled when all contact and bank fields filled","test/src/features/onboarding/partner_apply_page_test.dart","2026-05-24","passed","2026-05-24","Fix #2162 — Step 3 contact/bank validation","PartnerApplyPage","",""
"","2","equality works","test/src/data/models/matching_test.dart","2026-05-24","passed","2026-05-24","","MatchVote","",""
"","4","invokes EF with delete action","test/src/data/repositories/notification_repository_test.dart","2026-05-24","passed","2026-05-24","deleteNotification","NotificationRepository","",""
"","3","round-trip toJson/fromJson","test/src/data/models/settlement_item_detail_test.dart","2026-05-24","passed","2026-05-24","","PayoutSummary.fromJson","",""
"","19","buyer_tel is empty string when user phone is null (Fix #1924)","test/src/features/event/admission/event_application_controller_test.dart","2026-05-24","passed","2026-05-24","","EventApplicationController","",""
"","1","MinglitIconSize constants are positive","test/src/theme/minglit_theme_test.dart","2026-05-24","passed","2026-05-24","","MinglitDesignTokens","",""
"","943","locked state shows lock banner when confirmedCount >= 1","test/src/features/party/event/edit/event_edit_page_test.dart","2026-05-24","passed","2026-05-24","","","",""
"","5","다중 이벤트 격리: 서로 다른 eventId → 별도 채널","test/src/features/home/logic/event_realtime_provider_test.dart","2026-05-24","passed","2026-05-24","","eventRealtimeProvider","",""
"","7","serializes to JSON and back","test/src/data/models/verification_submission_test.dart","2026-05-24","passed","2026-05-24","","VerificationSubmission","",""
"","5","returns empty when no permissions and no approved applications","test/src/data/repositories/partner_repository_test.dart","2026-05-24","passed","2026-05-24","getMyManagedPartners","PartnerRepository","",""
"","3","returns already-ended event from today","test/src/data/repositories/event_repository_queries_test.dart","2026-05-24","passed","2026-05-24","getTodayActiveEventsForUser","EventRepository Queries","",""
"","1133","Android 시스템 백키 입력 시 확인 다이얼로그가 표시된다","test/src/features/event/ui/event_application_wizard_back_nav_test.dart","2026-05-24","passed","2026-05-24","","EventApplicationWizardPage — 뒤로가기 가드","",""
"","330","Submitted: successful commit replaces screen with confirmation page","test/src/features/event/matching/event_matching_screen_test.dart","2026-05-24","passed","2026-05-24","","","",""
"","4","toggle is independent for different tags","test/src/features/home/logic/selected_tags_provider_test.dart","2026-05-24","passed","2026-05-24","","SelectedTagsNotifier","",""
"","35","supports multiline input","test/src/ui/widgets/common/minglit_text_field_test.dart","2026-05-24","passed","2026-05-24","","MinglitTextField","",""
"","29","PENDING shows correct message","test/src/features/settlement/settlement_detail_page_test.dart","2026-05-24","passed","2026-05-24","","StatusMessageCard","",""
"","541","shows empty state when no events","test/src/features/home/widgets/upcoming_events_card_test.dart","2026-05-24","passed","2026-05-24","","UpcomingEventsCard","",""
"","14","loads settings from repository","test/src/features/notification/logic/notification_settings_controller_test.dart","2026-05-24","passed","2026-05-24","","NotificationSettingsController","",""
"","4","normalizes various statuses to lowercase","test/src/features/settlement/settlement_models_test.dart","2026-05-24","passed","2026-05-24","","PartnerSettlement.fromJson","",""
"","5","completes without error","test/src/data/repositories/settlement_repository_test.dart","2026-05-24","passed","2026-05-24","upsertBankAccount","SettlementRepository","",""
"","5","returns only paid/approved tickets","test/src/data/repositories/event_repository_queries_test.dart","2026-05-24","passed","2026-05-24","getMyTickets","EventRepository Queries","",""
"","96","shows event title and payment info","test/src/features/payment/ui/purchase_history_detail_page_test.dart","2026-05-24","passed","2026-05-24","","PurchaseHistoryDetailPage — #2095","",""
"","5","returns empty list when no candidates","test/src/features/event/matching/matching_vote_controller_test.dart","2026-05-24","passed","2026-05-24","","matchCandidates","",""
"","93","참가 현황 섹션이 표시된다","test/src/features/party/event/detail/event_detail_page_smoke_test.dart","2026-05-24","passed","2026-05-24","","EventDetailPage (Fix #2109)","",""
"","4","throws on network error","test/src/data/repositories/partner_member_repository_test.dart","2026-05-24","passed","2026-05-24","updateMemberPermissions","PartnerMemberRepository","",""
"","3","returns null when permission denied","test/services/location_service_test.dart","2026-05-24","passed","2026-05-24","","LocationService","",""
"","4","filters out null verification IDs","test/src/data/repositories/user_repository_test.dart","2026-05-24","passed","2026-05-24","getApprovedVerificationIds","SupabaseUserRepository","",""
"","65","그룹 정렬 — 완충률 ≥90% 그룹이 먼저 노출","test/src/features/checkin/widgets/entry_group_bottom_sheet_test.dart","2026-05-24","passed","2026-05-24","","EntryGroupBottomSheet","",""
"","3","home branch has location guide sub-route","test/src/routing/app_routes_test.dart","2026-05-24","passed","2026-05-24","","AppRoutes","",""
"","1027","shows error message with retry button on feed load failure","test/src/features/home/home_page_test.dart","2026-05-24","passed","2026-05-24","","HomePage","",""
"","192","이벤트 목록 상태 — 이벤트 제목이 렌더링된다","test/src/features/tag/ui/tag_event_list_page_test.dart","2026-05-24","passed","2026-05-24","","TagEventListPage","",""
"","5","pushPartyList calls router.push with parties route","test/src/features/more/more_coordinator_test.dart","2026-05-24","passed","2026-05-24","","MoreCoordinator","",""
"","104","returns null when no application exists","test/src/data/repositories/partner_application_repository_test.dart","2026-05-24","passed","2026-05-24","getMyApplication","PartnerApplicationRepository","",""
"","8","assert passes when fullPage variant has actionLabel and onAction","test/src/ui/widgets/common/minglit_empty_state_test.dart","2026-05-24","passed","2026-05-24","","MinglitEmptyState - constructor assertions","",""
"","10","빈 쿼리는 searchEvents를 호출하지 않고 빈 목록을 반환한다","test/src/logic/feed_state_provider_test.dart","2026-05-24","passed","2026-05-24","","searchResults — Fix #1534","",""
"","15","archiveVerification calls deleteVerification and refreshes","test/src/features/verification/verification_manage_controller_test.dart","2026-05-24","passed","2026-05-24","","VerificationManageController","",""
"","3","default values applied when optional fields absent","test/src/data/repositories/tag_repository_test.dart","2026-05-24","passed","2026-05-24","","Tag model","",""
"","4","deleteTicket removes token from storage","test/src/features/ticket/data/ticket_wallet_repository_test.dart","2026-05-24","passed","2026-05-24","","TicketWalletRepository","",""
"","56","sends anonymous reason and returns pending status","test/src/data/repositories/account_repository_test.dart","2026-05-24","passed","2026-05-24","deleteAccount","AccountRepository","",""
"","4","creates from JSON with defaults","test/src/data/models/party_test.dart","2026-05-24","passed","2026-05-24","","Party","",""
"","3","imageUrl returns first URL or null","test/src/data/models/party_test.dart","2026-05-24","passed","2026-05-24","","Party","",""
"","4","throws on db error","test/src/data/repositories/settlement_repository_test.dart","2026-05-24","passed","2026-05-24","getPartnerSettlementInfo","SettlementRepository","",""
"","202","overflow: 끝까지 스크롤 시 chevron 사라짐","test/ui/widgets/common/minglit_horizontal_scroll_group_test.dart","2026-05-24","passed","2026-05-24","","MinglitHorizontalScrollGroup","",""
"","672","renders upload button correctly with label and hint","test/ui/widgets/common/minglit_file_picker_test.dart","2026-05-24","passed","2026-05-24","","MinglitFilePicker Widget Tests","",""
"","5","returns managed partners when permissions exist","test/src/data/repositories/partner_repository_test.dart","2026-05-24","passed","2026-05-24","getMyManagedPartners","PartnerRepository","",""
"","286","Confirm Dialog: tapping CTA shows confirm dialog","test/src/features/event/matching/event_matching_screen_test.dart","2026-05-24","passed","2026-05-24","","","",""
"","4","returns empty list when no parties","test/src/data/repositories/party_repository_test.dart","2026-05-24","passed","2026-05-24","getPartiesByPartnerId","PartyRepository","",""
"","44","shows schedule icon for each event card","test/src/features/home/widgets/upcoming_events_card_test.dart","2026-05-24","passed","2026-05-24","","UpcomingEventsCard","",""
"","3","updateLocation sets location and locationId","test/src/features/party/event/create/event_create_controller_test.dart","2026-05-24","passed","2026-05-24","update methods","EventCreateController","",""
"","2","scheduledAt is null when not provided","test/src/data/models/settlement_item_detail_test.dart","2026-05-24","passed","2026-05-24","","PayoutSummary.fromJson","",""
"","17","goToSettlement calls router.go","test/src/features/settlement/settlement_coordinator_test.dart","2026-05-24","passed","2026-05-24","","SettlementCoordinator","",""
"","25","search returns results from repository","test/src/features/search/logic/location_search_controller_test.dart","2026-05-24","passed","2026-05-24","","LocationSearchController","",""
"","2","settlement period fields are empty when null","test/src/features/settlement/widgets/download_bottom_sheet_test.dart","2026-05-24","passed","2026-05-24","","buildCsv","",""
"","5","creates from JSON with all fields","test/src/data/models/party_entry_group_test.dart","2026-05-24","passed","2026-05-24","","EntryGroup","",""
"","3","supports pagination","test/src/data/repositories/notification_repository_test.dart","2026-05-24","passed","2026-05-24","getNotifications","NotificationRepository","",""
"","3","goToApplicationWizard pushes apply route","test/src/features/event/logic/event_coordinator_test.dart","2026-05-24","passed","2026-05-24","","EventCoordinator","",""
"","4","removeFilter resets sort to recommended","test/src/features/explore/providers/explore_filter_integration_test.dart","2026-05-24","passed","2026-05-24","","ActiveFilters provider","",""
"","2","handles int value correctly","test/src/data/models/metadata_key_test.dart","2026-05-24","passed","2026-05-24","","IntMetaKey.parse","",""
"","4","throws MinglitUserException when response.data is not a Map","test/src/data/repositories/event_repository_test.dart","2026-05-24","passed","2026-05-24","cancelOrder","EventRepository","",""
"","4","pushPartnerDetail pushes correct route","test/src/features/event/logic/event_coordinator_test.dart","2026-05-24","passed","2026-05-24","","EventCoordinator","",""
"","3","throws MinglitUserException on non-200 response","test/src/data/repositories/matching_repository_test.dart","2026-05-24","passed","2026-05-24","clearMatchRules","MatchingRepository","",""
"","204","from=/login: 루프 방지 — 홈으로 리다이렉트","test/integration/edge_cases_test.dart","2026-05-24","passed","2026-05-24","","Edge Cases","",""
"","50","DB에서 visibility=null인 파티 → Party.fromJson → visibility는 ""public""으로 정규화됨","test/src/features/party/widgets/party_status_edit_sheet_test.dart","2026-05-24","passed","2026-05-24","","Party 모델 — visibility null 정규화 (#72)","",""
"","826","로딩 상태 — CircularProgressIndicator가 렌더링된다","test/src/features/tag/ui/tag_event_list_page_test.dart","2026-05-24","passed","2026-05-24","","TagEventListPage","",""
"","7","throws on error","test/src/data/repositories/partner_application_repository_test.dart","2026-05-24","passed","2026-05-24","updateApplication","PartnerApplicationRepository","",""
"","11","fromJson — checked_in 상태 + 시각","test/src/features/checkin/manual/checkin_participant_test.dart","2026-05-24","passed","2026-05-24","","CheckinParticipant","",""
"","4","canCancel returns false when event has already started","test/src/features/payment/logic/purchase_history_controller_test.dart","2026-05-24","passed","2026-05-24","","PurchaseHistoryController.canCancel — Fix #1235","",""
"","20","populates state from party template","test/src/features/party/event/create/event_create_controller_test.dart","2026-05-24","passed","2026-05-24","initWithParty","EventCreateController","",""
"","58","전체 chip is not selected when specific status is selected","test/src/features/settlement/widgets/status_filter_chips_test.dart","2026-05-24","passed","2026-05-24","","StatusFilterChips widget","",""
"","29","disposes cleanly with callback registered","test/ui/widgets/bug_reporter_wrapper_test.dart","2026-05-24","passed","2026-05-24","","Lifecycle","",""
"","3","returns empty map when last element is a String","test/src/features/verification/review_verification_screen_test.dart","2026-05-24","passed","2026-05-24","","snapshot_data type guard","",""
"","55","shows multiple event titles when multiple events given","test/src/features/home/widgets/upcoming_events_card_test.dart","2026-05-24","passed","2026-05-24","","UpcomingEventsCard","",""
"","4","toDbJson removes id and timestamps","test/src/data/models/party_entry_group_test.dart","2026-05-24","passed","2026-05-24","","EntryGroup","",""
"","119","on failure does not crash the widget tree","test/src/features/settlement/settlement_coordinator_retry_test.dart","2026-05-24","passed","2026-05-24","","SettlementCoordinator.retryPayout","",""
"","50","이벤트 데이터 로드 시 위저드 단계 진행 UI가 렌더링된다","test/src/features/event/ui/event_application_wizard_smoke_test.dart","2026-05-24","passed","2026-05-24","","EventApplicationWizardPage","",""
"","10","counter resets when new visible events appear","test/src/features/explore/providers/recommendation_feed_notifier_test.dart","2026-05-24","passed","2026-05-24","Fix #193: consecutive empty page cap","RecommendationFeedNotifier","",""
"","88","섹션 제목 5개 모두 표시됨","test/src/features/party/create/steps/step6_review_test.dart","2026-05-24","passed","2026-05-24","","Step6Review","",""
"","4","birthday today → age is exact","test/src/utils/age_util_test.dart","2026-05-24","passed","2026-05-24","calculateManAgeFromDate","AgeUtil","",""
"","5","serializes to JSON and back","test/src/data/models/party_test.dart","2026-05-24","passed","2026-05-24","","Location","",""
"","52","QR 코드: Semantics label ""이벤트 입장 QR 코드"" 존재 (접근성)","test/src/features/ticket/ui/boarding_pass_card_test.dart","2026-05-24","passed","2026-05-24","","BoardingPassCard","",""
"","7","returns a map with correct value types","test/src/utils/environment_info_test.dart","2026-05-24","passed","2026-05-24","","collectEnvironmentInfo","",""
"","125","resultsUnviewed tap calls onMarkResultsViewed exactly once","test/src/features/tickets/event_ongoing_banner_test.dart","2026-05-24","passed","2026-05-24","","","",""
"","22","invalidates dependent providers on success","test/src/features/event/matching/logic/commit_match_likes_controller_test.dart","2026-05-24","passed","2026-05-24","commit","CommitMatchLikesController","",""
"","49","pulsing transition false→true starts animation, true→false stops","test/src/common/widgets/minglit_timeline_test.dart","2026-05-24","passed","2026-05-24","","MinglitTimeline","",""
"","2","treats arbitrary success value as false","test/src/features/iamport/data/model/iamport_result_model_test.dart","2026-05-24","passed","2026-05-24","fromMap","IamportResultModel","",""
"","1381","비로그인 상태: HomePage 렌더링 확인","test/integration/smoke_test.dart","2026-05-24","passed","2026-05-24","","Smoke Tests — TestApp 인프라 검증","",""
"","128","shows empty state when no events","test/src/features/home/home_page_test.dart","2026-05-24","passed","2026-05-24","","HomePage","",""
"","97","PartyLocationDetailInput 표시됨","test/src/features/party/create/steps/step2_location_test.dart","2026-05-24","passed","2026-05-24","","Step2Location","",""
"","5","maxVoteCountProvider returns 1 when rules are empty","test/src/data/repositories/matching_repository_test.dart","2026-05-24","passed","2026-05-24","","MatchingRepository providers","",""
"","4","swallows EF error — does not throw on failure","test/src/data/repositories/notification_repository_test.dart","2026-05-24","passed","2026-05-24","deleteNotification","NotificationRepository","",""
"","1216","renders 4 tabs: 대기중 승인됨 거절됨 환불","test/src/features/party/event/detail/event_application_list_page_test.dart","2026-05-24","passed","2026-05-24","","EventApplicationListPage tab structure","",""
"","4","include_dump=false is forwarded to submitReport","test/src/data/services/qa_bug_report_channel_test.dart","2026-05-24","passed","2026-05-24","","QaBugReportChannel","",""
"","80","is initially AsyncLoading before stream emits any value","test/src/features/auth/auth_state_provider_test.dart","2026-05-24","passed","2026-05-24","","authStateChangesProvider","",""
"","8","elevatedButton uses partner primary","test/src/theme/minglit_theme_test.dart","2026-05-24","passed","2026-05-24","","partnerTheme","",""
"","2","parses string map with success=True (capitalized)","test/src/features/iamport/data/model/iamport_result_model_test.dart","2026-05-24","passed","2026-05-24","fromMap","IamportResultModel","",""
"","7","serializes to JSON and back","test/src/data/models/party_entry_group_test.dart","2026-05-24","passed","2026-05-24","","EntryGroupTemplate","",""
"","37","returns SizedBox.shrink when sections is empty","test/ui/widgets/common/minglit_content_layout_test.dart","2026-05-24","passed","2026-05-24","","MinglitContentLayout","",""
"","531","shows loading indicator when partner info is loading","test/src/features/checkin/checkin_placeholder_page_test.dart","2026-05-24","passed","2026-05-24","","CheckinPlaceholderPage","",""
"","3","returns null when permission denied forever","test/services/location_service_test.dart","2026-05-24","passed","2026-05-24","","LocationService","",""
"","40","throws when upload fails","test/src/data/repositories/storage_repository_test.dart","2026-05-24","passed","2026-05-24","uploadBytes","StorageRepository","",""
"","2","sets monthDay","test/src/features/party/logic/recurrence_settings_controller_test.dart","2026-05-24","passed","2026-05-24","setMonthDay","RecurrenceSettingsController","",""
"","583","shows revenue, applications and checkin-rate columns with zero values","test/src/features/home/widgets/weekly_stats_row_test.dart","2026-05-24","passed","2026-05-24","","WeeklyStatsRow","",""
"","4","throws MinglitAuthException when user is not logged in","test/src/features/iamport/data/repository/iamport_repository_test.dart","2026-05-24","passed","2026-05-24","verifyCertification","IamportRepository","",""
"","26","maps each tone to distinct base colors in light theme","test/src/components/feedback/minglit_confirmation_page_test.dart","2026-05-24","passed","2026-05-24","","resolveMinglitConfirmationPalette","",""
"","53","settlement tab is not rendered","test/src/ui/shell/partner_scaffold_test.dart","2026-05-24","passed","2026-05-24","","PartnerScaffold bottom navigation — staff (no settlement access)","",""
"","6","myMatchesProvider returns repository matches","test/src/data/repositories/matching_repository_test.dart","2026-05-24","passed","2026-05-24","","MatchingRepository providers","",""
"","3","parses from JSON with null profile","test/src/features/explore/logic/eligibility_filter_test.dart","2026-05-24","passed","2026-05-24","","BulkEligibilityData","",""
"","107","renders MinglitAvatarImage (not CircleAvatar+NetworkImage) when profileImageUrl is set","test/src/features/more/more_page_test.dart","2026-05-24","passed","2026-05-24","","MorePage","",""
"","30","Test A: BugReporterWrapper shows FAB overlay when provider is true","test/ui/widgets/bug_reporter_wrapper_test.dart","2026-05-24","passed","2026-05-24","","BugReportFab","",""
"","136","shows empty state when no approved applications","test/src/features/party/event/detail/event_application_list_page_test.dart","2026-05-24","passed","2026-05-24","","승인됨 tab","",""
"","57","EventDetailPage AsyncLoading → 로딩 UI 표시","test/integration/flow_event_browse_test.dart","2026-05-24","passed","2026-05-24","","이벤트 탐색 플로우 — 홈→상세→파트너","",""
"","2","effectiveVisibility defaults to public when no party","test/src/data/models/event_test.dart","2026-05-24","passed","2026-05-24","","Event","",""
"","3","ready label is 정산 확정","test/src/features/settlement/widgets/settlement_status_badge_test.dart","2026-05-24","passed","2026-05-24","","SettlementStatus.label","",""
"","10","restoreVerification calls restoreVerification and refreshes","test/src/features/verification/verification_manage_controller_test.dart","2026-05-24","passed","2026-05-24","","VerificationManageController","",""
"","44","default size is medium","test/src/ui/widgets/common/minglit_tag_test.dart","2026-05-24","passed","2026-05-24","","MinglitTag","",""
"","7","loadMore is no-op when hasMore is false","test/src/features/tag/logic/tag_event_list_controller_test.dart","2026-05-24","passed","2026-05-24","","TagEventListController","",""
"","5","returns future events for partner","test/src/data/repositories/event_repository_queries_test.dart","2026-05-24","passed","2026-05-24","getPartnerFutureEvents","EventRepository Queries","",""
"","2","maps invalid login credentials message","test/src/utils/exceptions_test.dart","2026-05-24","passed","2026-05-24","","MinglitException.from","",""
"","3","throws MinglitUserException on 500 with fallback message","test/src/data/repositories/event_repository_commands_test.dart","2026-05-24","passed","2026-05-24","","EventRepository.confirmPayment","",""
"","45","does not show edit button when state is pendingReview","test/src/features/onboarding/partner_apply_status_page_test.dart","2026-05-24","passed","2026-05-24","","PartnerApplyStatusPage","",""
"","30","shows correct count for single applicant","test/src/features/home/widgets/pending_applicants_badge_card_test.dart","2026-05-24","passed","2026-05-24","","PendingApplicantsBadgeCard","",""
"","436","로그인 상태: 동의 완료 후 /signup/consent 접근 시 원래 경로로 복귀","test/integration/consent_redirect_test.dart","2026-05-24","passed","2026-05-24","","Signup Consent Redirect Flow","",""
"","6","canCancel returns true when event has not started yet","test/src/features/payment/logic/purchase_history_controller_test.dart","2026-05-24","passed","2026-05-24","","PurchaseHistoryController.canCancel — Fix #1235","",""
"","25","inline variant has bordered background container","test/src/ui/widgets/common/minglit_error_state_test.dart","2026-05-24","passed","2026-05-24","","MinglitErrorState","",""
"","76","initial state is empty list","test/src/features/search/logic/location_search_controller_test.dart","2026-05-24","passed","2026-05-24","","LocationSearchController","",""
"","3","returns preparing event when no live event exists","test/src/features/home/widgets/event_action_card_logic_test.dart","2026-05-24","passed","2026-05-24","","selectPrimaryEvent","",""
"","165","shows event titles when events exist","test/src/features/home/widgets/upcoming_events_card_test.dart","2026-05-24","passed","2026-05-24","","UpcomingEventsCard","",""
"","26","canceled status uses strikethrough text decoration","test/src/features/settlement/widgets/settlement_status_badge_test.dart","2026-05-24","passed","2026-05-24","","SettlementStatusBadge widget","",""
"","5","myVoteCountProvider returns repository vote count","test/src/data/repositories/matching_repository_test.dart","2026-05-24","passed","2026-05-24","","MatchingRepository providers","",""
"","2","processing label is 지급 중","test/src/features/settlement/widgets/settlement_status_badge_test.dart","2026-05-24","passed","2026-05-24","","SettlementStatus.label","",""
"","4","toggleEligibility flips the flag","test/src/features/explore/providers/explore_filter_integration_test.dart","2026-05-24","passed","2026-05-24","","ActiveFilters provider","",""
"","3","이미-render URL + width → 쿼리 병합","test/utils/supabase_image_url_test.dart","2026-05-24","passed","2026-05-24","","supabaseImageUrl","",""
"","4","copyWith creates modified copy","test/src/data/models/verification_submission_test.dart","2026-05-24","passed","2026-05-24","","VerificationSubmission","",""
"","92","calls onPressed when tapped","test/ui/widgets/common/minglit_bottom_cta_test.dart","2026-05-24","passed","2026-05-24","single variant","MinglitBottomCTA","",""
"","5","/payment protected prefix is tracked in snapshot","test/src/routing/app_routes_snapshot_test.dart","2026-05-24","passed","2026-05-24","","app_user route path snapshot","",""
"","1323","/explore 접근 시 홈으로 리다이렉트 (backward compat)","test/integration/edge_cases_test.dart","2026-05-24","passed","2026-05-24","","Edge Cases","",""
"","191","successful load renders partner list","test/src/features/settings/blocked_partners_page_test.dart","2026-05-24","passed","2026-05-24","","BlockedPartnersPage","",""
"","7","serializes to JSON and back","test/src/data/models/party_test.dart","2026-05-24","passed","2026-05-24","","Party","",""
"","941","shows partner name and email when partner data is loaded","test/src/features/more/more_page_test.dart","2026-05-24","passed","2026-05-24","","MorePage","",""
"","87","칩 탭 — TagCoordinator.goToTagEventList()가 올바른 tagId/tagName으로 호출된다","test/src/features/home/widgets/featured_tag_chip_bar_test.dart","2026-05-24","passed","2026-05-24","","FeaturedTagChipBar","",""
"","27","BugReporterWrapper FAB hidden by default (provider=false)","test/ui/widgets/bug_reporter_wrapper_test.dart","2026-05-24","passed","2026-05-24","","Lifecycle","",""
"","4","signInWithEmail error preserves exception reference","test/src/features/auth/logic/auth_controller_test.dart","2026-05-24","passed","2026-05-24","","AuthController","",""
"","76","all route paths match snapshot — update when adding/removing routes","test/src/routing/app_routes_snapshot_test.dart","2026-05-24","passed","2026-05-24","","app_user route path snapshot","",""
"","6","submit with null partnerId fetches managed partners","test/src/features/verification/create_verification_controller_test.dart","2026-05-24","passed","2026-05-24","","CreateVerificationController","",""
"","1310","guest → ""로그인하고 신청하기"" (enabled)","test/integration/flow_admission_status_test.dart","2026-05-24","passed","2026-05-24","","AdmissionStatus 버튼 렌더링 (8가지 상태)","",""
"","8","createTicket sets AsyncError on repo failure","test/src/features/ticket/ticket_controller_test.dart","2026-05-24","passed","2026-05-24","","TicketController","",""
"","169","tapping location tile opens location settings","test/src/features/permission/app_permission_settings_screen_test.dart","2026-05-24","passed","2026-05-24","","AppPermissionSettingsScreen","",""
"","5","firstOrNull on non-empty ConnectivityResult list returns name","test/src/utils/environment_info_test.dart","2026-05-24","passed","2026-05-24","","collectEnvironmentInfo","",""
"","29","creates from JSON with all fields","test/src/data/models/partner_application_test.dart","2026-05-24","passed","2026-05-24","","PartnerApplication","",""
"","3","returns empty list when no closing soon events","test/src/data/repositories/event_repository_test.dart","2026-05-24","passed","2026-05-24","getClosingSoonEvents","EventRepository","",""
"","3","updateContactOptions sets options","test/src/features/party/event/create/event_create_controller_test.dart","2026-05-24","passed","2026-05-24","update methods","EventCreateController","",""
"","4","MATCHING: matchCandidatesProvider가 비어있지 않음","test/src/features/home/logic/event_now_bar_state_provider_test.dart","2026-05-24","passed","2026-05-24","","eventNowBarStateProvider — 6-state 상태 머신","",""
"","8","closingSoon sorts by remaining slots ASC","test/src/features/explore/providers/explore_filter_integration_test.dart","2026-05-24","passed","2026-05-24","","filteredEventsProvider","",""
"","681","null url shows CircleAvatar with fallback icon","test/src/common/widgets/minglit_avatar_image_test.dart","2026-05-24","passed","2026-05-24","","","",""
"","23","(setUpAll)","test/src/data/services/bug_report_collector_test.dart","2026-05-24","passed","2026-05-24","","","",""
"","37","renders status badge","test/src/features/settlement/widgets/settlement_card_test.dart","2026-05-24","passed","2026-05-24","","SettlementCard widget","",""
"","3","throws MinglitUserException on error response (partner)","test/src/data/repositories/verification_command_repository_test.dart","2026-05-24","passed","2026-05-24","submitComment with isPartner","VerificationRepository (command)","",""
"","66","disposes cleanly without crash","test/ui/widgets/bug_reporter_wrapper_test.dart","2026-05-24","passed","2026-05-24","","Lifecycle","",""
"","64","can be dismissed","test/src/ui/widgets/common/minglit_bottom_sheet_test.dart","2026-05-24","passed","2026-05-24","","showMinglitBottomSheet","",""
"","19","goToEditParty calls router.push with edit route","test/src/features/party/detail/party_detail_coordinator_test.dart","2026-05-24","passed","2026-05-24","","PartyDetailCoordinator","",""
"","43","(setUpAll)","test/src/features/tag/ui/tag_event_list_page_test.dart","2026-05-24","passed","2026-05-24","","","",""
"","60","COMPLETED chip is selected when selectedStatus is COMPLETED","test/src/features/settlement/widgets/status_filter_chips_test.dart","2026-05-24","passed","2026-05-24","","StatusFilterChips widget","",""
"","5","returns null and clears token when verification fails","test/src/data/repositories/staff_repository_test.dart","2026-05-24","passed","2026-05-24","verifyStaffStatus","StaffRepository","",""
"","72","TicketQRScreen null → ""티켓 정보를 찾을 수 없습니다.""","test/integration/flow_error_edge_cases_test.dart","2026-05-24","passed","2026-05-24","","AsyncError 상태","",""
"","3","returns ended when end time has passed by 2 hours","test/src/features/home/widgets/event_action_card_logic_test.dart","2026-05-24","passed","2026-05-24","","getEventPhase","",""
"","65","장소 미선택 시 입력 필드 비활성 힌트 표시됨","test/src/features/party/create/steps/step2_location_test.dart","2026-05-24","passed","2026-05-24","","Step2Location","",""
"","32","90% 이상이면 error 색 progress bar","test/src/features/checkin/widgets/checkin_summary_card_test.dart","2026-05-24","passed","2026-05-24","","CheckinSummaryCard","",""
"","46","null partnerContact renders no phone text","test/src/common/widgets/match_results_content_test.dart","2026-05-24","passed","2026-05-24","","MatchResultsContent — phone masking (Fix #1925)","",""
"","7","구독 종료: status closed → 30초 폴링 fallback 시작","test/src/features/home/logic/event_realtime_provider_test.dart","2026-05-24","passed","2026-05-24","","eventRealtimeProvider","",""
"","3","returns null when not found","test/src/data/repositories/settlement_repository_test.dart","2026-05-24","passed","2026-05-24","getPartnerSettlementInfo","SettlementRepository","",""
"","824","idle 상태에서 ""티켓 스캔"" AppBar 제목이 표시된다","test/src/features/checkin/ui/checkin_smoke_test.dart","2026-05-24","passed","2026-05-24","","QRScannerScreen smoke","",""
"","30","icon uses outline color from theme","test/src/ui/widgets/common/minglit_empty_state_test.dart","2026-05-24","passed","2026-05-24","","MinglitEmptyState","",""
"","3","throws when password-backed user password is missing","test/src/data/repositories/account_repository_test.dart","2026-05-24","passed","2026-05-24","reauthenticate","AccountRepository","",""
"","31","hides section when tag list is empty","test/src/features/home/widgets/trending_tag_section_test.dart","2026-05-24","passed","2026-05-24","","TrendingTagSection","",""
"","3","toggle does nothing when user is null","test/src/features/social/logic/social_interaction_controller_test.dart","2026-05-24","passed","2026-05-24","","SocialInteractionController","",""
"","3","creates with required status","test/src/features/event/admission/admission_button_config_test.dart","2026-05-24","passed","2026-05-24","","AdmissionState","",""
"","107","idle → success 전환 — 성공 배너 표시","test/src/features/checkin/widgets/checkin_scanner_overlay_test.dart","2026-05-24","passed","2026-05-24","","CheckinScannerOverlay 배너","",""
"","4","filters by groupId and excludes non-pending statuses","test/src/features/party/event/detail/event_application_logic_test.dart","2026-05-24","passed","2026-05-24","","carouselQueueProvider","",""
"","4","clear resets to empty","test/src/features/explore/providers/explore_filter_integration_test.dart","2026-05-24","passed","2026-05-24","","SearchQuery provider","",""
"","83","shows error UI when repo throws","test/src/features/settlement/settlement_detail_page_test.dart","2026-05-24","passed","2026-05-24","","SettlementDetailPage","",""
"","16","(setUpAll)","test/src/features/onboarding/widgets/address_search_dialog_test.dart","2026-05-24","passed","2026-05-24","","AddressSearchDialog","",""
"","20","fileIssue=false skips reportBug entirely","test/src/data/services/bug_report_collector_test.dart","2026-05-24","passed","2026-05-24","","BugReportCollector.submitReport flag routing","",""
"","4","returns all parties","test/src/data/repositories/party_repository_test.dart","2026-05-24","passed","2026-05-24","getParties","PartyRepository","",""
"","855","Variant A (has nextEvent): tapping next-event row calls onNextEventTap","test/src/features/party/list/party_list_item_cta_test.dart","2026-05-24","passed","2026-05-24","","PartyListItem CTA — next-event callback wiring","",""
"","34","로딩 중에는 CircularProgressIndicator가 표시된다","test/src/features/party/event/detail/event_detail_page_smoke_test.dart","2026-05-24","passed","2026-05-24","","EventDetailPage (Fix #2109)","",""
"","115","onTap callback fires on tap","test/src/ui/widgets/common/minglit_chip_test.dart","2026-05-24","passed","2026-05-24","","MinglitChip","",""
"","90","consent 단계 진입 시 Riverpod 예외 없이 렌더링된다 (Fix #2343)","test/src/features/event/ui/event_application_wizard_smoke_test.dart","2026-05-24","passed","2026-05-24","","EventApplicationWizardPage","",""
"","90","no IgnorePointer blocks interaction after animation completes","test/src/ui/shell/partner_scaffold_test.dart","2026-05-24","passed","2026-05-24","","PartnerScaffold — ghost navigation prevention (Fix #1835)","",""
"","5","throws MinglitUserException when response.data is null","test/src/data/repositories/event_repository_test.dart","2026-05-24","passed","2026-05-24","cancelOrder","EventRepository","",""
"","52","비로그인 /purchase-history → /login?from=/purchase-history","test/integration/flow_notification_routing_test.dart","2026-05-24","passed","2026-05-24","","보호된 경로 리다이렉트","",""
"","8","toggles isEnabled from false to true","test/src/features/party/logic/recurrence_settings_controller_test.dart","2026-05-24","passed","2026-05-24","toggle","RecurrenceSettingsController","",""
"","25","uses pill-shaped border radius","test/src/ui/widgets/common/minglit_tag_test.dart","2026-05-24","passed","2026-05-24","","MinglitTag","",""
"","11","provider error field is set when getApprovedVerificationIds throws","test/src/features/event/admission/event_admission_controller_test.dart","2026-05-24","passed","2026-05-24","","EventAdmissionController — error paths (Fix #1287)","",""
"","30","shows loading indicator when events are loading","test/src/features/checkin/checkin_placeholder_page_test.dart","2026-05-24","passed","2026-05-24","","CheckinPlaceholderPage","",""
"","3","validateStep(1) requires bizName, bizNumber, representativeName","test/src/features/onboarding/partner_apply_validation_test.dart","2026-05-24","passed","2026-05-24","","PartnerApplyValidation","",""
"","140","HomePage shows loading indicator before data resolves","test/widget_test.dart","2026-05-24","passed","2026-05-24","","","",""
"","62","creates from provider","test/src/features/verification/verification_coordinator_test.dart","2026-05-24","passed","2026-05-24","","VerificationCoordinator","",""
"","133","HomePage renders search and notification icons in app bar","test/widget_test.dart","2026-05-24","passed","2026-05-24","","","",""
"","6","passes redirectTo to repository","test/src/data/repositories/auth_repository_test.dart","2026-05-24","passed","2026-05-24","","AuthController.signInWithKakao","",""
"","3","returns true when permission is always","test/services/location_service_test.dart","2026-05-24","passed","2026-05-24","","LocationService.hasPermission","",""
"","1074","헤더 스트립: ""BOARDING PASS"" + ""입장권"" 텍스트 존재","test/src/features/ticket/ui/boarding_pass_card_test.dart","2026-05-24","passed","2026-05-24","","BoardingPassCard","",""
"","3","parses numeric (double) values via _toInt","test/src/features/settlement/settlement_models_test.dart","2026-05-24","passed","2026-05-24","","PartnerRevenueSummary.fromJson","",""
"","4","toggle removes tag when already selected","test/src/features/home/logic/selected_tags_provider_test.dart","2026-05-24","passed","2026-05-24","","SelectedTagsNotifier","",""
"","196","selecting ticket enables ""다음"" button + tap navigates","test/integration/flow_ticket_application_test.dart","2026-05-24","passed","2026-05-24","","TicketSelectionSheet","",""
"","5","firstOrNull on empty ConnectivityResult list returns null","test/src/utils/environment_info_test.dart","2026-05-24","passed","2026-05-24","","collectEnvironmentInfo","",""
"","1369","비로그인: /login 접근 시 LoginPage 렌더링","test/integration/login_page_test.dart","2026-05-24","passed","2026-05-24","","Login Page","",""
"","6","user_email does NOT contaminate username field (Fix #2272)","test/src/data/repositories/event_application_rpc_mapping_test.dart","2026-05-24","passed","2026-05-24","","mapEventApplicationRpcRow flat-to-nested transformation","",""
"","5","passes correct params to set_social_interaction RPC","test/src/data/repositories/social_repository_test.dart","2026-05-24","passed","2026-05-24","setInteraction","SocialRepository","",""
"","619","renders child widget correctly","test/ui/widgets/bug_reporter_wrapper_test.dart","2026-05-24","passed","2026-05-24","","BugReporterWrapper Widget Tests","",""
"","26","text variant defaults to expand=false","test/src/ui/widgets/common/minglit_button_test.dart","2026-05-24","passed","2026-05-24","","MinglitButton","",""
"","4","goToEventDetail pushes /more/parties/<partyId>/events/<eventId>","test/src/features/party/list/party_list_coordinator_test.dart","2026-05-24","passed","2026-05-24","","PartyListCoordinator","",""
"","4","loadSettlementData with empty data works","test/src/features/settlement/settlement_controller_test.dart","2026-05-24","passed","2026-05-24","","SettlementController","",""
"","82","creates from provider with GoRouter","test/src/features/auth/logic/auth_coordinator_test.dart","2026-05-24","passed","2026-05-24","","AuthCoordinator","",""
"","34","replaces the matching group and calls updateParty","test/src/features/party/detail/party_entry_group_coordinator_test.dart","2026-05-24","passed","2026-05-24","","PartyDetailCoordinator.updatePartyEntryGroup","",""
"","121","bumps DashboardRefresh signal, triggering PartnerDashboardController rebuild after event creation","test/src/features/party/event/create/event_create_controller_test.dart","2026-05-24","passed","2026-05-24","submit","EventCreateController","",""
"","466","로그인 상태: 미동의로 보호 경로 접근 시 동의 페이지로 리다이렉트","test/integration/consent_redirect_test.dart","2026-05-24","passed","2026-05-24","","Signup Consent Redirect Flow","",""
"","7","pushMemberList calls router.push with partnerId in route","test/src/features/more/more_coordinator_test.dart","2026-05-24","passed","2026-05-24","","MoreCoordinator","",""
"","71","sets error state on failure","test/src/features/party/matching/matching_controller_test.dart","2026-05-24","passed","2026-05-24","updateRules","MatchingController","",""
"","2","dark set has distinct success/info/warning tokens","test/src/common/widgets/status_badge_test.dart","2026-05-24","passed","2026-05-24","","MinglitColorSet — semantic color tokens","",""
"","19","free ticket (paymentAmount=0, paymentId=null) skips refund calculation","test/src/features/payment/logic/purchase_history_controller_test.dart","2026-05-24","passed","2026-05-24","","PurchaseHistoryController.runRefundFlow","",""
"","5","calls RPC with correct params and returns tags","test/src/data/repositories/tag_repository_test.dart","2026-05-24","passed","2026-05-24","getTrendingTags","TagRepository","",""
"","4","4. validateStep(0) returns true when brandName is non-empty","test/src/features/onboarding/partner_apply_controller_test.dart","2026-05-24","passed","2026-05-24","","PartnerApplyController","",""
"","50","body tap (thumb + title area) calls onOpenDetail for checkedIn phase","test/src/features/tickets/event_ongoing_banner_test.dart","2026-05-24","passed","2026-05-24","","","",""
"","98","5회 연속 탭 → onTrigger 호출","test/src/features/auth/ui/minglit_login_screen_test.dart","2026-05-24","passed","2026-05-24","","MinglitLoginScreen — _DevTriggerLogo 5-탭 #2340 regression guard","",""
"","4","returns 0 when no pending applications","test/src/data/repositories/event_repository_queries_test.dart","2026-05-24","passed","2026-05-24","getPendingApplicationCount","EventRepository Queries","",""
"","7","returns templates for party","test/src/data/repositories/ticket_repository_test.dart","2026-05-24","passed","2026-05-24","getTicketTemplatesByPartyId","TicketRepository","",""
"","2","isCheckedIn=true, hasMatchingCandidates=true, hasSubmittedVotes=false returns matchingReady","test/src/features/tickets/event_lifecycle_phase_resolver_test.dart","2026-05-24","passed","2026-05-24","","","",""
"","85","omits EventNowBar when there are no active events","test/src/features/home/home_page_test.dart","2026-05-24","passed","2026-05-24","","HomePage","",""
"","35","submit success with partnerId returns true","test/src/features/verification/create_verification_controller_test.dart","2026-05-24","passed","2026-05-24","","CreateVerificationController","",""
"","3","returns true when permission is whileInUse","test/services/location_service_test.dart","2026-05-24","passed","2026-05-24","","LocationService.hasPermission","",""
"","2","parses date-only string for month","test/src/features/settlement/settlement_models_test.dart","2026-05-24","passed","2026-05-24","","PartnerMonthlyRevenue.fromJson","",""
"","700","Fix #1382: event card image uses 2:1 aspect ratio","test/ui/widgets/party/event_card_ratio_test.dart","2026-05-24","passed","2026-05-24","","","",""
"","2","marks ticket ineligible when balance status is false","test/src/features/event/admission/ticket_recommendation_util_test.dart","2026-05-24","passed","2026-05-24","","TicketRecommendationUtil","",""
"","141","notEligible → 사유 텍스트 (disabled)","test/integration/flow_admission_status_test.dart","2026-05-24","passed","2026-05-24","","AdmissionStatus 버튼 렌더링 (8가지 상태)","",""
"","9","returns list of verification IDs","test/src/data/repositories/user_repository_test.dart","2026-05-24","passed","2026-05-24","getApprovedVerificationIds","SupabaseUserRepository","",""
"","13","saveDraft failure sets status to AsyncValue.error and keeps applicationId null","test/src/features/onboarding/partner_apply_controller_test.dart","2026-05-24","passed","2026-05-24","Regression #1599: saveDraft failure leaves applicationId null and surfaces error","PartnerApplyController","",""
"","3","dispose 시 채널 unsubscribe","test/src/features/checkin/stats/checkin_stats_controller_test.dart","2026-05-24","passed","2026-05-24","","CheckinStatsController","",""
"","81","creates from provider","test/src/features/admin/admin_coordinator_test.dart","2026-05-24","passed","2026-05-24","","AdminCoordinator","",""
"","39","noShow phase has no action button","test/src/features/tickets/event_ongoing_banner_test.dart","2026-05-24","passed","2026-05-24","","","",""
"","139","이벤트 1건일 때 카운트 배지 없이 바만 표시","test/src/features/home/widgets/event_now_multi_stack_test.dart","2026-05-24","passed","2026-05-24","","EventNowMultiStack — 위젯","",""
"","52","preparing phase shows ""준비 중"" badge and ""체크인 준비"" CTA","test/src/features/home/widgets/event_action_card_test.dart","2026-05-24","passed","2026-05-24","","EventActionCard","",""
"","77","tapping PENDING chip calls onStatusChanged with PENDING","test/src/features/settlement/widgets/status_filter_chips_test.dart","2026-05-24","passed","2026-05-24","","StatusFilterChips widget","",""
"","115","무효한 deep_link (null) → ""이동할 링크가 없습니다"" SnackBar","test/integration/flow_notification_routing_test.dart","2026-05-24","passed","2026-05-24","","알림 플로우","",""
"","3","all verification categories parse","test/src/data/models/verification_test.dart","2026-05-24","passed","2026-05-24","","Verification","",""
"","2","/events/:id/apply redirects to /login when not logged in","test/src/routing/app_router_redirect_test.dart","2026-05-24","passed","2026-05-24","","protected paths — unauthenticated","",""
"","2","copyWith updates fields correctly","test/src/features/explore/providers/explore_filter_integration_test.dart","2026-05-24","passed","2026-05-24","","ExploreFilters","",""
"","4","throws on RPC error","test/src/data/repositories/event_repository_queries_test.dart","2026-05-24","passed","2026-05-24","getBulkEligibilityData","EventRepository Queries","",""
"","7","marks isDirty when title changes","test/src/features/party/event/edit/event_edit_controller_test.dart","2026-05-24","passed","2026-05-24","updateTitle","EventEditController","",""
"","157","initial state has loading status before data loads","test/src/features/home/partner_dashboard_controller_test.dart","2026-05-24","passed","2026-05-24","","PartnerDashboardController","",""
"","115","initial state is loading then resolves to data","test/src/features/settlement/settlement_controller_test.dart","2026-05-24","passed","2026-05-24","","SettlementController","",""
"","103","shows 계좌 관리 (not 정산 계좌 관리) when has SETTLEMENT_EDIT permission","test/src/features/more/more_page_test.dart","2026-05-24","passed","2026-05-24","","MorePage","",""
"","4","pushLocationGuide calls router.push with location guide route","test/src/features/home/partner_home_coordinator_test.dart","2026-05-24","passed","2026-05-24","","PartnerHomeCoordinator","",""
"","13","pushNotificationCenter calls router.push","test/src/features/home/partner_home_coordinator_test.dart","2026-05-24","passed","2026-05-24","","PartnerHomeCoordinator","",""
"","5","uses Supabase reauthenticate when has_password flag is false","test/src/data/repositories/account_repository_test.dart","2026-05-24","passed","2026-05-24","reauthenticate","AccountRepository","",""
"","7","parses all required fields correctly","test/src/features/settlement/settlement_models_test.dart","2026-05-24","passed","2026-05-24","","SettlementItem.fromJson","",""
"","3","conditionSummaries with no groups","test/src/data/models/party_test.dart","2026-05-24","passed","2026-05-24","","Party","",""
"","3","4가지 상태 혼합 정렬: RESULTS > CHECKED_IN > WAITING > ENDED","test/src/features/home/widgets/event_now_multi_stack_test.dart","2026-05-24","passed","2026-05-24","","sortActiveEvents — 정렬 로직","",""
"","11","invokes EF with resume action","test/src/data/repositories/recurrence_rule_repository_test.dart","2026-05-24","passed","2026-05-24","resume","RecurrenceRuleRepository","",""
"","65","autoDismiss triggers onPressed once after the timer","test/src/components/feedback/minglit_confirmation_page_test.dart","2026-05-24","passed","2026-05-24","","","",""
"","5","throws on EF error","test/src/data/repositories/social_repository_test.dart","2026-05-24","passed","2026-05-24","reportPartner","SocialRepository","",""
"","27","displays all fee rows","test/src/features/settlement/settlement_detail_page_test.dart","2026-05-24","passed","2026-05-24","","AmountBreakdown","",""
"","5","calls the cancel edge function","test/src/data/repositories/account_repository_test.dart","2026-05-24","passed","2026-05-24","cancelDeletion","AccountRepository","",""
"","3","(tearDownAll)","test/src/features/onboarding/widgets/address_search_dialog_test.dart","2026-05-24","passed","2026-05-24","","AddressSearchDialog","",""
"","1322","empty account number shows required error","test/src/features/settlement/bank_account_page_test.dart","2026-05-24","passed","2026-05-24","","AccountEditForm — account number validation (Fix #1938)","",""
"","5","returns empty when user not authenticated","test/src/data/repositories/matching_repository_test.dart","2026-05-24","passed","2026-05-24","getMyMatches","MatchingRepository","",""
"","67","제3자 제공 동의 상세에 확정된 제공 항목과 보유기간이 표시된다","test/src/features/consent/ui/signup_consent_page_test.dart","2026-05-24","passed","2026-05-24","","","",""
"","75","responds to tap gesture","test/src/features/home/widgets/event_now_bar_test.dart","2026-05-24","passed","2026-05-24","","EventNowBar","",""
"","36","production env: no onDevTrigger — _DevTriggerLogo not rendered","test/widget_test.dart","2026-05-24","passed","2026-05-24","","","",""
"","5","calls partner-manage-verification EF with update action","test/src/data/repositories/verification_command_repository_test.dart","2026-05-24","passed","2026-05-24","updateVerification","VerificationRepository (command)","",""
"","521","에러 시 크래시 없이 렌더링된다","test/src/features/party/event/detail/event_detail_page_smoke_test.dart","2026-05-24","passed","2026-05-24","","EventDetailPage (Fix #2109)","",""
"","3","age 0 on birth year, birthday today","test/src/utils/age_util_test.dart","2026-05-24","passed","2026-05-24","calculateManAgeFromDate","AgeUtil","",""
"","3","maps READY correctly","test/src/features/settlement/widgets/settlement_status_badge_test.dart","2026-05-24","passed","2026-05-24","","SettlementStatus.fromString","",""
"","2","recommended sort type is not counted as active filter","test/src/features/explore/providers/explore_filter_integration_test.dart","2026-05-24","passed","2026-05-24","","ExploreFilters","",""
"","58","invokes EF with upsert_token action","test/src/data/repositories/notification_repository_test.dart","2026-05-24","passed","2026-05-24","upsertToken","NotificationRepository","",""
"","3","returns empty list when no upcoming events","test/src/data/repositories/event_repository_test.dart","2026-05-24","passed","2026-05-24","getUpcomingEvents","EventRepository","",""
"","7","both getUserProfile and getApprovedVerificationIds are called for active event","test/src/features/event/admission/event_admission_controller_test.dart","2026-05-24","passed","2026-05-24","","EventAdmissionController — parallel fetch (Fix #2155)","",""
"","19","fullPage renders 48px icon (display size)","test/src/ui/widgets/common/minglit_empty_state_test.dart","2026-05-24","passed","2026-05-24","","MinglitEmptyState - fullPage variant","",""
"","193","identityRequired → ""본인인증 후 신청하기"" (enabled)","test/integration/flow_admission_status_test.dart","2026-05-24","passed","2026-05-24","","AdmissionStatus 버튼 렌더링 (8가지 상태)","",""
"","350","capture() with valid label does not throw","test/visual_qa/visual_qa_helper_test.dart","2026-05-24","passed","2026-05-24","","VisualQaTester","",""
"","304","이벤트 상세 → 더보기 → 신고하기 → 사유 선택 바텀시트 (5개 RadioListTile)","test/integration/flow_error_edge_cases_test.dart","2026-05-24","passed","2026-05-24","","바텀시트/다이얼로그","",""
"","104","T2: SETTLEMENT_VIEW만 있는 경우 → 계좌 관리 버튼이 표시되지 않는다","test/src/features/settlement/settlement_page_test.dart","2026-05-24","passed","2026-05-24","","SettlementPage — Fix #1568: 계좌 관리 버튼 진입","",""
"","3","JSON contains expected keys","test/src/data/models/matching_test.dart","2026-05-24","passed","2026-05-24","","MatchRule","",""
"","3","includes active-status events in results","test/src/data/repositories/event_repository_queries_test.dart","2026-05-24","passed","2026-05-24","getUpcomingEvents","EventRepository Queries","",""
"","108","TabBar가 없다 — Tab 구조 폐기","test/src/features/party/event/detail/event_detail_page_smoke_test.dart","2026-05-24","passed","2026-05-24","","EventDetailPage (Fix #2109)","",""
"","3","/dev/any-sub-path returns null (no redirect)","test/src/routing/app_router_redirect_test.dart","2026-05-24","passed","2026-05-24","","/dev paths — auth bypass","",""
"","3","includes pending_review status in count","test/src/data/repositories/event_repository_queries_test.dart","2026-05-24","passed","2026-05-24","getPendingApplicationCount","EventRepository Queries","",""
"","14","pushEventDetail pushes correct route","test/src/features/partner/logic/partner_coordinator_test.dart","2026-05-24","passed","2026-05-24","","PartnerCoordinator","",""
"","243","인기 태그 탭 시 선택된 태그에 추가된다","test/src/features/party/create/widgets/tag_selection_section_test.dart","2026-05-24","passed","2026-05-24","","TagSelectionSection","",""
"","40","shows calendar icon in empty state","test/src/features/home/widgets/upcoming_events_card_test.dart","2026-05-24","passed","2026-05-24","","UpcomingEventsCard","",""
"","103","valid role ""manager"" is used as-is","test/src/features/member/partner_member_permission_page_test.dart","2026-05-24","passed","2026-05-24","","PartnerMemberPermissionPage — Fix #270 회귀 테스트","",""
"","828","renders required consent copy","test/src/features/consent/identity_verification_consent_sheet_test.dart","2026-05-24","passed","2026-05-24","","IdentityVerificationConsentSheet","",""
"","1323","이메일 로그인 유저에게 비밀번호 입력 필드를 표시한다","test/src/features/account_deletion/ui/deletion_verify_page_test.dart","2026-05-24","passed","2026-05-24","","","",""
"","2","returns null when not authenticated","test/src/data/repositories/auth_repository_test.dart","2026-05-24","passed","2026-05-24","currentUser","AuthRepository","",""
"","9","build error is the original exception when getMyPurchaseHistory throws","test/src/features/payment/logic/purchase_history_controller_test.dart","2026-05-24","passed","2026-05-24","","PurchaseHistoryController — error paths (Fix #1287)","",""
"","23","hides when keyboard is visible","test/ui/widgets/common/minglit_bottom_cta_test.dart","2026-05-24","passed","2026-05-24","keyboard visibility","MinglitBottomCTA","",""
"","58","aggregates completedCount, upcomingCount, nextEvent correctly","test/src/features/party/list/party_list_controller_test.dart","2026-05-24","passed","2026-05-24","","partyList","",""
"","63","paid apps are counted in confirmed capacity","test/src/features/party/event/detail/event_application_list_page_test.dart","2026-05-24","passed","2026-05-24","","승인됨 tab","",""
"","81","RPC 호출 후 참가자 목록 파싱","test/src/features/checkin/manual/manual_checkin_controller_test.dart","2026-05-24","passed","2026-05-24","","ManualCheckinController","",""
"","183","키워드 칩 탭 → 검색 쿼리 즉시 업데이트","test/integration/flow_search_test.dart","2026-05-24","passed","2026-05-24","","SearchPage","",""
"","3","toString includes original error","test/src/utils/exceptions_test.dart","2026-05-24","passed","2026-05-24","","MinglitSystemException","",""
"","32","count == 0 chip does not show count badge","test/src/features/home/widgets/todo_summary_chips_test.dart","2026-05-24","passed","2026-05-24","","TodoSummaryChips","",""
"","12","returns false when RPC returns already_checked_in","test/src/data/repositories/checkin_repository_test.dart","2026-05-24","passed","2026-05-24","verifyAndCheckin","CheckinRepository","",""
"","29","minimum touch area is at least 48dp","test/ui/widgets/common/minglit_list_tile_test.dart","2026-05-24","passed","2026-05-24","","MinglitListTile","",""
"","27","cancels auth subscription on dispose","test/src/features/auth/ui/staff_guard_wrapper_test.dart","2026-05-24","passed","2026-05-24","","StaffGuardWrapper","",""
"","2","maps user already exists message","test/src/utils/exceptions_test.dart","2026-05-24","passed","2026-05-24","","MinglitException.from","",""
"","453","동의 완료 후 /my에서 back 버튼을 누르면 앱 종료 대신 홈(/)으로 이동한다","test/integration/consent_redirect_test.dart","2026-05-24","passed","2026-05-24","","Signup Consent Redirect Flow","",""
"","47","스위치 OFF → onVisibilityChanged(""public"") 호출","test/src/features/party/widgets/party_status_edit_sheet_test.dart","2026-05-24","passed","2026-05-24","","PartyStatusEditSheet — 공개 범위 변경","",""
"","4","Step 3 — 연락처 선택하면 오류 없음","test/src/features/party/create/party_create_wizard_controller_test.dart","2026-05-24","passed","2026-05-24","currentStepValidationErrors","PartyCreateWizardController","",""
"","50","Fix #1742: shows party title when event.title is null","test/src/features/checkin/checkin_placeholder_page_test.dart","2026-05-24","passed","2026-05-24","","CheckinPlaceholderPage","",""
"","54","Phase 3: shows remaining vote count","test/src/features/home/widgets/event_now_bottom_sheet_test.dart","2026-05-24","passed","2026-05-24","","EventNowBottomSheet","",""
"","3","toJson null fields remain null","test/src/data/models/settlement_item_detail_test.dart","2026-05-24","passed","2026-05-24","","SettlementItemDetail.fromJson","",""
"","33","Semantics 라벨 포함","test/src/features/checkin/widgets/checkin_summary_card_test.dart","2026-05-24","passed","2026-05-24","","CheckinSummaryCard","",""
"","28","renders custom icon","test/src/ui/widgets/common/minglit_empty_state_test.dart","2026-05-24","passed","2026-05-24","","MinglitEmptyState","",""
"","3","throws on error","test/src/data/repositories/event_repository_test.dart","2026-05-24","passed","2026-05-24","getClosingSoonEvents","EventRepository","",""
"","105","비로그인: /events/:id/apply suffix-match 보호","test/integration/edge_cases_test.dart","2026-05-24","passed","2026-05-24","","Edge Cases","",""
"","3","shows age error from gender-matched group, not gender error from mismatched group","test/src/features/event/admission/ticket_recommendation_util_test.dart","2026-05-24","passed","2026-05-24","","TicketRecommendationUtil","",""
"","9","reauthenticate keeps previous state on success","test/src/features/account_deletion/logic/account_deletion_controller_test.dart","2026-05-24","passed","2026-05-24","","AccountDeletionController","",""
"","5","throws on auth error","test/src/data/repositories/staff_repository_test.dart","2026-05-24","passed","2026-05-24","sendMagicLink","StaffRepository","",""
"","3","throws on error","test/src/data/repositories/event_repository_queries_test.dart","2026-05-24","passed","2026-05-24","getClosingSoonEvents","EventRepository Queries","",""
"","643","renders SizedBox.shrink in non-web environment","test/src/features/event/detail/open_in_app_dialog_test.dart","2026-05-24","passed","2026-05-24","","OpenInAppBanner","",""
"","65","심사 대기 건이 없으면 심사 대기 링크가 없다","test/src/features/party/event/detail/event_detail_page_smoke_test.dart","2026-05-24","passed","2026-05-24","","EventDetailPage (Fix #2109)","",""
"","2","does not mutate original map","test/src/data/models/metadata_key_test.dart","2026-05-24","passed","2026-05-24","","MetadataMapX.withValue","",""
"","54","renders prefix and suffix icons","test/src/ui/widgets/common/minglit_text_field_test.dart","2026-05-24","passed","2026-05-24","","MinglitTextField","",""
"","66","선택 동의 항목이 SwitchListTile로 표시된다","test/src/features/settings/privacy_page_test.dart","2026-05-24","passed","2026-05-24","","","",""
"","3","updateInternalName updates state","test/src/features/verification/create_verification_controller_test.dart","2026-05-24","passed","2026-05-24","","CreateVerificationController","",""
"","4","goToCreateEvent calls router.push with event create route","test/src/features/party/detail/party_detail_coordinator_test.dart","2026-05-24","passed","2026-05-24","","PartyDetailCoordinator","",""
"","2","parses event_date as DateTime","test/src/features/settlement/settlement_models_test.dart","2026-05-24","passed","2026-05-24","","PartnerSettlement.fromJson","",""
"","252","basicInfo step에서 ""다음"" 버튼이 표시된다","test/src/features/party/ui/party_create_wizard_smoke_test.dart","2026-05-24","passed","2026-05-24","","PartyCreateWizardPage smoke","",""
"","962","T1: SETTLEMENT_EDIT 권한 → 계좌 관리 버튼이 AppBar에 표시된다","test/src/features/settlement/settlement_page_test.dart","2026-05-24","passed","2026-05-24","","SettlementPage — Fix #1568: 계좌 관리 버튼 진입","",""
"","25","parses int values","test/src/features/settlement/settlement_models_test.dart","2026-05-24","passed","2026-05-24","","PartnerRevenueSummary.fromJson","",""
"","4","throws on error","test/src/data/repositories/event_repository_test.dart","2026-05-24","passed","2026-05-24","getTodayEvents","EventRepository","",""
"","13","returns all pending applications sorted by createdAt ASC when groupId is null","test/src/features/party/event/detail/event_application_logic_test.dart","2026-05-24","passed","2026-05-24","","carouselQueueProvider","",""
"","104","알림 읽음/안읽음 → 배경색 + 폰트 weight 분기","test/integration/flow_notification_routing_test.dart","2026-05-24","passed","2026-05-24","","알림 플로우","",""
"","62","returns verifications for party with required ids","test/src/features/party/detail/party_detail_controller_test.dart","2026-05-24","passed","2026-05-24","","partyVerifications","",""
"","4","updateStartTime does not change end if end is after new start","test/src/features/party/event/create/event_create_controller_test.dart","2026-05-24","passed","2026-05-24","update methods","EventCreateController","",""
"","43","shows icon when provided","test/src/ui/widgets/common/minglit_button_test.dart","2026-05-24","passed","2026-05-24","","MinglitButton","",""
"","4","handles empty ticket list","test/src/features/my_tickets/logic/my_tickets_controller_test.dart","2026-05-24","passed","2026-05-24","","MyTicketsController","",""
"","7","completes without error","test/src/data/repositories/event_repository_commands_test.dart","2026-05-24","passed","2026-05-24","","EventRepository.deleteApplication","",""
"","682","no-overflow: 페이드 없음","test/ui/widgets/common/minglit_horizontal_scroll_group_test.dart","2026-05-24","passed","2026-05-24","","MinglitHorizontalScrollGroup","",""
"","25","shows location name","test/src/features/my_tickets/ui/my_tickets_page_test.dart","2026-05-24","passed","2026-05-24","","MyTicketCard","",""
"","833","initState clears stale markings from a previous carousel session","test/src/features/party/event/review/event_application_review_carousel_page_test.dart","2026-05-24","passed","2026-05-24","","","",""
"","11","reverts on server error","test/src/features/notification/logic/notification_settings_controller_test.dart","2026-05-24","passed","2026-05-24","updateSetting","NotificationSettingsController","",""
"","4","returns null when no token stored","test/src/data/repositories/staff_repository_test.dart","2026-05-24","passed","2026-05-24","verifyStaffStatus","StaffRepository","",""
"","687","renders with defaults","test/src/ui/widgets/common/minglit_error_state_test.dart","2026-05-24","passed","2026-05-24","","MinglitErrorState","",""
"","45","Phase 5: shows star rating and review CTA when ended","test/src/features/home/widgets/event_now_bottom_sheet_test.dart","2026-05-24","passed","2026-05-24","","EventNowBottomSheet","",""
"","61","User login screen does not show PARTNER label","test/widget_test.dart","2026-05-24","passed","2026-05-24","","","",""
"","98","calls recurrenceRuleRepository.create() when isEnabled is true","test/src/features/party/event/create/event_create_controller_recurrence_test.dart","2026-05-24","passed","2026-05-24","","EventCreateController.submit — recurrence enabled","",""
"","16","pushPurchaseHistory calls router.push","test/src/features/payment/logic/payment_coordinator_test.dart","2026-05-24","passed","2026-05-24","","PaymentCoordinator","",""
"","3","tracks sort filter when not recommended","test/src/features/explore/providers/explore_filter_integration_test.dart","2026-05-24","passed","2026-05-24","","ExploreFilters","",""
"","4","more branch has party management sub-routes","test/src/routing/app_routes_test.dart","2026-05-24","passed","2026-05-24","","AppRoutes","",""
"","33","dark theme uses the same transparent background SVG asset","test/src/theme/minglit_theme_test.dart","2026-05-24","passed","2026-05-24","","MinglitTheme.appBarLogo","",""
"","12","pushNotificationCenter calls router.push","test/src/features/home/logic/home_coordinator_test.dart","2026-05-24","passed","2026-05-24","","HomeCoordinator","",""
"","5","invokes EF with mark_all_read action","test/src/data/repositories/notification_repository_test.dart","2026-05-24","passed","2026-05-24","markAllAsRead","NotificationRepository","",""
"","3","updateUser does not throw when not initialized","test/logic/providers/statsig_provider_test.dart","2026-05-24","passed","2026-05-24","","StatsigAnalytics","",""
"","50","Phase 3: shows skeleton cards while candidates load","test/src/features/home/widgets/event_now_bottom_sheet_test.dart","2026-05-24","passed","2026-05-24","","EventNowBottomSheet","",""
"","2","returns empty list when no events today","test/src/data/repositories/event_repository_test.dart","2026-05-24","passed","2026-05-24","getTodayEvents","EventRepository","",""
"","4","falls back to getCurrentPosition when no last known position","test/services/location_service_test.dart","2026-05-24","passed","2026-05-24","","LocationService","",""
"","3","isMaxReached는 5개 도달 시 true를 반환한다","test/src/features/party/create/widgets/tag_selection_section_test.dart","2026-05-24","passed","2026-05-24","","TagSelectionController","",""
"","6","protected prefixes are present in the route tree","test/src/routing/app_routes_snapshot_test.dart","2026-05-24","passed","2026-05-24","","app_user route path snapshot","",""
"","38","pulsing=false (default) has no Transform on dot","test/src/common/widgets/minglit_timeline_test.dart","2026-05-24","passed","2026-05-24","","MinglitTimeline","",""
"","2","birth year min only","test/src/data/models/event_test.dart","2026-05-24","passed","2026-05-24","","Event conditionSummaries","",""
"","111","null role defaults to ""staff"" without crash","test/src/features/member/partner_member_permission_page_test.dart","2026-05-24","passed","2026-05-24","","PartnerMemberPermissionPage — Fix #270 회귀 테스트","",""
"","55","replaces the matching group and preserves all other groups","test/src/features/party/detail/party_detail_coordinator_entry_group_test.dart","2026-05-24","passed","2026-05-24","","updatePartyEntryGroup","",""
"","117","shows event selection when 2+ events today","test/src/features/checkin/checkin_placeholder_page_test.dart","2026-05-24","passed","2026-05-24","","CheckinPlaceholderPage","",""
"","193","BugReportAction tap toggles bugReportFabVisibleProvider","test/ui/widgets/bug_reporter_wrapper_test.dart","2026-05-24","passed","2026-05-24","","BugReportFab","",""
"","142","qualificationRequired → ""신청하기"" (enabled)","test/integration/flow_admission_status_test.dart","2026-05-24","passed","2026-05-24","","AdmissionStatus 버튼 렌더링 (8가지 상태)","",""
"","56","만석 상태에서 Semantics 라벨이 올바르다","test/ui/widgets/party/event_card_sold_out_test.dart","2026-05-24","passed","2026-05-24","","","",""
"","86","pause — success transitions state to AsyncData","test/src/features/party/recurrence/recurrence_management_controller_test.dart","2026-05-24","passed","2026-05-24","","RecurrenceManagementController","",""
"","45","past cards have no QR button","test/src/features/my_tickets/ui/my_tickets_page_test.dart","2026-05-24","passed","2026-05-24","","MyTicketsPage","",""
"","840","shows 권한 설정 app bar title","test/src/features/permission/app_permission_settings_screen_test.dart","2026-05-24","passed","2026-05-24","","AppPermissionSettingsScreen","",""
"","27","capture() silently skips invalid label","test/visual_qa/visual_qa_helper_test.dart","2026-05-24","passed","2026-05-24","","VisualQaTester","",""
"","35","generates non-empty route list","test/src/routing/app_routes_test.dart","2026-05-24","passed","2026-05-24","","AppRoutes","",""
"","62","logout PopupMenuButton is present","test/src/features/onboarding/partner_welcome_page_test.dart","2026-05-24","passed","2026-05-24","","PartnerWelcomePage","",""
"","111","로그인 상태: from=//evil.com 은 홈으로 리다이렉트 (injection 방지)","test/integration/auth_redirect_test.dart","2026-05-24","passed","2026-05-24","","Auth Redirect Flow","",""
"","9","markAllAsRead does nothing when user is null","test/src/features/notification/notification_list_controller_test.dart","2026-05-24","passed","2026-05-24","","NotificationListController","",""
"","6010","연속 체크인 — 첫 번째 완료 후 두 번째 사용자 QR 처리 성공","test/src/features/checkin/checkin_controller_test.dart","2026-05-24","passed","2026-05-24","processQR","CheckinController","",""
"","3","switches to monthly, clears daysOfWeek","test/src/features/party/logic/recurrence_settings_controller_test.dart","2026-05-24","passed","2026-05-24","setPattern","RecurrenceSettingsController","",""
"","242","""신청하기"" button exists on step 4","test/src/features/onboarding/partner_apply_page_test.dart","2026-05-24","passed","2026-05-24","","PartnerApplyPage","",""
"","3","parses vote_count from JSON","test/src/data/models/matching_test.dart","2026-05-24","passed","2026-05-24","","MatchRule","",""
"","954","Phase 1: shows QR code when ticket token exists","test/src/features/home/widgets/event_now_bottom_sheet_test.dart","2026-05-24","passed","2026-05-24","","EventNowBottomSheet","",""
"","79","manager role은 ""매니저"" 배지로 렌더링된다","test/src/features/member/partner_member_list_page_test.dart","2026-05-24","passed","2026-05-24","","PartnerMemberListPage — Fix #1662 회귀 테스트","",""
"","3","returns active-status event (regression for #1941)","test/src/data/repositories/event_repository_queries_test.dart","2026-05-24","passed","2026-05-24","getEventsByPartnerId","EventRepository Queries","",""
"","146","initial state has current month as selectedMonth","test/src/features/settlement/settlement_dashboard_controller_test.dart","2026-05-24","passed","2026-05-24","","SettlementDashboardController","",""
"","91","sorts approved apps by paidAt desc","test/src/features/party/event/detail/event_application_list_page_test.dart","2026-05-24","passed","2026-05-24","","승인됨 tab — relative payment date","",""
"","5","Fix #1739: queries adjustment_items by related_settlement_item_id","test/src/data/repositories/settlement_repository_test.dart","2026-05-24","passed","2026-05-24","getSettlementItemDetail","SettlementRepository","",""
"","61","shows history timeline when histories are non-empty","test/src/features/settlement/settlement_detail_page_test.dart","2026-05-24","passed","2026-05-24","","SettlementDetailPage","",""
"","23","fullPage variant returns content without container","test/src/ui/widgets/common/minglit_error_state_test.dart","2026-05-24","passed","2026-05-24","","MinglitErrorState","",""
"","33","lastUpdated가 null이면 ""업데이트 중"" 표시","test/src/features/checkin/widgets/checkin_summary_card_test.dart","2026-05-24","passed","2026-05-24","","CheckinSummaryCard","",""
"","3","returns auth state stream from auth client","test/src/data/repositories/auth_repository_test.dart","2026-05-24","passed","2026-05-24","onAuthStateChange","AuthRepository","",""
"","1178","step 0에서 진행 표시 바(progress indicator)가 표시된다","test/src/features/onboarding/ui/partner_apply_smoke_test.dart","2026-05-24","passed","2026-05-24","","PartnerApplyPage smoke","",""
"","637","renders label text","test/src/ui/widgets/common/minglit_filter_chip_test.dart","2026-05-24","passed","2026-05-24","","MinglitFilterChip","",""
"","36","이벤트 정보: semantic label에 날짜·장소·이벤트명 포함","test/src/features/ticket/ui/boarding_pass_card_test.dart","2026-05-24","passed","2026-05-24","","BoardingPassCard","",""
"","3","throws on db error","test/src/data/repositories/settlement_repository_test.dart","2026-05-24","passed","2026-05-24","getSettlementItemDetail","SettlementRepository","",""
"","44","scrollable=false renders Wrap","test/src/ui/widgets/common/minglit_chip_group_test.dart","2026-05-24","passed","2026-05-24","","MinglitChipGroup","",""
"","8","loadSettlementData success populates all fields","test/src/features/settlement/settlement_controller_test.dart","2026-05-24","passed","2026-05-24","","SettlementController","",""
"","37","interactive chip exposes label, button role, and tap action","test/src/ui/widgets/common/minglit_chip_test.dart","2026-05-24","passed","2026-05-24","Semantics","MinglitChip","",""
"","4","filters out events when user birth year is below entry group minimum","test/src/features/explore/logic/eligibility_filter_test.dart","2026-05-24","passed","2026-05-24","","EligibilityFilter","",""
"","6","returns true when interaction exists","test/src/data/repositories/social_repository_test.dart","2026-05-24","passed","2026-05-24","getInteractionState","SocialRepository","",""
"","97","선택된 태그 InputChip에 삭제 아이콘이 있다","test/src/features/party/create/widgets/tag_selection_section_test.dart","2026-05-24","passed","2026-05-24","","TagSelectionSection","",""
"","4","does not include ENVIRONMENT — sentinel defaults to dev in debug","test/src/config/env_keystore_test.dart","2026-05-24","passed","2026-05-24","missingRequired","EnvKeyStore","",""
"","14","throws StateError when RPC returns not_found","test/src/data/repositories/checkin_repository_test.dart","2026-05-24","passed","2026-05-24","verifyAndCheckin","CheckinRepository","",""
"","35","renders correctly with autoUpload enabled and uploadBucket specified","test/ui/widgets/common/minglit_file_picker_test.dart","2026-05-24","passed","2026-05-24","","MinglitFilePicker Widget Tests","",""
"","38","disables button when enabled is false","test/ui/widgets/common/minglit_bottom_cta_test.dart","2026-05-24","passed","2026-05-24","single variant","MinglitBottomCTA","",""
"","4","target_entry_group_ids defaults to empty list when null","test/src/data/repositories/event_application_rpc_mapping_test.dart","2026-05-24","passed","2026-05-24","","getApplicationsByEventId ticket mapping","",""
"","24","calls process_qr_checkin RPC and returns true on success","test/src/data/repositories/checkin_repository_test.dart","2026-05-24","passed","2026-05-24","verifyAndCheckin","CheckinRepository","",""
"","3","now 파라미터 미지정 시 DateTime.now() 기준으로 동작","test/src/features/ticket/logic/boarding_pass_status_test.dart","2026-05-24","passed","2026-05-24","","boardingPassStatus","",""
"","10","saveSignupConsents invalidates guard cache even when reload fails","test/src/features/consent/logic/consent_controller_test.dart","2026-05-24","passed","2026-05-24","","ConsentController","",""
"","938","capture() saves PNG and TXT files","test/visual_qa/visual_qa_helper_test.dart","2026-05-24","passed","2026-05-24","","VisualQaTester","",""
"","15","sets error state on failure","test/src/features/event/matching/matching_vote_controller_test.dart","2026-05-24","passed","2026-05-24","vote","MatchingVoteController","",""
"","28","PartnerEventsPage 빈 목록 → 등록된 이벤트가 없습니다","test/integration/flow_event_browse_test.dart","2026-05-24","passed","2026-05-24","","이벤트 탐색 플로우 — 홈→상세→파트너","",""
"","296","텍스트 입력 → 500ms 디바운스 → 결과 로딩","test/integration/flow_search_test.dart","2026-05-24","passed","2026-05-24","","SearchPage","",""
"","9","submit with validation errors sets error status","test/src/features/party/create/party_create_wizard_controller_test.dart","2026-05-24","passed","2026-05-24","submit","PartyCreateWizardController","",""
"","40","환불 불가 시 → ""예매 취소"" 버튼 미표시","test/integration/flow_my_page_test.dart","2026-05-24","passed","2026-05-24","","PurchaseHistoryPage","",""
"","6","requestMagicLink() calls repository sendMagicLink with the given email","test/src/features/auth/staff_guard_test.dart","2026-05-24","passed","2026-05-24","","StaffGuard","",""
"","4","returns ongoing-status event with past start_time (regression for #1941)","test/src/data/repositories/event_repository_queries_test.dart","2026-05-24","passed","2026-05-24","getEventsByPartnerId","EventRepository Queries","",""
"","4","serializes to JSON and back","test/src/data/models/partner_application_test.dart","2026-05-24","passed","2026-05-24","","PartnerApplication","",""
"","159","로그인 상태: 동의 조회 에러면 보호 경로를 fail-closed로 동의 페이지에 보낸다","test/integration/consent_redirect_test.dart","2026-05-24","passed","2026-05-24","","Signup Consent Redirect Flow","",""
"","21","renders 알수없음 for unknown status","test/src/common/widgets/status_badge_test.dart","2026-05-24","passed","2026-05-24","","StatusBadge","",""
"","35","(setUpAll)","test/integration/flow_admission_status_test.dart","2026-05-24","passed","2026-05-24","","","",""
"","35","shows person_add icon","test/src/features/home/widgets/pending_applicants_badge_card_test.dart","2026-05-24","passed","2026-05-24","","PendingApplicantsBadgeCard","",""
"","100","체크인 버튼 탭 중 스피너 표시 — 중복 탭 차단","test/src/features/checkin/manual/manual_checkin_sheet_test.dart","2026-05-24","passed","2026-05-24","","ManualCheckinSheet","",""
"","4","filters out events where user is not verified","test/src/features/explore/logic/eligibility_filter_test.dart","2026-05-24","passed","2026-05-24","","EligibilityFilter","",""
"","306","비로그인: public 라우트(/) 접근 시 리다이렉트 없음","test/integration/auth_redirect_test.dart","2026-05-24","passed","2026-05-24","","Auth Redirect Flow","",""
"","4","maxVoteCountProvider returns the highest configured vote count","test/src/data/repositories/matching_repository_test.dart","2026-05-24","passed","2026-05-24","","MatchingRepository providers","",""
"","2","returns empty map for last element non-map in mixed list","test/src/features/verification/review_verification_screen_test.dart","2026-05-24","passed","2026-05-24","","snapshot_data type guard","",""
"","3","marks ticket ineligible when gender mismatches","test/src/features/event/admission/ticket_recommendation_util_test.dart","2026-05-24","passed","2026-05-24","","TicketRecommendationUtil","",""
"","29","uses Column with CrossAxisAlignment.start","test/ui/widgets/common/minglit_content_layout_test.dart","2026-05-24","passed","2026-05-24","","MinglitContentLayout","",""
"","1455","renders search icon","test/src/features/home/home_page_app_bar_test.dart","2026-05-24","passed","2026-05-24","when user is not logged in","HomePage AppBar - Auth-aware widgets","",""
"","344","payment_failed apps are not shown in any tab","test/src/features/party/event/detail/event_application_list_page_test.dart","2026-05-24","passed","2026-05-24","","","",""
"","29","bugReporterCallbackProvider is set when BugReporterWrapper is mounted","test/ui/widgets/bug_reporter_wrapper_test.dart","2026-05-24","passed","2026-05-24","","Lifecycle","",""
"","9","error from repository sets error state","test/src/features/search/logic/location_search_controller_test.dart","2026-05-24","passed","2026-05-24","","LocationSearchController","",""
"","44","no verification required → ""바로 결제로 진행해주세요"" message","test/integration/flow_ticket_application_test.dart","2026-05-24","passed","2026-05-24","","EventApplicationWizardPage","",""
"","590","renders with label and color","test/src/ui/widgets/common/minglit_badge_test.dart","2026-05-24","passed","2026-05-24","","MinglitBadge","",""
"","16","saveSignupConsents calls repository and reloads","test/src/features/consent/logic/consent_controller_test.dart","2026-05-24","passed","2026-05-24","","ConsentController","",""
"","71","shows empty state when no pending applications","test/src/features/application/ui/event_application_manage_page_test.dart","2026-05-24","passed","2026-05-24","","EventApplicationManagePage","",""
"","4","uses default error message when errorMsg is null","test/src/features/iamport/logic/iamport_controller_test.dart","2026-05-24","passed","2026-05-24","onCertificationResult","IamportController","",""
"","894","pending deletion sign-in can keep deletion and sign out","test/src/routing/app_router_test.dart","2026-05-24","passed","2026-05-24","","","",""
"","3","with label on condition","test/src/data/models/event_test.dart","2026-05-24","passed","2026-05-24","","Event conditionSummaries","",""
"","2","born 25 years ago returns 26","test/src/utils/age_util_test.dart","2026-05-24","passed","2026-05-24","calculateKoreanAge","AgeUtil","",""
"","35","shows arrow_forward_ios icon","test/src/features/home/widgets/pending_applicants_badge_card_test.dart","2026-05-24","passed","2026-05-24","","PendingApplicantsBadgeCard","",""
"","47","결제 완료 메시지와 티켓 요약이 표시된다","test/src/features/event/admission/payment_success_screen_test.dart","2026-05-24","passed","2026-05-24","","PaymentSuccessScreen (Fix #1656 회귀)","",""
"","73","returns null when user is not logged in","test/src/features/notification/logic/notification_settings_controller_test.dart","2026-05-24","passed","2026-05-24","","NotificationSettingsController","",""
"","863","pending deletion sign-in shows recovery dialog and cancels","test/src/routing/app_router_test.dart","2026-05-24","passed","2026-05-24","","","",""
"","3","goToEventDetail navigates to correct route","test/src/features/event/logic/event_coordinator_test.dart","2026-05-24","passed","2026-05-24","","EventCoordinator","",""
"","5","returns null for PGRST116 (no rows found)","test/src/data/repositories/user_repository_test.dart","2026-05-24","passed","2026-05-24","getUserProfile","SupabaseUserRepository","",""
"","4","checkin — not_found: optimistic 업데이트 롤백","test/src/features/checkin/manual/manual_checkin_controller_test.dart","2026-05-24","passed","2026-05-24","","ManualCheckinController","",""
"","4","completes without error on 200 response","test/src/data/repositories/event_repository_commands_test.dart","2026-05-24","passed","2026-05-24","","EventRepository.bulkApproveApplications","",""
"","5","includes comment when provided","test/src/data/repositories/verification_command_repository_test.dart","2026-05-24","passed","2026-05-24","reviewRequest","VerificationRepository (command)","",""
"","6","omits reason fields when no reason was selected","test/src/data/repositories/account_repository_test.dart","2026-05-24","passed","2026-05-24","deleteAccount","AccountRepository","",""
"","66","tapping card calls pushEventDetail","test/src/features/my_tickets/ui/my_tickets_page_test.dart","2026-05-24","passed","2026-05-24","","MyTicketsPage","",""
"","72","1. initial state has currentStep=0 and all string fields empty","test/src/features/onboarding/partner_apply_controller_test.dart","2026-05-24","passed","2026-05-24","","PartnerApplyController","",""
"","4","throws MinglitUserException on non-200 with error message","test/src/data/repositories/event_repository_commands_test.dart","2026-05-24","passed","2026-05-24","","EventRepository.markMatchResultsViewed","",""
"","5","updateLocation updates state","test/src/features/party/create/party_create_wizard_controller_test.dart","2026-05-24","passed","2026-05-24","step 2: location","PartyCreateWizardController","",""
"","42","차단 목록 tap → BlockedPartnersPage (Navigator.push)","test/integration/flow_my_page_test.dart","2026-05-24","passed","2026-05-24","","MyPage 메뉴 탭","",""
"","29","still renders child widget even when staffGuard has data","test/src/features/auth/ui/staff_guard_wrapper_test.dart","2026-05-24","passed","2026-05-24","","StaffGuardWrapper","",""
"","3","canCancel returns false for paid ticket with null paymentId (amount mismatch)","test/src/features/payment/logic/purchase_history_controller_test.dart","2026-05-24","passed","2026-05-24","","PurchaseHistoryController.canCancel — Fix #1652 free ticket","",""
"","29","wraps content in SafeArea","test/ui/widgets/common/minglit_bottom_cta_test.dart","2026-05-24","passed","2026-05-24","SafeArea","MinglitBottomCTA","",""
"","73","selectedIndex defaults to 0 (홈)","test/src/ui/shell/partner_scaffold_test.dart","2026-05-24","passed","2026-05-24","","PartnerScaffold bottom navigation — owner (settlement access)","",""
"","4","aliases getTicketTemplatesByPartyId","test/src/data/repositories/ticket_repository_test.dart","2026-05-24","passed","2026-05-24","getDefaultTicketsByPartyId","TicketRepository","",""
"","82","shows bulk approve button when pending applications exist","test/src/features/application/ui/event_application_manage_page_test.dart","2026-05-24","passed","2026-05-24","","EventApplicationManagePage","",""
"","35","creates event without new location when locationId exists","test/src/features/party/event/create/event_create_controller_test.dart","2026-05-24","passed","2026-05-24","submit","EventCreateController","",""
"","3","returns 5 dates for biweekly — every other week","test/src/features/party/logic/recurrence_settings_controller_test.dart","2026-05-24","passed","2026-05-24","previewDates","RecurrenceSettingsController","",""
"","3","/my returns null when logged in","test/src/routing/app_router_redirect_test.dart","2026-05-24","passed","2026-05-24","","protected paths — authenticated","",""
"","6","checkin — success: optimistic 업데이트 후 유지","test/src/features/checkin/manual/manual_checkin_controller_test.dart","2026-05-24","passed","2026-05-24","","ManualCheckinController","",""
"","48","shows ₩0 and 0% when revenue and checkinRate are null","test/src/features/home/widgets/weekly_stats_row_test.dart","2026-05-24","passed","2026-05-24","","WeeklyStatsRow","",""
"","5","returns aggregated dashboard data","test/src/data/repositories/settlement_repository_test.dart","2026-05-24","passed","2026-05-24","getSettlementDashboard","SettlementRepository","",""
"","3","from이 /purchase-history이면 go(/)한 뒤 push(/purchase-history)한다","test/src/features/consent/logic/consent_coordinator_test.dart","2026-05-24","passed","2026-05-24","","completeSignup — 목적지로 이동 (back stack 보존)","",""
"","34","isLoading=true이면 MinglitSkeleton 표시","test/src/features/checkin/widgets/checkin_summary_card_test.dart","2026-05-24","passed","2026-05-24","","CheckinSummaryCard","",""
"","51","startApplicationId positions carousel at correct card","test/src/features/party/event/review/event_application_review_carousel_page_test.dart","2026-05-24","passed","2026-05-24","","","",""
"","24","renders 결제중 for payment_pending status","test/src/common/widgets/status_badge_test.dart","2026-05-24","passed","2026-05-24","","StatusBadge","",""
"","3","returns role data when found","test/src/data/repositories/partner_repository_test.dart","2026-05-24","passed","2026-05-24","getMyMemberRole","PartnerRepository","",""
"","4","birthday yesterday → age is exact (birthday passed)","test/src/utils/age_util_test.dart","2026-05-24","passed","2026-05-24","calculateManAgeFromDate","AgeUtil","",""
"","1537","비로그인 홈: person_outline 아이콘 표시","test/integration/home_navigation_test.dart","2026-05-24","passed","2026-05-24","","Home Navigation Flow","",""
"","1","MinglitRadius constants are non-negative","test/src/theme/minglit_theme_test.dart","2026-05-24","passed","2026-05-24","","MinglitDesignTokens","",""
"","3","canCancel returns false when refundStatus is not ""none""","test/src/features/payment/logic/purchase_history_controller_test.dart","2026-05-24","passed","2026-05-24","","PurchaseHistoryController.canCancel — Fix #1235","",""
"","4","pushCreateVerification works without partnerId","test/src/features/verification/verification_coordinator_test.dart","2026-05-24","passed","2026-05-24","","VerificationCoordinator","",""
"","44","shows loading indicator when isUploading would be true","test/ui/widgets/common/minglit_file_picker_test.dart","2026-05-24","passed","2026-05-24","","MinglitFilePicker Widget Tests","",""
"","29","returns same instance if already MinglitException","test/src/utils/exceptions_test.dart","2026-05-24","passed","2026-05-24","","MinglitException.from","",""
"","26","throws on error","test/src/data/repositories/event_repository_test.dart","2026-05-24","passed","2026-05-24","cancelOrder","EventRepository","",""
"","54","파트너 정보 로딩 중에는 인디케이터가 표시된다","test/src/features/application/ui/application_manage_smoke_test.dart","2026-05-24","passed","2026-05-24","","EventApplicationManagePage smoke","",""
"","3","creates from JSON with visibility = private","test/src/data/models/party_test.dart","2026-05-24","passed","2026-05-24","","Party","",""
"","3","equality works with same values","test/src/data/models/party_test.dart","2026-05-24","passed","2026-05-24","","Location","",""
"","5","3. validateStep(0) returns false when brandName is empty","test/src/features/onboarding/partner_apply_controller_test.dart","2026-05-24","passed","2026-05-24","","PartnerApplyController","",""
"","2","BOM prefix makes bytes start with UTF-8 BOM","test/src/features/settlement/widgets/download_bottom_sheet_test.dart","2026-05-24","passed","2026-05-24","","buildCsv","",""
"","3","toDbJson removes id, user_id and timestamps","test/src/data/models/partner_application_test.dart","2026-05-24","passed","2026-05-24","","PartnerApplication","",""
"","3","bankAccountSnapshot is null when not provided","test/src/data/models/settlement_item_detail_test.dart","2026-05-24","passed","2026-05-24","","PayoutSummary.fromJson","",""
"","12","goToHome calls router.go(""/"")","test/src/routing/app_coordinator_test.dart","2026-05-24","passed","2026-05-24","","AppCoordinator","",""
"","85","비로그인 상태: 마이페이지 버튼 tooltip이 존재한다","test/src/features/home/home_page_app_bar_test.dart","2026-05-24","passed","2026-05-24","Profile button navigation — #2107 regression guard","HomePage AppBar - Auth-aware widgets","",""
"","3","sets error state when success is true but impUid is null","test/src/features/iamport/logic/iamport_controller_test.dart","2026-05-24","passed","2026-05-24","onCertificationResult","IamportController","",""
"","22","(setUpAll)","test/src/features/ticket/ticket_controller_test.dart","2026-05-24","passed","2026-05-24","","","",""
"","53","shows needsCorrection message and admin comment","test/src/features/onboarding/partner_apply_status_page_test.dart","2026-05-24","passed","2026-05-24","","PartnerApplyStatusPage","",""
"","858","owner role은 빈 괄호 없이 ""소유자"" 배지로 렌더링된다","test/src/features/member/partner_member_list_page_test.dart","2026-05-24","passed","2026-05-24","","PartnerMemberListPage — Fix #1662 회귀 테스트","",""
"","25","guest status returns login label","test/src/features/event/admission/admission_button_config_test.dart","2026-05-24","passed","2026-05-24","","AdmissionButtonConfig","",""
"","25","can be constructed with a BuildContext","test/src/features/party/event/create/event_create_coordinator_test.dart","2026-05-24","passed","2026-05-24","","EventCreateCoordinator","",""
"","4","iOS returns options (placeholder until plist migration)","test/firebase_options_test.dart","2026-05-24","passed","2026-05-24","","DefaultFirebaseOptions.currentPlatform","",""
"","4","createFromParty creates event from party template","test/src/data/models/event_test.dart","2026-05-24","passed","2026-05-24","","Event","",""
"","3","checkGate returns false when not initialized","test/logic/providers/statsig_provider_test.dart","2026-05-24","passed","2026-05-24","","StatsigAnalytics","",""
"","14","returns active events when user is logged in (happy path)","test/src/features/home/logic/today_active_events_provider_test.dart","2026-05-24","passed","2026-05-24","","todayActiveEventsProvider","",""
"","400","검색 결과 있음 → 이벤트 카드 리스트","test/integration/flow_search_test.dart","2026-05-24","passed","2026-05-24","","SearchPage","",""
"","159","changeStatus to null clears filter","test/src/features/settlement/settlement_list_controller_test.dart","2026-05-24","passed","2026-05-24","","SettlementListController","",""
"","3","미래 이벤트 (startTime이 내일 이후) → CONFIRMED","test/src/features/ticket/logic/boarding_pass_status_test.dart","2026-05-24","passed","2026-05-24","","boardingPassStatus","",""
"","5","35M — eligible for open, male-only, and age-restricted events","test/src/features/explore/logic/eligibility_filter_test.dart","2026-05-24","passed","2026-05-24","","persona matrix","",""
"","4","returns true for confirmed application","test/src/data/repositories/event_repository_queries_test.dart","2026-05-24","passed","2026-05-24","checkApplicationStatus","EventRepository Queries","",""
"","775","renders bar with event name and status when active event exists","test/src/features/home/widgets/event_now_bar_test.dart","2026-05-24","passed","2026-05-24","","EventNowBar","",""
"","3","parses all fields","test/src/data/models/settlement_item_detail_test.dart","2026-05-24","passed","2026-05-24","","SettlementHistoryEntry.fromJson","",""
"","9","throws on error","test/src/data/repositories/partner_application_repository_test.dart","2026-05-24","passed","2026-05-24","submitDraft","PartnerApplicationRepository","",""
"","3","toggles isEnabled from true to false","test/src/features/party/logic/recurrence_settings_controller_test.dart","2026-05-24","passed","2026-05-24","toggle","RecurrenceSettingsController","",""
"","2","createFromParty copies metadata from party","test/src/data/models/event_test.dart","2026-05-24","passed","2026-05-24","","Event","",""
"","5","CHECK_IN_READY: 시작 시간 도달 + participant.status != checked_in","test/src/features/home/logic/event_now_bar_state_provider_test.dart","2026-05-24","passed","2026-05-24","","eventNowBarStateProvider — 6-state 상태 머신","",""
"","8","updates and returns template","test/src/data/repositories/ticket_repository_test.dart","2026-05-24","passed","2026-05-24","updateTicketTemplate","TicketRepository","",""
"","9","propagates error when repository throws","test/src/features/event/matching/matching_vote_controller_test.dart","2026-05-24","passed","2026-05-24","","matchCandidates","",""
"","4","toTemplate converts to EntryGroupTemplate","test/src/data/models/party_entry_group_test.dart","2026-05-24","passed","2026-05-24","","EntryGroup","",""
"","167","마케팅 토글 시 ConsentController.toggleConsent를 호출한다","test/src/features/settings/privacy_page_test.dart","2026-05-24","passed","2026-05-24","","","",""
"","10","returns list of requests for authenticated user","test/src/data/repositories/verification_query_repository_test.dart","2026-05-24","passed","2026-05-24","getRequestsByStatus","VerificationRepository","",""
"","2","fromString handles mixed case input","test/src/features/settlement/widgets/settlement_status_badge_test.dart","2026-05-24","passed","2026-05-24","","SettlementStatus.fromString","",""
"","3","defaults string fields to empty string when null","test/src/features/settlement/settlement_models_test.dart","2026-05-24","passed","2026-05-24","","PartnerSettlement.fromJson","",""
"","8","initialize does not throw when key is empty","test/logic/providers/statsig_provider_test.dart","2026-05-24","passed","2026-05-24","","StatsigAnalytics","",""
"","4","returns list of events for today","test/src/data/repositories/event_repository_test.dart","2026-05-24","passed","2026-05-24","getTodayEvents","EventRepository","",""
"","110","MinglitChipGroup(scrollable)에 scroll affordance 적용","test/ui/widgets/common/minglit_horizontal_scroll_group_test.dart","2026-05-24","passed","2026-05-24","","MinglitHorizontalScrollGroup","",""
"","5","returns events with null tickets when user is logged in","test/src/logic/providers/event_feed_provider_test.dart","2026-05-24","passed","2026-05-24","","eventFeedProvider — ticket filter regression (#778)","",""
"","55","renders indicator when multiple images are provided","test/ui/widgets/common/minglit_image_carousel_test.dart","2026-05-24","passed","2026-05-24","","MinglitImageCarousel Widget Tests","",""
"","3","/events/:id/matching redirects to /login when not logged in","test/src/routing/app_router_redirect_test.dart","2026-05-24","passed","2026-05-24","","protected paths — unauthenticated","",""
"","95","Should throw TypeError if repository returns malformed list","test/src/features/party/event/detail/event_application_controller_test.dart","2026-05-24","passed","2026-05-24","","EventApplicationController Tests","",""
"","2","returns 0 when no future events","test/src/data/repositories/event_repository_queries_test.dart","2026-05-24","passed","2026-05-24","getPendingApplicationCount","EventRepository Queries","",""
"","5","calls EF with update action and is_active=false","test/src/data/repositories/verification_command_repository_test.dart","2026-05-24","passed","2026-05-24","deleteVerification","VerificationRepository (command)","",""
"","479","light theme uses the light dialog background color","test/src/theme/minglit_theme_test.dart","2026-05-24","passed","2026-05-24","dialog background","MinglitTheme","",""
"","4","returns false when missing consents","test/src/features/consent/logic/consent_controller_test.dart","2026-05-24","passed","2026-05-24","","hasRequiredConsents","",""
"","59","이벤트 정보 섹션: DATE/VENUE 라벨 + 이벤트명 표시","test/src/features/ticket/ui/boarding_pass_card_test.dart","2026-05-24","passed","2026-05-24","","BoardingPassCard","",""
"","912","리뷰 섹션 5개 모두 표시됨 (MinglitEditableSection)","test/src/features/party/create/steps/step6_review_test.dart","2026-05-24","passed","2026-05-24","","Step6Review","",""
"","90","tapping COMPLETED chip calls onStatusChanged with COMPLETED","test/src/features/settlement/widgets/status_filter_chips_test.dart","2026-05-24","passed","2026-05-24","","StatusFilterChips widget","",""
"","6","Realtime 구독 시 올바른 채널명 사용","test/src/features/checkin/stats/entry_group_checkin_stats_controller_test.dart","2026-05-24","passed","2026-05-24","","EntryGroupCheckinStatsController","",""
"","9","0개 반환 시 hasMore=false","test/src/features/explore/providers/recommendation_feed_notifier_test.dart","2026-05-24","passed","2026-05-24","build() — 초기 로드","RecommendationFeedNotifier","",""
"","622","이벤트 0건일 때 SizedBox.shrink 렌더링","test/src/features/home/widgets/event_now_multi_stack_test.dart","2026-05-24","passed","2026-05-24","","EventNowMultiStack — 위젯","",""
"","2","marks ineligible when birth year is out of range","test/src/features/event/admission/ticket_recommendation_util_test.dart","2026-05-24","passed","2026-05-24","","TicketRecommendationUtil","",""
"","162","다이얼로그에서 ""계속하기"" 선택 시 위저드가 유지된다","test/src/features/event/ui/event_application_wizard_back_nav_test.dart","2026-05-24","passed","2026-05-24","","EventApplicationWizardPage — 뒤로가기 가드","",""
"","41","saves token to SharedPreferences","test/src/data/repositories/staff_repository_test.dart","2026-05-24","passed","2026-05-24","saveStaffToken","StaffRepository","",""
"","22","returns updated party on success","test/src/data/repositories/party_repository_test.dart","2026-05-24","passed","2026-05-24","updateParty","PartyRepository","",""
"","3","returns list of upcoming events","test/src/data/repositories/event_repository_test.dart","2026-05-24","passed","2026-05-24","getUpcomingEvents","EventRepository","",""
"","3","throws on RPC error","test/src/data/repositories/event_repository_queries_test.dart","2026-05-24","passed","2026-05-24","getTicketBalanceStatus","EventRepository Queries","",""
"","35","Phase 3: shows vote complete when all votes used","test/src/features/home/widgets/event_now_bottom_sheet_test.dart","2026-05-24","passed","2026-05-24","","EventNowBottomSheet","",""
"","9","State is identityRequired when user is not verified","test/src/features/event/admission/event_admission_controller_test.dart","2026-05-24","passed","2026-05-24","","EventAdmissionController","",""
"","87","build returns settings when user is logged in","test/src/features/notification/logic/notification_settings_controller_test.dart","2026-05-24","passed","2026-05-24","","NotificationSettingsController","",""
"","7","does not call initialize() on tokenRefreshed event","test/src/features/notification/notification_initializer_test.dart","2026-05-24","passed","2026-05-24","","notificationInitializerProvider","",""
"","3","returns empty list when no future events","test/src/data/repositories/event_repository_queries_test.dart","2026-05-24","passed","2026-05-24","getPartnerFutureEvents","EventRepository Queries","",""
"","7","Ended event short-circuits before eligibility — logged-in user without application","test/src/features/event/admission/event_admission_controller_test.dart","2026-05-24","passed","2026-05-24","","Ended event states","",""
"","3","inequality with different values","test/src/data/models/ticket_token_test.dart","2026-05-24","passed","2026-05-24","","TicketToken","",""
"","166","T3: 계좌 관리 버튼 탭 → goToBankAccount() 호출 (router.push)","test/src/features/settlement/settlement_page_test.dart","2026-05-24","passed","2026-05-24","","SettlementPage — Fix #1568: 계좌 관리 버튼 진입","",""
"","3","keeps events without tickets (open events)","test/src/features/explore/logic/eligibility_filter_test.dart","2026-05-24","passed","2026-05-24","","EligibilityFilter","",""
"","7","effectiveImageUrls falls back to party images","test/src/data/models/event_test.dart","2026-05-24","passed","2026-05-24","","Event","",""
"","32","non-pending sign-in does not show recovery dialog","test/src/routing/app_router_test.dart","2026-05-24","passed","2026-05-24","","","",""
"","23","payment_failed uses error color","test/src/common/widgets/status_badge_test.dart","2026-05-24","passed","2026-05-24","","StatusBadge","",""
"","5","removeFilter removes eligibility filter","test/src/features/explore/providers/explore_filter_integration_test.dart","2026-05-24","passed","2026-05-24","","ActiveFilters provider","",""
"","6","returns empty when no participant record","test/src/data/repositories/matching_repository_test.dart","2026-05-24","passed","2026-05-24","getMatchingCandidates","MatchingRepository","",""
"","56","idle → invalid — 오류 배너 표시","test/src/features/checkin/widgets/checkin_scanner_overlay_test.dart","2026-05-24","passed","2026-05-24","","CheckinScannerOverlay 배너","",""
"","4","has all expected values","test/src/data/models/social_interaction_test.dart","2026-05-24","passed","2026-05-24","","SocialTargetType","",""
"","58","shows empty state when 0 events today","test/src/features/checkin/checkin_placeholder_page_test.dart","2026-05-24","passed","2026-05-24","","CheckinPlaceholderPage","",""
"","5","returns template by ID","test/src/data/repositories/ticket_repository_test.dart","2026-05-24","passed","2026-05-24","getTicketTemplateById","TicketRepository","",""
"","4","throws when user not authenticated","test/src/data/repositories/social_repository_test.dart","2026-05-24","passed","2026-05-24","setInteraction","SocialRepository","",""
"","526","BottomTicketBar 에러 → 비활성 ""오류 발생"" 버튼","test/integration/flow_error_edge_cases_test.dart","2026-05-24","passed","2026-05-24","","AsyncError 상태","",""
"","6","updates existing draft when id is non-empty","test/src/data/repositories/partner_application_repository_test.dart","2026-05-24","passed","2026-05-24","saveDraft","PartnerApplicationRepository","",""
"","71","creates from provider with GoRouter","test/src/features/ticket/logic/ticket_coordinator_test.dart","2026-05-24","passed","2026-05-24","","TicketCoordinator","",""
"","8","returns null when not found","test/src/data/repositories/verification_query_repository_test.dart","2026-05-24","passed","2026-05-24","getVerificationById","VerificationRepository","",""
"","48","initial state is AsyncData(null)","test/src/features/ticket/ticket_controller_test.dart","2026-05-24","passed","2026-05-24","","TicketController","",""
"","67","초기 ticketId가 주어지면 크래시 없이 렌더링된다","test/src/features/event/ui/event_application_wizard_smoke_test.dart","2026-05-24","passed","2026-05-24","","EventApplicationWizardPage","",""
"","71","renders trailing widget","test/ui/widgets/common/minglit_list_tile_test.dart","2026-05-24","passed","2026-05-24","","MinglitListTile","",""
"","51","shows granted and pending permission sections","test/src/features/permission/app_permission_settings_screen_test.dart","2026-05-24","passed","2026-05-24","","AppPermissionSettingsScreen","",""
"","4","returns empty list when no applications","test/src/data/repositories/partner_application_repository_test.dart","2026-05-24","passed","2026-05-24","getAllApplications","PartnerApplicationRepository","",""
"","5","invokes EF with mark_read action","test/src/data/repositories/notification_repository_test.dart","2026-05-24","passed","2026-05-24","markAsRead","NotificationRepository","",""
"","4","defaults to Supabase reauthenticate when password flag is absent","test/src/data/repositories/account_repository_test.dart","2026-05-24","passed","2026-05-24","reauthenticate","AccountRepository","",""
"","771","shows timeline for paid status","test/src/features/payment/ui/event_application_review_page_test.dart","2026-05-24","passed","2026-05-24","","EventApplicationReviewPage — #2095","",""
"","58","manual loadDashboardData refreshes pendingReviewCount","test/src/features/home/partner_dashboard_controller_test.dart","2026-05-24","passed","2026-05-24","","PartnerDashboardController","",""
"","2","Fix #1566: reads event_at from DB (not created_at)","test/src/data/models/settlement_item_detail_test.dart","2026-05-24","passed","2026-05-24","","SettlementHistoryEntry.fromJson","",""
"","4","throws on RPC error","test/src/data/repositories/event_repository_queries_test.dart","2026-05-24","passed","2026-05-24","searchEvents","EventRepository Queries","",""
"","6","throws on error","test/src/data/repositories/verification_query_repository_test.dart","2026-05-24","passed","2026-05-24","getVerificationById","VerificationRepository","",""
"","662","SETTLEMENT_VIEW 권한 없음: /settlement → / 리다이렉트","test/src/routing/settlement_route_guard_test.dart","2026-05-24","passed","2026-05-24","","Settlement route guard — redirect branch 4 (Fix #1533)","",""
"","14","pushLogin calls router.push with login path","test/src/features/auth/logic/auth_coordinator_test.dart","2026-05-24","passed","2026-05-24","","AuthCoordinator","",""
"","30","applies custom padding","test/src/ui/widgets/common/minglit_content_card_test.dart","2026-05-24","passed","2026-05-24","","MinglitContentCard","",""
"","3","filters out events requiring verification when user lacks it","test/src/features/explore/logic/eligibility_filter_test.dart","2026-05-24","passed","2026-05-24","","EligibilityFilter","",""
"","128","does not crash when updatePartyStatus throws","test/src/features/party/detail/party_detail_coordinator_party_status_test.dart","2026-05-24","passed","2026-05-24","","PartyDetailCoordinator.activateParty","",""
"","36","renders correctly with FileType.any","test/ui/widgets/common/minglit_file_picker_test.dart","2026-05-24","passed","2026-05-24","","MinglitFilePicker Widget Tests","",""
"","199","navigateAndCapture() taps and captures result","test/visual_qa/visual_qa_helper_test.dart","2026-05-24","passed","2026-05-24","","VisualQaTester","",""
"","7","returns null when user not logged in","test/src/data/repositories/partner_application_repository_test.dart","2026-05-24","passed","2026-05-24","getMyApplication","PartnerApplicationRepository","",""
"","3","normalizes endTime when before startTime","test/src/features/party/event/edit/event_edit_controller_test.dart","2026-05-24","passed","2026-05-24","updateSchedule","EventEditController","",""
"","15","returns created party on success","test/src/data/repositories/party_repository_test.dart","2026-05-24","passed","2026-05-24","createParty","PartyRepository","",""
"","3","pushMyTickets calls router.push with /tickets/my","test/src/features/home/logic/home_coordinator_test.dart","2026-05-24","passed","2026-05-24","","HomeCoordinator","",""
"","8","light theme AppBar background matches scaffold background","test/src/theme/minglit_theme_test.dart","2026-05-24","passed","2026-05-24","","MinglitTheme","",""
"","67","파티 장소 라벨과 PartyLocationInput 표시됨","test/src/features/party/create/steps/step2_location_test.dart","2026-05-24","passed","2026-05-24","","Step2Location","",""
"","3","equality works","test/src/data/models/social_interaction_test.dart","2026-05-24","passed","2026-05-24","","SocialInteraction","",""
"","3","rethrows on error","test/src/data/repositories/event_repository_commands_test.dart","2026-05-24","passed","2026-05-24","","EventRepository.deleteApplication","",""
"","35","Apple sign-in button hidden when no callback","test/widget_test.dart","2026-05-24","passed","2026-05-24","","","",""
"","81","심사 대기 건이 있으면 심사 대기 링크가 표시된다","test/src/features/party/event/detail/event_detail_page_smoke_test.dart","2026-05-24","passed","2026-05-24","","EventDetailPage (Fix #2109)","",""
"","6","State is notEligible when gender does not match","test/src/features/event/admission/event_admission_controller_test.dart","2026-05-24","passed","2026-05-24","","EventAdmissionController","",""
"","4","preserves existing entry group id in entry_group_templates body","test/src/data/repositories/party_repository_test.dart","2026-05-24","passed","2026-05-24","updateParty","PartyRepository","",""
"","4","returns server-side count from PostgREST count response","test/src/data/repositories/matching_repository_test.dart","2026-05-24","passed","2026-05-24","getMyVoteCount","MatchingRepository","",""
"","56","loadDashboard success populates dashboardData","test/src/features/settlement/settlement_dashboard_controller_test.dart","2026-05-24","passed","2026-05-24","","SettlementDashboardController","",""
"","3","boarding → ""입장 가능""","test/src/features/ticket/logic/boarding_pass_status_test.dart","2026-05-24","passed","2026-05-24","","BoardingPassStatus.semanticLabel","",""
"","109","renders profile icon (person_outline)","test/src/features/home/home_page_app_bar_test.dart","2026-05-24","passed","2026-05-24","when user is not logged in","HomePage AppBar - Auth-aware widgets","",""
"","97","Fix #1856: shows skeleton cards during initial feed loading","test/src/features/home/home_page_test.dart","2026-05-24","passed","2026-05-24","","HomePage","",""
"","34","normal state has no 마감 overlay and no saturation filter","test/src/ui/widgets/party/event_card_state_test.dart","2026-05-24","passed","2026-05-24","","EventCard state visualization","",""
"","4","이벤트 5일 전 + paidAt 없음 → 환불 불가","test/minglit_kit_test.dart","2026-05-24","passed","2026-05-24","","RefundCalculator","",""
"","3","imageUrl returns first image or null","test/src/data/models/event_test.dart","2026-05-24","passed","2026-05-24","","Event","",""
"","8","동시 loadMore 호출 시 repository 1회만 호출","test/src/features/explore/providers/recommendation_feed_notifier_test.dart","2026-05-24","passed","2026-05-24","concurrent loadMore 방지","RecommendationFeedNotifier","",""
"","21","pushEventDetail pushes correct route","test/src/features/search/logic/search_coordinator_test.dart","2026-05-24","passed","2026-05-24","","SearchCoordinator","",""
"","63","Phase 3: renders MatchingVoteContent when state is matching","test/src/features/home/widgets/event_now_bottom_sheet_test.dart","2026-05-24","passed","2026-05-24","","EventNowBottomSheet","",""
"","5","returns purchase history for user","test/src/data/repositories/event_repository_test.dart","2026-05-24","passed","2026-05-24","getMyPurchaseHistory","EventRepository","",""
"","610","renders nothing when events empty","test/src/features/home/widgets/closing_soon_events_card_test.dart","2026-05-24","passed","2026-05-24","","ClosingSoonEventsCard","",""
"","3","canCancel returns true for free ticket (paymentAmount=0, paymentId=null) before event","test/src/features/payment/logic/purchase_history_controller_test.dart","2026-05-24","passed","2026-05-24","","PurchaseHistoryController.canCancel — Fix #1652 free ticket","",""
"","4","returns list of upcoming events","test/src/data/repositories/event_repository_queries_test.dart","2026-05-24","passed","2026-05-24","getUpcomingEvents","EventRepository Queries","",""
"","35","QR button tap calls onQRTap callback","test/src/features/my_tickets/ui/my_tickets_page_test.dart","2026-05-24","passed","2026-05-24","","MyTicketCard","",""
"","91","AppBar title is 참가 신청","test/src/features/party/event/detail/event_application_list_page_test.dart","2026-05-24","passed","2026-05-24","","EventApplicationListPage tab structure","",""
"","4","saveDraft: isSaving resets to false when repository throws StateError","test/src/features/onboarding/partner_apply_controller_test.dart","2026-05-24","passed","2026-05-24","Regression #2161: isSaving resets to false when Error subclass thrown","PartnerApplyController","",""
"","80","필수 동의 항목은 읽기 전용 ""동의됨""으로 표시된다","test/src/features/settings/privacy_page_test.dart","2026-05-24","passed","2026-05-24","","","",""
"","3","completed event with isCheckedIn=true and matchResultsViewedAt non-null returns resultsViewed","test/src/features/tickets/event_lifecycle_phase_resolver_test.dart","2026-05-24","passed","2026-05-24","","","",""
"","3","defaults string fields when null","test/src/features/settlement/settlement_models_test.dart","2026-05-24","passed","2026-05-24","","SettlementItem.fromJson","",""
"","22","does not render button when only onAction is provided","test/src/ui/widgets/common/minglit_empty_state_test.dart","2026-05-24","passed","2026-05-24","","MinglitEmptyState","",""
"","97","태그 검색 입력 필드가 표시된다","test/src/features/party/create/widgets/tag_selection_section_test.dart","2026-05-24","passed","2026-05-24","","TagSelectionSection","",""
"","4","throws on error","test/src/data/repositories/party_repository_test.dart","2026-05-24","passed","2026-05-24","updatePartyStatus","PartyRepository","",""
"","436","guest 탭 → LoginPage로 이동","test/integration/flow_admission_status_test.dart","2026-05-24","passed","2026-05-24","","AdmissionStatus 버튼 탭 동작","",""
"","109","성비 균형 off 시 허용 오차 NumberStepper 숨김","test/src/features/party/create/steps/step3_capacity_contact_test.dart","2026-05-24","passed","2026-05-24","","Step3CapacityContact","",""
"","34","renders child widget","test/src/ui/widgets/common/minglit_section_test.dart","2026-05-24","passed","2026-05-24","","MinglitSection","",""
"","7","returns updated application on success","test/src/data/repositories/partner_application_repository_test.dart","2026-05-24","passed","2026-05-24","updateApplication","PartnerApplicationRepository","",""
"","40","reduced motion shows the final state immediately","test/src/components/feedback/minglit_confirmation_page_test.dart","2026-05-24","passed","2026-05-24","","","",""
"","618","renders placeholder when imageUrls is empty","test/ui/widgets/common/minglit_image_carousel_test.dart","2026-05-24","passed","2026-05-24","","MinglitImageCarousel Widget Tests","",""
"","3","returns empty when no matches","test/src/data/repositories/matching_repository_test.dart","2026-05-24","passed","2026-05-24","getMyMatches","MatchingRepository","",""
"","935","appends the new group to existing groups and calls updateParty","test/src/features/party/detail/party_detail_coordinator_entry_group_test.dart","2026-05-24","passed","2026-05-24","","addPartyEntryGroup","",""
"","5","throws on EF error","test/src/data/repositories/party_repository_test.dart","2026-05-24","passed","2026-05-24","updateEventStatus","PartyRepository (events)","",""
"","6","parses description when it is a Map (normal case)","test/src/data/models/party_test.dart","2026-05-24","passed","2026-05-24","","Party","",""
"","105","대시보드: 매출 카드 헤더가 ""정산 완료 매출""이어야 함 (이번 달 총 매출 아님)","test/src/features/settlement/settlement_page_test.dart","2026-05-24","passed","2026-05-24","","SettlementPage — Fix #1935: revenue card label accuracy","",""
"","2","returns empty list when no closing soon events","test/src/data/repositories/event_repository_queries_test.dart","2026-05-24","passed","2026-05-24","getClosingSoonEvents","EventRepository Queries","",""
"","3","returns null when not found","test/src/data/repositories/party_repository_test.dart","2026-05-24","passed","2026-05-24","getPartyById","PartyRepository","",""
"","32","null 데이터 → ""설정 정보를 불러올 수 없습니다.""","test/integration/flow_my_page_test.dart","2026-05-24","passed","2026-05-24","","NotificationSettingsScreen","",""
"","10","includes verification_data in request body when provided","test/src/data/repositories/event_repository_commands_test.dart","2026-05-24","passed","2026-05-24","","EventRepository.applyEvent","",""
"","11","두번째 페이지 append — 총 20개","test/src/features/explore/providers/recommendation_feed_notifier_test.dart","2026-05-24","passed","2026-05-24","loadMore() — 다음 페이지 추가","RecommendationFeedNotifier","",""
"","3","reorderFields moves field correctly","test/src/features/verification/create_verification_controller_test.dart","2026-05-24","passed","2026-05-24","","CreateVerificationController","",""
"","59","returns UserProfile when found","test/src/data/repositories/user_repository_test.dart","2026-05-24","passed","2026-05-24","getUserProfile","SupabaseUserRepository","",""
"","3","한국 나이 계산","test/minglit_kit_test.dart","2026-05-24","passed","2026-05-24","","AgeUtil","",""
"","12","returns verification when found","test/src/data/repositories/verification_query_repository_test.dart","2026-05-24","passed","2026-05-24","getVerificationById","VerificationRepository","",""
"","3","CheckinState copyWith preserves unchanged fields","test/src/features/checkin/checkin_controller_test.dart","2026-05-24","passed","2026-05-24","","CheckinController","",""
"","19","(setUpAll)","test/src/utils/environment_info_test.dart","2026-05-24","passed","2026-05-24","","","",""
"","15","loadMore 에러 시 기존 리스트 보존","test/src/features/explore/providers/recommendation_feed_notifier_test.dart","2026-05-24","passed","2026-05-24","에러 처리","RecommendationFeedNotifier","",""
"","11","nextStep advances step","test/src/features/party/create/party_create_wizard_controller_test.dart","2026-05-24","passed","2026-05-24","step navigation","PartyCreateWizardController","",""
"","657","renders all sections","test/ui/widgets/common/minglit_content_layout_test.dart","2026-05-24","passed","2026-05-24","","MinglitContentLayout","",""
"","57","loadMore error sets error field","test/src/features/settlement/settlement_list_controller_test.dart","2026-05-24","passed","2026-05-24","","SettlementListController","",""
"","166","기본 상태에서 validation 에러 카드 표시 (누락된 정보)","test/src/features/party/create/steps/step6_review_test.dart","2026-05-24","passed","2026-05-24","","Step6Review","",""
"","59","loadDashboardData populates state with repo data","test/src/features/home/partner_dashboard_controller_test.dart","2026-05-24","passed","2026-05-24","","PartnerDashboardController","",""
"","8","output has 4 lines (2 metadata + 1 header + 1 data)","test/src/features/settlement/widgets/download_bottom_sheet_test.dart","2026-05-24","passed","2026-05-24","","buildCsv","",""
"","6","State is eventEndedWithResults when completed event has match results","test/src/features/event/admission/event_admission_controller_test.dart","2026-05-24","passed","2026-05-24","","Ended event states","",""
"","177","파트너 이름 탭 시 pushPartnerDetail이 호출된다","test/src/features/event/detail/event_detail_partner_row_test.dart","2026-05-24","passed","2026-05-24","","EventDetail 파트너 행 탭 네비게이션","",""
"","4","throws when user not logged in","test/src/data/repositories/partner_application_repository_test.dart","2026-05-24","passed","2026-05-24","saveDraft","PartnerApplicationRepository","",""
"","32","enabled=false 시 FAB toggle해도 나타나지 않는다","test/src/ui/bug_report_fab_global_test.dart","2026-05-24","passed","2026-05-24","","BugReportFab 회귀 (#1858)","",""
"","26","card variant icon uses outlineVariant color","test/src/ui/widgets/common/minglit_empty_state_test.dart","2026-05-24","passed","2026-05-24","","MinglitEmptyState - card variant","",""
"","249","locked ticket → opacity + ""성비 조절 중"" badge","test/integration/flow_ticket_application_test.dart","2026-05-24","passed","2026-05-24","","TicketSelectionSheet","",""
"","2","creates from JSON with visibility = null","test/src/data/models/event_test.dart","2026-05-24","passed","2026-05-24","","Event","",""
"","174","드롭다운 탭 시 이벤트 목록 바텀시트 표시","test/src/features/home/widgets/event_now_multi_stack_test.dart","2026-05-24","passed","2026-05-24","","EventNowMultiStack — 위젯","",""
"","8","restoreVerification error sets AsyncError","test/src/features/verification/verification_manage_controller_test.dart","2026-05-24","passed","2026-05-24","","VerificationManageController","",""
"","6","throws on error","test/src/data/repositories/party_repository_test.dart","2026-05-24","passed","2026-05-24","updateParty","PartyRepository","",""
"","14","returns candidates from repository","test/src/features/event/matching/matching_vote_controller_test.dart","2026-05-24","passed","2026-05-24","","matchCandidates","",""
"","7","female gender only","test/src/data/models/event_test.dart","2026-05-24","passed","2026-05-24","","Event conditionSummaries","",""
"","51","first page content is visible on initial render","test/src/features/onboarding/partner_welcome_page_test.dart","2026-05-24","passed","2026-05-24","","PartnerWelcomePage","",""
"","54","calls partner-manage-verification EF and returns result","test/src/data/repositories/verification_command_repository_test.dart","2026-05-24","passed","2026-05-24","createVerification","VerificationRepository (command)","",""
"","54","disableAnimations false→true stops pulsing (didChangeDependencies)","test/src/common/widgets/minglit_timeline_test.dart","2026-05-24","passed","2026-05-24","","MinglitTimeline","",""
"","2","treats missing success key as false","test/src/features/iamport/data/model/iamport_result_model_test.dart","2026-05-24","passed","2026-05-24","fromMap","IamportResultModel","",""
"","27","creates from JSON","test/src/data/models/verification_test.dart","2026-05-24","passed","2026-05-24","","VerificationFormField","",""
"","2","ExploreFilters default has eligibilityEnabled false","test/src/logic/feed_state_provider_test.dart","2026-05-24","passed","2026-05-24","","ActiveFilters dev-env regression (Fix #1634)","",""
"","826","Partner login screen renders","test/widget_test.dart","2026-05-24","passed","2026-05-24","","","",""
"","5","free ticket without eventStartTime calls showMissingInfo","test/src/features/payment/logic/purchase_history_controller_test.dart","2026-05-24","passed","2026-05-24","","PurchaseHistoryController.runRefundFlow","",""
"","4","returns null if Edge Function throws an exception","test/src/features/ticket/data/ticket_token_service_test.dart","2026-05-24","passed","2026-05-24","","TicketTokenService","",""
"","3008","검증 실패 — verifyAndCheckin false 반환 시 invalid 상태 전환","test/src/features/checkin/checkin_controller_test.dart","2026-05-24","passed","2026-05-24","processQR","CheckinController","",""
"","28","dark mode selected bg equals colorScheme.onSurface","test/src/ui/widgets/common/minglit_filter_chip_test.dart","2026-05-24","passed","2026-05-24","","MinglitFilterChip","",""
"","3","returns true when partner has at least one event","test/src/data/repositories/event_repository_queries_test.dart","2026-05-24","passed","2026-05-24","getHasAnyEvents","EventRepository Queries","",""
"","4","returns ongoing-status event with past start_time in feed (regression for #1941)","test/src/data/repositories/event_repository_queries_test.dart","2026-05-24","passed","2026-05-24","getEventsByType","EventRepository Queries","",""
"","26","custom label overrides default","test/src/ui/widgets/common/minglit_dday_chip_test.dart","2026-05-24","passed","2026-05-24","","MinglitDDayChip","",""
"","3","throws on network error","test/src/data/repositories/verification_command_repository_test.dart","2026-05-24","passed","2026-05-24","deleteVerification","VerificationRepository (command)","",""
"","140","shows relative refund date in trailing","test/src/features/party/event/detail/event_application_list_page_test.dart","2026-05-24","passed","2026-05-24","","환불 tab","",""
"","69","Ended: completed event shows privacy lock state","test/src/features/event/matching/event_matching_screen_test.dart","2026-05-24","passed","2026-05-24","","","",""
"","4","throws on network error","test/src/data/repositories/verification_command_repository_test.dart","2026-05-24","passed","2026-05-24","reviewRequest","VerificationRepository (command)","",""
"","45","비로그인: /events/:id/apply 접근 시 LoginPage로 리다이렉트","test/integration/auth_redirect_test.dart","2026-05-24","passed","2026-05-24","","Auth Redirect Flow","",""
"","47","shows warning icon when events exist","test/src/features/home/widgets/closing_soon_events_card_test.dart","2026-05-24","passed","2026-05-24","","ClosingSoonEventsCard","",""
"","186","Fix #1929: blockedPartnersProvider invalidated after unblock","test/src/features/settings/blocked_partners_page_test.dart","2026-05-24","passed","2026-05-24","","BlockedPartnersPage","",""
"","593","renders with label and color","test/src/ui/widgets/common/minglit_tag_test.dart","2026-05-24","passed","2026-05-24","","MinglitTag","",""
"","4","25F — eligible for open event only (gender mismatch on male-only)","test/src/features/explore/logic/eligibility_filter_test.dart","2026-05-24","passed","2026-05-24","","persona matrix","",""
"","2","parses DateTime fields","test/src/features/settlement/settlement_models_test.dart","2026-05-24","passed","2026-05-24","","SettlementItem.fromJson","",""
"","6","pre-fills empty lists when party has no entry groups or tickets","test/src/features/party/create/party_create_wizard_controller_test.dart","2026-05-24","passed","2026-05-24","loadForEdit","PartyCreateWizardController","",""
"","2","hold label is 보류","test/src/features/settlement/widgets/settlement_status_badge_test.dart","2026-05-24","passed","2026-05-24","","SettlementStatus.label","",""
"","3","enforces minimum = 1 when no confirmed participants","test/src/features/party/event/edit/event_edit_controller_test.dart","2026-05-24","passed","2026-05-24","updateMaxParticipants","EventEditController","",""
"","6","policy fetch failure uses fallback — outside grace and cutoff calls showNotEligible","test/src/features/payment/logic/purchase_history_controller_test.dart","2026-05-24","passed","2026-05-24","","PurchaseHistoryController.runRefundFlow","",""
"","18","getTicket returns token when exists","test/src/features/ticket/data/ticket_wallet_repository_test.dart","2026-05-24","passed","2026-05-24","","TicketWalletRepository","",""
"","5","redirects to / when no from param","test/src/routing/app_router_redirect_test.dart","2026-05-24","passed","2026-05-24","","/login — already authenticated","",""
"","23","returns cached token if in wallet and not expired","test/src/features/ticket/data/ticket_token_service_test.dart","2026-05-24","passed","2026-05-24","","TicketTokenService","",""
"","388","동의 정보 로드 실패 시 에러 메시지가 표시된다","test/src/features/settings/privacy_page_test.dart","2026-05-24","passed","2026-05-24","","","",""
"","82","creates from provider with GoRouter","test/src/features/search/logic/search_coordinator_test.dart","2026-05-24","passed","2026-05-24","","SearchCoordinator","",""
"","4","returns rule when found","test/src/data/repositories/recurrence_rule_repository_test.dart","2026-05-24","passed","2026-05-24","getById","RecurrenceRuleRepository","",""
"","5","returns null when no tickets exist","test/src/features/event/admission/ticket_recommendation_util_test.dart","2026-05-24","passed","2026-05-24","","TicketRecommendationUtil","",""
"","3","Fix #1926: parses financial fields when Supabase returns them as double","test/src/data/models/settlement_item_detail_test.dart","2026-05-24","passed","2026-05-24","","SettlementItemDetail.fromJson","",""
"","56","취소 상태면 이벤트 정보 카드에 취소됨 레이블이 표시된다","test/src/features/party/event/detail/event_detail_page_smoke_test.dart","2026-05-24","passed","2026-05-24","","EventDetailPage (Fix #2109)","",""
"","6","matching when checked-in + ongoing + voteCount > 0","test/src/features/tickets/logic/active_event_banners_provider_test.dart","2026-05-24","passed","2026-05-24","","activeEventBannersProvider","",""
"","9","throws AuthException when webClientId is empty string","test/src/data/repositories/auth_repository_test.dart","2026-05-24","passed","2026-05-24","signInWithGoogle (mobile path)","AuthRepository","",""
"","343","pushes PartyEntryGroupManagementScreen — not a toast","test/src/features/party/detail/party_entry_group_coordinator_test.dart","2026-05-24","passed","2026-05-24","","PartyDetailCoordinator.openEntryGroupManagement","",""
"","110","calls onTap when tapped","test/src/ui/widgets/common/minglit_content_card_test.dart","2026-05-24","passed","2026-05-24","","MinglitContentCard","",""
"","17","build error field is set when getMyPurchaseHistory throws","test/src/features/payment/logic/purchase_history_controller_test.dart","2026-05-24","passed","2026-05-24","","PurchaseHistoryController — error paths (Fix #1287)","",""
"","26","does not render subtitle when null","test/src/ui/widgets/common/minglit_error_state_test.dart","2026-05-24","passed","2026-05-24","","MinglitErrorState","",""
"","583","알림 tap → markAsRead + deep_link로 이동","test/integration/flow_notification_routing_test.dart","2026-05-24","passed","2026-05-24","","알림 플로우","",""
"","155","pendingPayment when application status is pending","test/src/features/event/admission/admission_state_edge_cases_test.dart","2026-05-24","passed","2026-05-24","","EventAdmissionController - edge cases","",""
"","422","switching to monthly shows month-day dropdown","test/src/features/party/ui/recurrence_settings_section_test.dart","2026-05-24","passed","2026-05-24","","RecurrenceSettingsSection","",""
"","18","goToMemberPermission calls router.push with IDs","test/src/features/member/member_coordinator_test.dart","2026-05-24","passed","2026-05-24","","MemberCoordinator","",""
"","51","(setUpAll)","test/integration/flow_search_test.dart","2026-05-24","passed","2026-05-24","","","",""
"","7","elevatedButton uses partner dark primary","test/src/theme/minglit_theme_test.dart","2026-05-24","passed","2026-05-24","","partnerThemeDark","",""
"","2","effectiveImageUrls returns empty when no images anywhere","test/src/data/models/event_test.dart","2026-05-24","passed","2026-05-24","","Event","",""
"","3","clearTags가 모든 태그를 제거한다","test/src/features/party/create/widgets/tag_selection_section_test.dart","2026-05-24","passed","2026-05-24","","TagSelectionController","",""
"","18","rethrows non-TypeError/FormatException errors","test/src/data/repositories/verification_query_repository_test.dart","2026-05-24","passed","2026-05-24","getVerificationsByIds","VerificationRepository","",""
"","18","비-Supabase URL → 변경 없음","test/utils/supabase_image_url_test.dart","2026-05-24","passed","2026-05-24","","supabaseImageUrl","",""
"","2","returns false when user not authenticated","test/src/data/repositories/social_repository_test.dart","2026-05-24","passed","2026-05-24","getInteractionState","SocialRepository","",""
"","129","권한 로딩 → true로 resolve: refreshListenable 재평가 (홈에서 /settlement 재진입은 유저 액션 필요)","test/src/routing/settlement_route_guard_test.dart","2026-05-24","passed","2026-05-24","","Settlement route guard — redirect branch 4 (Fix #1533)","",""
"","2","returns empty list when enabled but no days selected","test/src/features/party/logic/recurrence_settings_controller_test.dart","2026-05-24","passed","2026-05-24","previewDates","RecurrenceSettingsController","",""
"","4","pushPurchaseHistory calls router.push","test/src/features/home/logic/home_coordinator_test.dart","2026-05-24","passed","2026-05-24","","HomeCoordinator","",""
"","28","displays title when provided","test/src/ui/widgets/common/minglit_bottom_sheet_test.dart","2026-05-24","passed","2026-05-24","","MinglitBottomSheet","",""
"","2","event.status==active (isCheckInWindow) returns checkInReady","test/src/features/tickets/event_lifecycle_phase_resolver_test.dart","2026-05-24","passed","2026-05-24","","","",""
"","76","selectedIndex reflects currentIndex 4 (더보기)","test/src/ui/shell/partner_scaffold_test.dart","2026-05-24","passed","2026-05-24","","PartnerScaffold bottom navigation — owner (settlement access)","",""
"","93","tapping FAILED chip calls onStatusChanged with FAILED","test/src/features/settlement/widgets/status_filter_chips_test.dart","2026-05-24","passed","2026-05-24","","StatusFilterChips widget","",""
"","7","toggle passes explicit active intent to repository","test/src/features/social/logic/social_interaction_controller_test.dart","2026-05-24","passed","2026-05-24","","SocialInteractionController","",""
"","12","empty query clears results without API call","test/src/features/search/logic/location_search_controller_test.dart","2026-05-24","passed","2026-05-24","","LocationSearchController","",""
"","37","renders net amount with comma formatting","test/src/features/settlement/widgets/settlement_card_test.dart","2026-05-24","passed","2026-05-24","","SettlementCard widget","",""
"","3","returns false for cancelled application","test/src/data/repositories/event_repository_queries_test.dart","2026-05-24","passed","2026-05-24","checkApplicationStatus","EventRepository Queries","",""
"","114","shows cancelled applications in 환불 tab","test/src/features/party/event/detail/event_application_list_page_test.dart","2026-05-24","passed","2026-05-24","","환불 tab","",""
"","3","two models with different values are not equal","test/src/features/iamport/data/model/iamport_result_model_test.dart","2026-05-24","passed","2026-05-24","equality","IamportResultModel","",""
"","55","on failure calls retryPayout exactly once","test/src/features/settlement/settlement_coordinator_retry_test.dart","2026-05-24","passed","2026-05-24","","SettlementCoordinator.retryPayout","",""
"","45","shows success snackbar after successful save","test/src/features/party/detail/party_detail_coordinator_entry_group_test.dart","2026-05-24","passed","2026-05-24","","updatePartyCapacityAndContact","",""
"","650","레이블과 체크인 숫자 표시","test/src/features/checkin/widgets/entry_group_row_test.dart","2026-05-24","passed","2026-05-24","","EntryGroupRow","",""
"","4","returns empty list when no rules","test/src/data/repositories/matching_repository_test.dart","2026-05-24","passed","2026-05-24","getMatchRules","MatchingRepository","",""
"","17","pushEventDetail calls router.push with event ID","test/src/features/ticket/logic/ticket_coordinator_test.dart","2026-05-24","passed","2026-05-24","","TicketCoordinator","",""
"","4","grace period: paidAt exactly at boundary (2h ago) → refundable","test/src/features/payment/logic/purchase_history_controller_test.dart","2026-05-24","passed","2026-05-24","","PurchaseHistoryController.calculateRefund — boundary cases","",""
"","5","State is eligible when all conditions match","test/src/features/event/admission/event_admission_controller_test.dart","2026-05-24","passed","2026-05-24","","EventAdmissionController","",""
"","28","custom label is used for Semantics label override","test/src/ui/widgets/common/minglit_dday_chip_test.dart","2026-05-24","passed","2026-05-24","","MinglitDDayChip","",""
"","424","루트 /my 에서 뒤로가면 홈으로 이동한다","test/integration/home_navigation_test.dart","2026-05-24","passed","2026-05-24","","Home Navigation Flow","",""
"","4","returns pending count from event_applications","test/src/data/repositories/event_repository_queries_test.dart","2026-05-24","passed","2026-05-24","getPendingApplicationCount","EventRepository Queries","",""
"","4","returns empty list when no partners","test/src/data/repositories/partner_repository_test.dart","2026-05-24","passed","2026-05-24","getPartners","PartnerRepository","",""
"","32","확장자 없는 파일명은 JPEG로 재인코딩한다","test/src/utils/image_utils_test.dart","2026-05-24","passed","2026-05-24","","stripExifAndReencode","",""
"","3","equality works","test/src/data/models/party_entry_group_test.dart","2026-05-24","passed","2026-05-24","","EntryGroupTemplate","",""
"","3","returns false for rejected application","test/src/data/repositories/event_repository_queries_test.dart","2026-05-24","passed","2026-05-24","checkApplicationStatus","EventRepository Queries","",""
"","5","toDbJson removes id and created_at","test/src/data/models/verification_test.dart","2026-05-24","passed","2026-05-24","","Verification","",""
"","18","build fetches history when user is logged in","test/src/features/payment/logic/purchase_history_controller_test.dart","2026-05-24","passed","2026-05-24","","PurchaseHistoryController","",""
"","3","pushBlockedPartners calls router.push","test/src/features/home/logic/home_coordinator_test.dart","2026-05-24","passed","2026-05-24","","HomeCoordinator","",""
"","24","renders 심사중 for pending_review status","test/src/common/widgets/status_badge_test.dart","2026-05-24","passed","2026-05-24","","StatusBadge","",""
"","4","pushPartnerEvents calls router.push with partnerId","test/src/features/home/logic/home_coordinator_test.dart","2026-05-24","passed","2026-05-24","","HomeCoordinator","",""
"","63","비로그인 /my → /login?from=/my","test/integration/flow_notification_routing_test.dart","2026-05-24","passed","2026-05-24","","보호된 경로 리다이렉트","",""
"","4","throws on EF error","test/src/data/repositories/recurrence_rule_repository_test.dart","2026-05-24","passed","2026-05-24","pause","RecurrenceRuleRepository","",""
"","4","from이 /tickets/my이면 go(/)한 뒤 push(/tickets/my)한다","test/src/features/consent/logic/consent_coordinator_test.dart","2026-05-24","passed","2026-05-24","","completeSignup — 목적지로 이동 (back stack 보존)","",""
"","793","groupId가 null이면 모든 신청이 표시된다","test/src/features/party/event/widgets/event_application_list_view_test.dart","2026-05-24","passed","2026-05-24","","EventApplicationListView groupId 필터 (Fix #2224)","",""
"","4","includes optional parameters when provided","test/src/data/repositories/bug_report_repository_test.dart","2026-05-24","passed","2026-05-24","reportBug","BugReportRepository","",""
"","3","throws on EF error","test/src/data/repositories/notification_repository_test.dart","2026-05-24","passed","2026-05-24","updateSettings","NotificationRepository","",""
"","587","renders with required params only","test/src/ui/widgets/common/minglit_empty_state_test.dart","2026-05-24","passed","2026-05-24","","MinglitEmptyState","",""
"","3","handles mixed null and non-null nullable fields","test/src/data/models/verification_test.dart","2026-05-24","passed","2026-05-24","","Verification","",""
"","3","returns revenue stats","test/src/data/repositories/partner_repository_test.dart","2026-05-24","passed","2026-05-24","getPartnerRevenueStats","PartnerRepository","",""
"","5","does NOT call recurrenceRuleRepository.create() when isEnabled is false","test/src/features/party/event/create/event_create_controller_recurrence_test.dart","2026-05-24","passed","2026-05-24","","EventCreateController.submit — recurrence disabled","",""
"","5","invokes EF with update_settings action","test/src/data/repositories/notification_repository_test.dart","2026-05-24","passed","2026-05-24","updateSettings","NotificationRepository","",""
"","10","returns list of applications","test/src/data/repositories/partner_application_repository_test.dart","2026-05-24","passed","2026-05-24","getAllApplications","PartnerApplicationRepository","",""
"","2","equality works with same values","test/src/data/models/ticket_token_test.dart","2026-05-24","passed","2026-05-24","","TicketToken","",""
"","3","throws on error","test/src/data/repositories/party_repository_test.dart","2026-05-24","passed","2026-05-24","updateEvent","PartyRepository (events)","",""
"","299","검색 결과 없음 → 결과 없음 메시지 표시","test/integration/flow_search_test.dart","2026-05-24","passed","2026-05-24","","SearchPage","",""
"","37","applies normal font weight when bold is false","test/src/ui/widgets/common/minglit_key_value_row_test.dart","2026-05-24","passed","2026-05-24","","MinglitKeyValueRow","",""
"","49","renders custom title","test/src/ui/widgets/common/minglit_error_state_test.dart","2026-05-24","passed","2026-05-24","","MinglitErrorState","",""
"","22","does not render subtitle when null","test/src/ui/widgets/common/minglit_empty_state_test.dart","2026-05-24","passed","2026-05-24","","MinglitEmptyState","",""
"","5","updateAddressDetail updates state","test/src/features/party/create/party_create_wizard_controller_test.dart","2026-05-24","passed","2026-05-24","step 2: location","PartyCreateWizardController","",""
"","4","parses all interaction types","test/src/data/models/social_interaction_test.dart","2026-05-24","passed","2026-05-24","","SocialInteraction","",""
"","122","returns party when found","test/src/features/party/detail/party_detail_controller_test.dart","2026-05-24","passed","2026-05-24","","partyDetail","",""
"","7","user cancels at confirmation does not call cancelOrder","test/src/features/payment/logic/purchase_history_controller_test.dart","2026-05-24","passed","2026-05-24","","PurchaseHistoryController.runRefundFlow","",""
"","141","returns parties for first managed partner","test/src/features/party/list/party_list_controller_test.dart","2026-05-24","passed","2026-05-24","","partyList","",""
"","27","renders 결제실패 for payment_failed status","test/src/common/widgets/status_badge_test.dart","2026-05-24","passed","2026-05-24","","StatusBadge","",""
"","326","rejected → ""심사 반려 (사유 확인)"" (destructive)","test/integration/flow_admission_status_test.dart","2026-05-24","passed","2026-05-24","","AdmissionStatus 버튼 렌더링 (8가지 상태)","",""
"","5","unverified user gets identityRequired even when getApprovedVerificationIds throws","test/src/features/event/admission/event_admission_controller_test.dart","2026-05-24","passed","2026-05-24","","EventAdmissionController — error paths (Fix #1287)","",""
"","34","uses OutlineInputBorder with rounded corners","test/src/ui/widgets/common/minglit_text_field_test.dart","2026-05-24","passed","2026-05-24","","MinglitTextField","",""
"","115","shows pending message when state is pendingReview","test/src/features/onboarding/partner_apply_status_page_test.dart","2026-05-24","passed","2026-05-24","","PartnerApplyStatusPage","",""
"","2","기존 쿼리 문자열 → 병합 (기존 키 보존)","test/utils/supabase_image_url_test.dart","2026-05-24","passed","2026-05-24","","supabaseImageUrl","",""
"","27","selected chip exposes label, button role, tap action, and selected=true","test/src/ui/widgets/common/minglit_filter_chip_test.dart","2026-05-24","passed","2026-05-24","Semantics","MinglitFilterChip","",""
"","3","throws on EF error","test/src/data/repositories/social_repository_test.dart","2026-05-24","passed","2026-05-24","blockPartner","SocialRepository","",""
"","8","returns application when found","test/src/data/repositories/event_repository_queries_test.dart","2026-05-24","passed","2026-05-24","getApplication","EventRepository Queries","",""
"","6","returns purchase history for user","test/src/data/repositories/event_repository_queries_test.dart","2026-05-24","passed","2026-05-24","getMyPurchaseHistory","EventRepository Queries","",""
"","43","creates from JSON with all fields","test/src/data/models/party_test.dart","2026-05-24","passed","2026-05-24","","Location","",""
"","96","WAITING: 시작 3시간 전 ~ 시작 시간 전","test/src/features/home/logic/event_now_bar_state_provider_test.dart","2026-05-24","passed","2026-05-24","","eventNowBarStateProvider — 6-state 상태 머신","",""
"","141","hasPartner: /apply 접근 시 홈(PartnerHomePage)으로 리다이렉트","test/integration/partner_redirect_test.dart","2026-05-24","passed","2026-05-24","","Partner Redirect Flow","",""
"","4","invokes EF with report action and reason","test/src/data/repositories/social_repository_test.dart","2026-05-24","passed","2026-05-24","reportPartner","SocialRepository","",""
"","59","returns location when id provided","test/src/features/party/detail/party_detail_controller_test.dart","2026-05-24","passed","2026-05-24","","locationDetail","",""
"","2","removes an existing day","test/src/features/party/logic/recurrence_settings_controller_test.dart","2026-05-24","passed","2026-05-24","toggleDay","RecurrenceSettingsController","",""
"","13","returns match rules for event","test/src/features/party/matching/matching_controller_test.dart","2026-05-24","passed","2026-05-24","","eventMatchRules","",""
"","5","maps entry group templates to instances","test/src/features/party/event/create/event_create_controller_test.dart","2026-05-24","passed","2026-05-24","initWithParty","EventCreateController","",""
"","60","긴 이벤트명 (50자+) — 크래시 없고 말줄임 적용","test/src/features/ticket/ui/boarding_pass_card_test.dart","2026-05-24","passed","2026-05-24","","BoardingPassCard","",""
"","49","정상 → SwitchListTile 2개 (서비스/마케팅)","test/integration/flow_my_page_test.dart","2026-05-24","passed","2026-05-24","","NotificationSettingsScreen","",""
"","83","wraps content in RefreshIndicator for pull-to-refresh","test/src/features/home/home_page_test.dart","2026-05-24","passed","2026-05-24","","HomePage","",""
"","104","renders notification bell icon","test/src/features/home/home_page_app_bar_test.dart","2026-05-24","passed","2026-05-24","when user is logged in with avatar","HomePage AppBar - Auth-aware widgets","",""
"","30","inline variant renders with no icon","test/src/ui/widgets/common/minglit_error_state_test.dart","2026-05-24","passed","2026-05-24","","MinglitErrorState","",""
"","15","transitions to AsyncError on failure","test/src/features/event/matching/logic/commit_match_likes_controller_test.dart","2026-05-24","passed","2026-05-24","commit","CommitMatchLikesController","",""
"","7","throws MinglitUserException on non-200 response","test/src/data/repositories/matching_repository_test.dart","2026-05-24","passed","2026-05-24","castVote","MatchingRepository","",""
"","79","dark mode uses correct brightness","test/src/common/widgets/status_badge_test.dart","2026-05-24","passed","2026-05-24","","StatusBadge — dark mode","",""
"","27","오늘 이벤트 (startTime이 오늘) → BOARDING","test/src/features/ticket/logic/boarding_pass_status_test.dart","2026-05-24","passed","2026-05-24","","boardingPassStatus","",""
"","98","step 0에서 ""다음"" 버튼이 표시된다","test/src/features/onboarding/ui/partner_apply_smoke_test.dart","2026-05-24","passed","2026-05-24","","PartnerApplyPage smoke","",""
"","65","initial state is AsyncData(void)","test/src/features/auth/logic/auth_controller_test.dart","2026-05-24","passed","2026-05-24","","AuthController","",""
"","2","tracks eligibility filter","test/src/features/explore/providers/explore_filter_integration_test.dart","2026-05-24","passed","2026-05-24","","ExploreFilters","",""
"","3","effectiveImageUrls returns event images when present","test/src/data/models/event_test.dart","2026-05-24","passed","2026-05-24","","Event","",""
"","3","returns EventApplication when found","test/src/data/repositories/event_repository_queries_test.dart","2026-05-24","passed","2026-05-24","getApplicationById","EventRepository Queries","",""
"","694","partnerContact is masked — raw phone not shown","test/src/common/widgets/match_results_content_test.dart","2026-05-24","passed","2026-05-24","","MatchResultsContent — phone masking (Fix #1925)","",""
"","13","returns profile from UserRepository when user is logged in","test/src/logic/providers/current_user_profile_provider_test.dart","2026-05-24","passed","2026-05-24","","currentUserProfileProvider","",""
"","68","Fix #1382: skeleton card uses 2:1 aspect ratio","test/ui/widgets/party/event_card_ratio_test.dart","2026-05-24","passed","2026-05-24","","","",""
"","130","does not render notification bell icon","test/src/features/home/home_page_app_bar_test.dart","2026-05-24","passed","2026-05-24","when user is not logged in","HomePage AppBar - Auth-aware widgets","",""
"","63","returns list of events when repository returns data","test/src/logic/providers/event_feed_provider_test.dart","2026-05-24","passed","2026-05-24","","fetchEventFeedProvider","",""
"","20","변경 수신: Postgres callback 실행 → todayActiveEventsProvider 갱신","test/src/features/home/logic/event_realtime_provider_test.dart","2026-05-24","passed","2026-05-24","","eventRealtimeProvider","",""
"","6","/apply suffix route is registered","test/src/routing/app_routes_snapshot_test.dart","2026-05-24","passed","2026-05-24","","app_user route path snapshot","",""
"","24","total=0 renders empty without crash","test/src/common/widgets/minglit_capacity_bar_test.dart","2026-05-24","passed","2026-05-24","","MinglitCapacityBar","",""
"","51","draft 상태 탭 시 onStatusSelected 호출","test/src/features/party/widgets/party_status_edit_sheet_test.dart","2026-05-24","passed","2026-05-24","","PartyStatusEditSheet — 상태 선택","",""
"","269","default flags call uploadBytes and reportBug","test/src/data/services/bug_report_collector_test.dart","2026-05-24","passed","2026-05-24","","BugReportCollector.submitReport flag routing","",""
"","57","loadDashboardData sets empty state when partner is null","test/src/features/home/partner_dashboard_controller_test.dart","2026-05-24","passed","2026-05-24","","PartnerDashboardController","",""
"","3","goToPurchaseHistory calls router.go","test/src/features/home/logic/home_coordinator_test.dart","2026-05-24","passed","2026-05-24","","HomeCoordinator","",""
"","3","filters to start_time >= now with no upper-date bound","test/src/data/repositories/event_repository_queries_test.dart","2026-05-24","passed","2026-05-24","getPartnerFutureEvents","EventRepository Queries","",""
"","100","로딩 인디케이터가 표시된 후 동의 현황이 보인다","test/src/features/settings/privacy_page_test.dart","2026-05-24","passed","2026-05-24","","","",""
"","3","toDbJson removes id and timestamps","test/src/data/models/party_test.dart","2026-05-24","passed","2026-05-24","","Location","",""
"","6","from이 /my이면 go(/)한 뒤 push(/my)한다","test/src/features/consent/logic/consent_coordinator_test.dart","2026-05-24","passed","2026-05-24","","completeSignup — 목적지로 이동 (back stack 보존)","",""
"","142","shows paid applications in 승인됨 tab","test/src/features/party/event/detail/event_application_list_page_test.dart","2026-05-24","passed","2026-05-24","","승인됨 tab","",""
"","2","parses string map with success=false","test/src/features/iamport/data/model/iamport_result_model_test.dart","2026-05-24","passed","2026-05-24","fromMap","IamportResultModel","",""
"","9","submit with editingPartyId set does NOT call getMyManagedPartners","test/src/features/party/create/party_create_wizard_edit_submit_test.dart","2026-05-24","passed","2026-05-24","","_submitEdit routing gate","",""
"","47","delete account tile invokes onDeleteAccount directly","test/ui/pages/account_management_page_test.dart","2026-05-24","passed","2026-05-24","","AccountManagementPage","",""
"","82","on success shows success snackbar","test/src/features/settlement/settlement_coordinator_retry_test.dart","2026-05-24","passed","2026-05-24","","SettlementCoordinator.retryPayout","",""
"","69","Fix #1950: WeeklyStatsRow is not rendered on PartnerHomePage","test/src/features/home/partner_home_page_test.dart","2026-05-24","passed","2026-05-24","","PartnerHomePage","",""
"","1107","초기 상태에서 7개 항목이 보이고 CTA는 비활성화된다","test/src/features/consent/ui/signup_consent_page_test.dart","2026-05-24","passed","2026-05-24","","","",""
"","3","returns recommendations from RPC","test/src/data/repositories/event_repository_queries_test.dart","2026-05-24","passed","2026-05-24","getPersonalizedRecommendations","EventRepository Queries","",""
"","21","rethrows on non-PGRST116 database error","test/src/data/repositories/user_repository_test.dart","2026-05-24","passed","2026-05-24","getUserProfile","SupabaseUserRepository","",""
"","42","Partner login screen shows partner slogan","test/widget_test.dart","2026-05-24","passed","2026-05-24","","","",""
"","1279","network failure shows error body and stops loading","test/src/features/settings/blocked_partners_page_test.dart","2026-05-24","passed","2026-05-24","","BlockedPartnersPage","",""
"","54","비로그인: /purchase-history 접근 시 LoginPage로 리다이렉트","test/integration/auth_redirect_test.dart","2026-05-24","passed","2026-05-24","","Auth Redirect Flow","",""
"","5","outlinedButton uses partner primary","test/src/theme/minglit_theme_test.dart","2026-05-24","passed","2026-05-24","","partnerTheme","",""
"","25","applies custom titleStyle","test/src/ui/widgets/common/minglit_section_test.dart","2026-05-24","passed","2026-05-24","","MinglitSection","",""
"","5","succeeds with 200 response","test/src/data/repositories/event_repository_commands_test.dart","2026-05-24","passed","2026-05-24","","EventRepository.cancelPayment","",""
"","4","hasPartner is a valid enum value","test/src/features/onboarding/onboarding_state_provider_test.dart","2026-05-24","passed","2026-05-24","","OnboardingState","",""
"","591","shows zero state when count is 0","test/src/features/home/widgets/pending_applicants_badge_card_test.dart","2026-05-24","passed","2026-05-24","","PendingApplicantsBadgeCard","",""
"","79","로그인 상태: 검색 버튼 tooltip이 존재한다","test/src/features/home/home_page_app_bar_test.dart","2026-05-24","passed","2026-05-24","Search button navigation — #2339 regression guard","HomePage AppBar - Auth-aware widgets","",""
"","7","completes without error","test/src/data/repositories/location_repository_test.dart","2026-05-24","passed","2026-05-24","updateLocationDetails","LocationRepository","",""
"","2","settlement period fields are included when non-null","test/src/features/settlement/widgets/download_bottom_sheet_test.dart","2026-05-24","passed","2026-05-24","","buildCsv","",""
"","3","completed label is 지급 완료","test/src/features/settlement/widgets/settlement_status_badge_test.dart","2026-05-24","passed","2026-05-24","","SettlementStatus.label","",""
"","4","maps HOLD correctly","test/src/features/settlement/widgets/settlement_status_badge_test.dart","2026-05-24","passed","2026-05-24","","SettlementStatus.fromString","",""
"","47","today state shows amber border","test/src/ui/widgets/party/event_card_state_test.dart","2026-05-24","passed","2026-05-24","","EventCard state visualization","",""
"","4","canCancel returns false when isRefundReady is false (null paymentId)","test/src/features/payment/logic/purchase_history_controller_test.dart","2026-05-24","passed","2026-05-24","","PurchaseHistoryController — error paths (Fix #1287)","",""
"","128","모집 인원 / 문의 연락처 라벨, PartyCapacityInput, PartyContactInput 표시됨","test/src/features/party/create/steps/step3_capacity_contact_test.dart","2026-05-24","passed","2026-05-24","","Step3CapacityContact","",""
"","3","JSON contains expected keys","test/src/data/models/ticket_token_test.dart","2026-05-24","passed","2026-05-24","","TicketToken","",""
"","4","rethrows when supabase signOut fails","test/src/data/repositories/auth_repository_test.dart","2026-05-24","passed","2026-05-24","signOut","AuthRepository","",""
"","5","throws MinglitUserException on non-200 response","test/src/data/repositories/matching_repository_test.dart","2026-05-24","passed","2026-05-24","commitMatchLikes","MatchingRepository","",""
"","21","inline named constructor sets inline variant","test/src/ui/widgets/common/minglit_empty_state_test.dart","2026-05-24","passed","2026-05-24","","MinglitEmptyState - inline variant","",""
"","72","tapping notification tile opens notification settings","test/src/features/permission/app_permission_settings_screen_test.dart","2026-05-24","passed","2026-05-24","","AppPermissionSettingsScreen","",""
"","57","이벤트 정보 카드와 액션 버튼들이 표시된다","test/src/features/party/event/detail/event_detail_page_smoke_test.dart","2026-05-24","passed","2026-05-24","","EventDetailPage (Fix #2109)","",""
"","102","calls repository signInWithKakao","test/src/data/repositories/auth_repository_test.dart","2026-05-24","passed","2026-05-24","","AuthController.signInWithKakao","",""
"","2","/ returns null","test/src/routing/app_router_redirect_test.dart","2026-05-24","passed","2026-05-24","","public paths — no redirect","",""
"","126","returns event when repository succeeds","test/src/features/event/logic/event_detail_controller_test.dart","2026-05-24","passed","2026-05-24","","EventDetailController","",""
"","3","canCancel returns false when event started in the past (hours ago)","test/src/features/payment/logic/purchase_history_controller_test.dart","2026-05-24","passed","2026-05-24","","PurchaseHistoryController.canCancel — Fix #1235","",""
"","66","renders placeholder with fixed height when imageUrls is empty","test/ui/widgets/common/minglit_image_carousel_test.dart","2026-05-24","passed","2026-05-24","","MinglitImageCarousel Widget Tests","",""
"","3","born in 1990","test/src/utils/age_util_test.dart","2026-05-24","passed","2026-05-24","calculateKoreanAge","AgeUtil","",""
"","38","eventRealtimeProvider is watched when active event shown","test/src/features/home/widgets/event_now_bar_test.dart","2026-05-24","passed","2026-05-24","","EventNowBar","",""
"","13","submitApplication succeeds for free ticket","test/src/features/event/admission/event_application_controller_test.dart","2026-05-24","passed","2026-05-24","","EventApplicationController","",""
"","40","creates from JSON with all fields","test/src/data/models/user_profile_test.dart","2026-05-24","passed","2026-05-24","","UserProfile","",""
"","227","""이전"" button appears after moving to step 1","test/src/features/onboarding/partner_apply_page_test.dart","2026-05-24","passed","2026-05-24","","PartnerApplyPage","",""
"","2","wraps generic error into MinglitSystemException","test/src/utils/exceptions_test.dart","2026-05-24","passed","2026-05-24","","MinglitException.from","",""
"","3","creates without optional createdAt","test/src/data/models/social_interaction_test.dart","2026-05-24","passed","2026-05-24","","SocialInteraction","",""
"","4","returns list of events for today","test/src/data/repositories/event_repository_queries_test.dart","2026-05-24","passed","2026-05-24","getTodayEvents","EventRepository Queries","",""
"","4","cancel — success transitions state to AsyncData","test/src/features/party/recurrence/recurrence_management_controller_test.dart","2026-05-24","passed","2026-05-24","","RecurrenceManagementController","",""
"","3","calls RPC without error","test/src/data/repositories/tag_repository_test.dart","2026-05-24","passed","2026-05-24","upsertUserInterestTags","TagRepository","",""
"","4","returns null when not found","test/src/data/repositories/event_repository_test.dart","2026-05-24","passed","2026-05-24","getApplication","EventRepository","",""
"","2","handles bool value correctly","test/src/data/models/metadata_key_test.dart","2026-05-24","passed","2026-05-24","","BoolMetaKey.parse","",""
"","19","does not fire more than 10 concurrent getApplicationsByEventId calls","test/src/features/application/ui/event_application_manage_page_test.dart","2026-05-24","passed","2026-05-24","","eventApplicationsGroupedProvider chunk concurrency","",""
"","3","throws on error","test/src/data/repositories/event_repository_queries_test.dart","2026-05-24","passed","2026-05-24","getUpcomingEvents","EventRepository Queries","",""
"","6","submit() with null applicationId sets status to AsyncValue.error instead of silently returning","test/src/features/onboarding/partner_apply_controller_test.dart","2026-05-24","passed","2026-05-24","Regression #1599: saveDraft failure leaves applicationId null and surfaces error","PartnerApplyController","",""
"","72","로그인 상태: 마이페이지 버튼 tooltip이 존재한다","test/src/features/home/home_page_app_bar_test.dart","2026-05-24","passed","2026-05-24","Profile button navigation — #2107 regression guard","HomePage AppBar - Auth-aware widgets","",""
"","5","returns empty list when no verifications","test/src/data/repositories/user_repository_test.dart","2026-05-24","passed","2026-05-24","getApprovedVerificationIds","SupabaseUserRepository","",""
"","5","wraps non-map response in result key","test/src/features/iamport/data/repository/iamport_repository_test.dart","2026-05-24","passed","2026-05-24","verifyCertification","IamportRepository","",""
"","5","pushAccountDeletion calls router.push","test/src/features/more/more_coordinator_test.dart","2026-05-24","passed","2026-05-24","","MoreCoordinator","",""
"","195","파트너 상세 더보기 탭 → PartnerEventsPage로 push 이동","test/integration/flow_event_browse_test.dart","2026-05-24","passed","2026-05-24","","이벤트 탐색 플로우 — 홈→상세→파트너","",""
"","5","nextStep() at last step stays at last step","test/src/features/onboarding/partner_apply_controller_test.dart","2026-05-24","passed","2026-05-24","","PartnerApplyController","",""
"","23","destructive uses colorScheme.error background","test/src/ui/widgets/common/minglit_button_test.dart","2026-05-24","passed","2026-05-24","","MinglitButton","",""
"","4","18F — eligible only for open event","test/src/features/explore/logic/eligibility_filter_test.dart","2026-05-24","passed","2026-05-24","","persona matrix","",""
"","88","비로그인 상태: 검색 버튼 탭 시 /search push","test/src/features/home/home_page_app_bar_test.dart","2026-05-24","passed","2026-05-24","Search button navigation — #2339 regression guard","HomePage AppBar - Auth-aware widgets","",""
"","65","does not crash when updatePartyStatus throws","test/src/features/party/detail/party_detail_coordinator_party_status_test.dart","2026-05-24","passed","2026-05-24","","PartyDetailCoordinator.deactivateParty","",""
"","2","returns preparing when start is 2 hours away","test/src/features/home/widgets/event_action_card_logic_test.dart","2026-05-24","passed","2026-05-24","","getEventPhase","",""
"","100","/dev/switch 라우트: 비로그인 상태에서도 접근 가능","test/integration/edge_cases_test.dart","2026-05-24","passed","2026-05-24","","Edge Cases","",""
"","25","wraps with InkWell when onTap is provided","test/src/ui/widgets/common/minglit_content_card_test.dart","2026-05-24","passed","2026-05-24","","MinglitContentCard","",""
"","4","pushPrivacy calls router.push","test/src/features/home/logic/home_coordinator_test.dart","2026-05-24","passed","2026-05-24","","HomeCoordinator","",""
"","3","eventMeta 없이 호출하면 extra=null로 전달한다","test/src/routing/app_coordinator_test.dart","2026-05-24","passed","2026-05-24","pushTicketQR","AppCoordinator","",""
"","6","resultsViewed for completed event when matchResultsViewedAt set","test/src/features/tickets/logic/active_event_banners_provider_test.dart","2026-05-24","passed","2026-05-24","","activeEventBannersProvider","",""
"","15","creates from JSON with all fields","test/src/data/models/verification_test.dart","2026-05-24","passed","2026-05-24","","Verification","",""
"","69","returns null when id is null","test/src/features/party/detail/party_detail_controller_test.dart","2026-05-24","passed","2026-05-24","","locationDetail","",""
"","158","약관 보기에서 서비스 이용약관 탭 시 바텀시트가 열린다","test/src/features/settings/privacy_page_test.dart","2026-05-24","passed","2026-05-24","","","",""
"","97","eligible → normal style (no custom backgroundColor)","test/integration/flow_admission_status_test.dart","2026-05-24","passed","2026-05-24","","AdmissionStatus 버튼 렌더링 (8가지 상태)","",""
"","3","rethrows when query throws","test/src/data/repositories/event_repository_queries_test.dart","2026-05-24","passed","2026-05-24","getRequestedRefundCountForPartner","EventRepository Queries","",""
"","103","/explore/curation 접근 시 홈으로 리다이렉트","test/integration/edge_cases_test.dart","2026-05-24","passed","2026-05-24","","Edge Cases","",""
"","73","outgoing child has IgnorePointer(ignoring: true) on FIRST frame of tab-switch animation","test/src/ui/shell/partner_scaffold_test.dart","2026-05-24","passed","2026-05-24","","PartnerScaffold — ghost navigation prevention (Fix #1835)","",""
"","4","empty artifact_dir string is normalised to null","test/src/data/services/qa_bug_report_channel_test.dart","2026-05-24","passed","2026-05-24","","QaBugReportChannel","",""
"","6","returns PaidApplyEventResult for paid ticket response","test/src/data/repositories/event_repository_commands_test.dart","2026-05-24","passed","2026-05-24","","EventRepository.applyEvent","",""
"","87","step 4 draft 복원 후 controller state가 currentStep=4다","test/src/features/onboarding/partner_apply_page_test.dart","2026-05-24","passed","2026-05-24","","Fix #2130 — draft restore 후 title/content sync","",""
"","92","overflow: 초기 상태에서 오른쪽 chevron 표시","test/ui/widgets/common/minglit_horizontal_scroll_group_test.dart","2026-05-24","passed","2026-05-24","","MinglitHorizontalScrollGroup","",""
"","807","calls settlementRepository.retryPayout with correct args","test/src/features/settlement/settlement_coordinator_retry_test.dart","2026-05-24","passed","2026-05-24","","SettlementCoordinator.retryPayout","",""
"","91","initializes with default state","test/src/features/party/event/create/event_create_controller_test.dart","2026-05-24","passed","2026-05-24","build","EventCreateController","",""
"","3","creates with master only","test/src/data/models/verification_test.dart","2026-05-24","passed","2026-05-24","","VerificationRequirementStatus","",""
"","115","비로그인: /settlement 접근 시 auth guard가 처리 (settlement guard 개입 안 함)","test/src/routing/settlement_route_guard_test.dart","2026-05-24","passed","2026-05-24","","Settlement route guard — redirect branch 4 (Fix #1533)","",""
"","55","selectedIndex 4 (더보기 branch) maps to display index 3 when settlement is hidden","test/src/ui/shell/partner_scaffold_test.dart","2026-05-24","passed","2026-05-24","","PartnerScaffold bottom navigation — staff (no settlement access)","",""
"","577","renders with required params only","test/src/ui/widgets/common/minglit_content_card_test.dart","2026-05-24","passed","2026-05-24","","MinglitContentCard","",""
"","3","branch root paths match bottom nav tabs","test/src/routing/app_routes_test.dart","2026-05-24","passed","2026-05-24","","AppRoutes","",""
"","1171","production localizationsDelegates(kPartnerLocalizationsDelegates) 포함 시 크래시 없이 렌더링된다","test/src/features/party/widgets/party_description_input_test.dart","2026-05-24","passed","2026-05-24","","PartyDescriptionInput — Fix #1538","",""
"","4","checkin — already_checked_in: optimistic 상태 유지 (서버도 checked_in)","test/src/features/checkin/manual/manual_checkin_controller_test.dart","2026-05-24","passed","2026-05-24","","ManualCheckinController","",""
"","6","returns matches from repository","test/src/features/event/matching/matching_vote_controller_test.dart","2026-05-24","passed","2026-05-24","","myMatches","",""
"","22","(setUpAll)","test/src/features/account_deletion/deletion_verify_page_test.dart","2026-05-24","passed","2026-05-24","","","",""
"","11","reauthenticate stores AsyncError on failure","test/src/features/account_deletion/logic/account_deletion_controller_test.dart","2026-05-24","passed","2026-05-24","","AccountDeletionController","",""
"","66","calls updatePartyStatus with ""closed"" (not ""inactive"" or ""draft"")","test/src/features/party/detail/party_detail_coordinator_party_status_test.dart","2026-05-24","passed","2026-05-24","","PartyDetailCoordinator.deactivateParty","",""
"","46","dev env: PartnerLoginPage isDevEnvOverride=true shows dev trigger logo","test/widget_test.dart","2026-05-24","passed","2026-05-24","","","",""
"","4","결제 후 3시간 + 이벤트 12시간 전 → 환불 불가","test/minglit_kit_test.dart","2026-05-24","passed","2026-05-24","","RefundCalculator","",""
"","4","throws MinglitUserException on non-200","test/src/data/repositories/event_repository_commands_test.dart","2026-05-24","passed","2026-05-24","","EventRepository.bulkApproveApplications","",""
"","253","Selecting: up to 3 candidates can be selected and CTA updates","test/src/features/event/matching/event_matching_screen_test.dart","2026-05-24","passed","2026-05-24","","","",""
"","4","returns map when last element is a Map<String, dynamic>","test/src/features/verification/review_verification_screen_test.dart","2026-05-24","passed","2026-05-24","","snapshot_data type guard","",""
"","3","오늘 자정 경계 — 23:59 시작 이벤트가 BOARDING으로 분류","test/src/features/ticket/logic/boarding_pass_status_test.dart","2026-05-24","passed","2026-05-24","","boardingPassStatus","",""
"","96","대시보드 로딩 중에도 크래시 없이 렌더링된다","test/src/features/settlement/ui/settlement_smoke_test.dart","2026-05-24","passed","2026-05-24","","SettlementPage smoke","",""
"","4","shutdown does not throw when not initialized","test/logic/providers/statsig_provider_test.dart","2026-05-24","passed","2026-05-24","","StatsigAnalytics","",""
"","117","shows entry group sub-section header","test/src/features/party/event/detail/event_application_list_page_test.dart","2026-05-24","passed","2026-05-24","","거절됨 tab","",""
"","61","saveTicket stores token as JSON string","test/src/features/ticket/data/ticket_wallet_repository_test.dart","2026-05-24","passed","2026-05-24","","TicketWalletRepository","",""
"","72","기본값(public) visibility로 크래시 없이 렌더","test/src/features/party/widgets/party_status_edit_sheet_test.dart","2026-05-24","passed","2026-05-24","","PartyStatusEditSheet — Fix #72 regression","",""
"","3","isEffectivelyPrivate returns false when public","test/src/data/models/event_test.dart","2026-05-24","passed","2026-05-24","","Event","",""
"","649","renders child widget","test/src/ui/widgets/common/minglit_bottom_sheet_test.dart","2026-05-24","passed","2026-05-24","","MinglitBottomSheet","",""
"","6","returns active events with participant status","test/src/data/repositories/event_repository_queries_test.dart","2026-05-24","passed","2026-05-24","getTodayActiveEventsForUser","EventRepository Queries","",""
"","5","pushPartnerEvents pushes correct route","test/src/features/partner/logic/partner_coordinator_test.dart","2026-05-24","passed","2026-05-24","","PartnerCoordinator","",""
"","626","appends new group to party and calls updateParty","test/src/features/party/detail/party_entry_group_coordinator_test.dart","2026-05-24","passed","2026-05-24","","PartyDetailCoordinator.addPartyEntryGroup","",""
"","5","State is qualificationRequired when qualification is missing","test/src/features/event/admission/event_admission_controller_test.dart","2026-05-24","passed","2026-05-24","","EventAdmissionController","",""
"","3","같은 우선순위 내 시작 시간 빠른 순 정렬","test/src/features/home/widgets/event_now_multi_stack_test.dart","2026-05-24","passed","2026-05-24","","sortActiveEvents — 정렬 로직","",""
"","3","ENDED: events.status = completed","test/src/features/home/logic/event_now_bar_state_provider_test.dart","2026-05-24","passed","2026-05-24","","eventNowBarStateProvider — 6-state 상태 머신","",""
"","15","should fail verification with wrong payload","test/src/utils/ticket_crypto_test.dart","2026-05-24","passed","2026-05-24","","TicketCrypto","",""
"","3","dark theme AppBar background matches scaffold background","test/src/theme/minglit_theme_test.dart","2026-05-24","passed","2026-05-24","","dark theme AppBar consistency","",""
"","54","does not crash when updateParty throws","test/src/features/party/detail/party_detail_coordinator_entry_group_test.dart","2026-05-24","passed","2026-05-24","","updatePartyCapacityAndContact","",""
"","3","from이 //로 시작하면 홈(/)으로 go한다","test/src/features/consent/logic/consent_coordinator_test.dart","2026-05-24","passed","2026-05-24","","completeSignup — 홈으로 이동 (push 없음)","",""
"","2","returns zero when there are no requested refunds","test/src/data/repositories/event_repository_queries_test.dart","2026-05-24","passed","2026-05-24","getRequestedRefundCountForPartner","EventRepository Queries","",""
"","93","returns empty list when user is not logged in","test/src/features/home/logic/today_active_events_provider_test.dart","2026-05-24","passed","2026-05-24","","todayActiveEventsProvider","",""
"","62","에러 상태 — ""불러오기 실패"" 서브타이틀 표시","test/src/features/checkin/widgets/entry_group_bottom_sheet_test.dart","2026-05-24","passed","2026-05-24","","EntryGroupBottomSheet","",""
"","83","does not render CircleAvatar in app bar","test/src/features/home/home_page_app_bar_test.dart","2026-05-24","passed","2026-05-24","when user is not logged in","HomePage AppBar - Auth-aware widgets","",""
"","236","Fix #1929: autoDispose re-fetches on page re-entry in same ProviderScope","test/src/features/settings/blocked_partners_page_test.dart","2026-05-24","passed","2026-05-24","","BlockedPartnersPage","",""
"","1051","pushes PartyEntryGroupManagementScreen instead of showing ""준비 중"" toast","test/src/features/party/detail/party_entry_group_entry_point_test.dart","2026-05-24","passed","2026-05-24","","PartyRuleManagementTab entry-condition tap (Fix #1733)","",""
"","22","renders highlighted border when highlighted is true","test/src/ui/widgets/common/minglit_content_card_test.dart","2026-05-24","passed","2026-05-24","","MinglitContentCard","",""
"","103","환불 가능 시 → ""예매 취소"" 버튼 표시","test/integration/flow_my_page_test.dart","2026-05-24","passed","2026-05-24","","PurchaseHistoryPage","",""
"","84","calls initialize() on signedIn event","test/src/features/notification/notification_initializer_test.dart","2026-05-24","passed","2026-05-24","","notificationInitializerProvider","",""
"","16","loads current deletion status from repository","test/src/features/account_deletion/logic/account_deletion_controller_test.dart","2026-05-24","passed","2026-05-24","","AccountDeletionController","",""
"","3","shell route has 5 branches","test/src/routing/app_routes_test.dart","2026-05-24","passed","2026-05-24","","AppRoutes","",""
"","32","non-tappable card omits button role","test/src/ui/widgets/party/event_card_state_test.dart","2026-05-24","passed","2026-05-24","","EventCard Semantics","",""
"","751","renders empty state when no tickets","test/src/features/my_tickets/ui/my_tickets_page_test.dart","2026-05-24","passed","2026-05-24","","MyTicketsPage","",""
"","60","영수증/문의하기 버튼은 TextButton (OutlinedButton 아님)","test/src/features/payment/ui/purchase_history_card_test.dart","2026-05-24","passed","2026-05-24","","PurchaseHistoryCard — Fix #1236 버튼 위계 회귀 테스트","",""
"","47","shows refund info card when refund completed","test/src/features/payment/ui/purchase_history_detail_page_test.dart","2026-05-24","passed","2026-05-24","","PurchaseHistoryDetailPage — #2095","",""
"","12","sets state to AsyncError when signOut fails","test/src/features/auth/logic/auth_controller_test.dart","2026-05-24","passed","2026-05-24","","AuthController","",""
"","35","applies custom sectionGap between sections","test/ui/widgets/common/minglit_content_layout_test.dart","2026-05-24","passed","2026-05-24","","MinglitContentLayout","",""
"","155","비공개 스위치 기본값 off (visibility == public)","test/src/features/party/create/steps/step1_basic_info_test.dart","2026-05-24","passed","2026-05-24","","Step1BasicInfo","",""
"","3","toString returns message","test/src/utils/exceptions_test.dart","2026-05-24","passed","2026-05-24","","MinglitUserException","",""
"","2","returns null when not found","test/src/data/repositories/event_repository_queries_test.dart","2026-05-24","passed","2026-05-24","getApplicationById","EventRepository Queries","",""
"","50","USED 상태: 스캐닝 라인 없음 (""USED"" 상태 계약 확인)","test/src/features/ticket/ui/boarding_pass_card_test.dart","2026-05-24","passed","2026-05-24","","BoardingPassCard","",""
"","4","hasActiveRequest when submission exists","test/src/data/models/verification_test.dart","2026-05-24","passed","2026-05-24","","VerificationRequirementStatus","",""
"","10","serializes to JSON and back","test/src/data/models/ticket_token_test.dart","2026-05-24","passed","2026-05-24","","TicketToken","",""
"","54","(setUpAll)","test/integration/flow_event_browse_test.dart","2026-05-24","passed","2026-05-24","","","",""
"","19","propagates error when UserRepository throws","test/src/logic/providers/current_user_profile_provider_test.dart","2026-05-24","passed","2026-05-24","","currentUserProfileProvider","",""
"","2","createFromParty does not set visibility (inherits null)","test/src/data/models/event_test.dart","2026-05-24","passed","2026-05-24","","Event","",""
"","161","로그인 상태: 동의 여부 로딩 중이면 보호 경로 리다이렉트를 건너뛴다","test/integration/consent_redirect_test.dart","2026-05-24","passed","2026-05-24","","Signup Consent Redirect Flow","",""
"","16","throws MinglitUserException on EF error","test/src/data/repositories/account_repository_test.dart","2026-05-24","passed","2026-05-24","deleteAccount","AccountRepository","",""
"","13","uses MinglitPartnerColors.primary in colorScheme","test/src/theme/minglit_theme_test.dart","2026-05-24","passed","2026-05-24","","partnerTheme","",""
"","3","returns empty when user not authenticated","test/src/data/repositories/matching_repository_test.dart","2026-05-24","passed","2026-05-24","getMatchingCandidates","MatchingRepository","",""
"","5","CHECKED_IN: participant.status = checked_in + matchCandidates 비어있음","test/src/features/home/logic/event_now_bar_state_provider_test.dart","2026-05-24","passed","2026-05-24","","eventNowBarStateProvider — 6-state 상태 머신","",""
"","662","만석 텍스트가 표시된다 — 참가자가 최대 정원에 달했을 때","test/ui/widgets/party/event_card_sold_out_test.dart","2026-05-24","passed","2026-05-24","","","",""
"","163","day-of-week chips visible for weekly pattern","test/src/features/party/ui/recurrence_settings_section_test.dart","2026-05-24","passed","2026-05-24","","RecurrenceSettingsSection","",""
"","3","MinglitSpacing constants are positive","test/src/theme/minglit_theme_test.dart","2026-05-24","passed","2026-05-24","","MinglitDesignTokens","",""
"","4","round-trip toJson/fromJson preserves event_at key","test/src/data/models/settlement_item_detail_test.dart","2026-05-24","passed","2026-05-24","","SettlementHistoryEntry.fromJson","",""
"","37","shows celebration icon in header","test/src/features/home/widgets/active_party_summary_scroll_test.dart","2026-05-24","passed","2026-05-24","","ActivePartySummaryScroll","",""
"","3","birthday tomorrow → age is one less (birthday not yet passed)","test/src/utils/age_util_test.dart","2026-05-24","passed","2026-05-24","calculateManAgeFromDate","AgeUtil","",""
"","2","returns map for valid last element in mixed list","test/src/features/verification/review_verification_screen_test.dart","2026-05-24","passed","2026-05-24","","snapshot_data type guard","",""
"","14","signInWithEmail calls repository signInWithEmail","test/src/features/auth/logic/auth_controller_test.dart","2026-05-24","passed","2026-05-24","","AuthController","",""
"","1401","6개 탈퇴 사유를 렌더링하고 기타 선택 시 입력 필드를 노출한다","test/src/features/account_deletion/ui/deletion_reason_page_test.dart","2026-05-24","passed","2026-05-24","","","",""
"","4","past sorted descending (most recent first)","test/src/features/my_tickets/logic/my_tickets_controller_test.dart","2026-05-24","passed","2026-05-24","","MyTicketsController","",""
"","44","returns policy map when found","test/src/data/repositories/policy_repository_test.dart","2026-05-24","passed","2026-05-24","getRefundPolicy","PolicyRepository","",""
"","3","isActive / isClosed / isDraft","test/src/data/models/party_test.dart","2026-05-24","passed","2026-05-24","","Party","",""
"","91","파트너 라우트 → PartnerDetailPage 이동","test/integration/flow_event_browse_test.dart","2026-05-24","passed","2026-05-24","","이벤트 탐색 플로우 — 홈→상세→파트너","",""
"","4","returns 0 on error in step-1 (fail-safe)","test/src/data/repositories/event_repository_queries_test.dart","2026-05-24","passed","2026-05-24","getPendingApplicationCount","EventRepository Queries","",""
"","4","paid ticket with null paymentId calls showMissingInfo","test/src/features/payment/logic/purchase_history_controller_test.dart","2026-05-24","passed","2026-05-24","","PurchaseHistoryController.runRefundFlow","",""
"","634","shows loading indicator while fetching","test/src/features/settlement/settlement_detail_page_test.dart","2026-05-24","passed","2026-05-24","","SettlementDetailPage","",""
"","28","Semantics 레이블 포함","test/src/features/checkin/widgets/entry_group_row_test.dart","2026-05-24","passed","2026-05-24","","EntryGroupRow","",""
"","44","CONFIRMED 상태: ""CONFIRMED"" 텍스트 (미래 이벤트)","test/src/features/ticket/ui/boarding_pass_card_test.dart","2026-05-24","passed","2026-05-24","","BoardingPassCard","",""
"","57","긴 이름은 한 줄로 ellipsis 처리되어 배지 정렬이 흔들리지 않는다","test/src/features/member/partner_member_list_page_test.dart","2026-05-24","passed","2026-05-24","","PartnerMemberListPage — Fix #1662 회귀 테스트","",""
"","78","creates from provider with GoRouter","test/src/features/party/logic/party_coordinator_test.dart","2026-05-24","passed","2026-05-24","","PartyCoordinator","",""
"","116","shows service unavailable error when JUSO_CONFIRM_KEY is empty","test/src/features/onboarding/widgets/address_search_dialog_test.dart","2026-05-24","passed","2026-05-24","","AddressSearchDialog","",""
"","3","from이 /signup/consent로 시작하면 홈(/)으로 go한다","test/src/features/consent/logic/consent_coordinator_test.dart","2026-05-24","passed","2026-05-24","","completeSignup — 홈으로 이동 (push 없음)","",""
"","4","defaults status to draft","test/src/data/models/partner_application_test.dart","2026-05-24","passed","2026-05-24","","PartnerApplication","",""
"","3","returns tickets for party","test/src/data/repositories/ticket_repository_test.dart","2026-05-24","passed","2026-05-24","getTicketsByPartyId","TicketRepository","",""
"","3","returns empty list when no events","test/src/data/repositories/party_repository_test.dart","2026-05-24","passed","2026-05-24","getEventsByPartyId","PartyRepository (events)","",""
"","4","clear resets state to empty set","test/src/features/home/logic/selected_tags_provider_test.dart","2026-05-24","passed","2026-05-24","","SelectedTagsNotifier","",""
"","57","+82 country-code phone is also masked correctly","test/src/common/widgets/match_results_content_test.dart","2026-05-24","passed","2026-05-24","","MatchResultsContent — phone masking (Fix #1925)","",""
"","2","returns null description when value is empty string","test/src/data/models/event_test.dart","2026-05-24","passed","2026-05-24","","Event","",""
"","5","throws MinglitUserException on 500 status","test/src/features/iamport/data/repository/iamport_repository_test.dart","2026-05-24","passed","2026-05-24","verifyCertification","IamportRepository","",""
"","2","defaults to 0 when fields are null","test/src/features/settlement/settlement_models_test.dart","2026-05-24","passed","2026-05-24","","PartnerRevenueSummary.fromJson","",""
"","3","settlement-query payouts has expected fields","test/contract/contract_test.dart","2026-05-24","passed","2026-05-24","","Contract: Edge Function response shapes","",""
"","11","calls partner-manage-member EF with update_role action","test/src/data/repositories/partner_member_repository_test.dart","2026-05-24","passed","2026-05-24","updateMemberRole","PartnerMemberRepository","",""
"","196","닫기 버튼 탭 시 해당 그룹이 목록에서 제거됨","test/src/features/party/create/steps/step4_entry_rules_test.dart","2026-05-24","passed","2026-05-24","","Step4EntryRules","",""
"","3","goToHome delegates to AppCoordinator","test/src/features/home/logic/home_coordinator_test.dart","2026-05-24","passed","2026-05-24","","HomeCoordinator","",""
"","7","myVotedCandidateIdsProvider returns repository candidate ids","test/src/data/repositories/matching_repository_test.dart","2026-05-24","passed","2026-05-24","","MatchingRepository providers","",""
"","41","onCertification null이면 본인인증 타일 숨김","test/src/ui/widgets/common/account_management_page_test.dart","2026-05-24","passed","2026-05-24","","AccountManagementPage certification tile","",""
"","33","renders negative net_amount as -₩ not ₩-","test/src/features/settlement/widgets/settlement_card_test.dart","2026-05-24","passed","2026-05-24","","SettlementCard widget","",""
"","881","로딩 중일 때 인디케이터가 표시된다","test/src/features/settings/privacy_page_test.dart","2026-05-24","passed","2026-05-24","","","",""
"","45","닫기 버튼이 표시된다","test/src/features/event/ui/event_application_wizard_smoke_test.dart","2026-05-24","passed","2026-05-24","","EventApplicationWizardPage","",""
"","34","handles missing fields gracefully with defaults","test/src/features/settlement/widgets/settlement_card_test.dart","2026-05-24","passed","2026-05-24","","SettlementCard widget","",""
"","690","renders 8 ChoiceChip widgets","test/src/features/settlement/widgets/status_filter_chips_test.dart","2026-05-24","passed","2026-05-24","","StatusFilterChips widget","",""
"","36","shows correct max participants for each party","test/src/features/home/widgets/active_party_summary_scroll_test.dart","2026-05-24","passed","2026-05-24","","ActivePartySummaryScroll","",""
"","3","all personas — eligible for open event (seed data regression guard)","test/src/features/explore/logic/eligibility_filter_test.dart","2026-05-24","passed","2026-05-24","","persona matrix","",""
"","89","Phase 5: star tapping updates rating","test/src/features/home/widgets/event_now_bottom_sheet_test.dart","2026-05-24","passed","2026-05-24","","EventNowBottomSheet","",""
"","27","custom color and height accepted","test/src/common/widgets/minglit_capacity_bar_test.dart","2026-05-24","passed","2026-05-24","","MinglitCapacityBar","",""
"","49","티켓 번호/상태 행: semantic label에 티켓번호·상태 포함","test/src/features/ticket/ui/boarding_pass_card_test.dart","2026-05-24","passed","2026-05-24","","BoardingPassCard","",""
"","4","throws MinglitUserException on non-200 response","test/src/data/repositories/partner_member_repository_test.dart","2026-05-24","passed","2026-05-24","updateMemberPermissions","PartnerMemberRepository","",""
"","42","renders with icon","test/src/ui/widgets/common/minglit_tag_test.dart","2026-05-24","passed","2026-05-24","","MinglitTag","",""
"","5","sets error state on failure","test/src/features/auth/logic/auth_controller_test.dart","2026-05-24","passed","2026-05-24","signInWithApple","AuthController","",""
"","7","uses MinglitPartnerColorsDark.primary in colorScheme","test/src/theme/minglit_theme_test.dart","2026-05-24","passed","2026-05-24","","partnerThemeDark","",""
"","3","종료 이벤트가 스택 하단에 위치","test/src/features/home/widgets/event_now_multi_stack_test.dart","2026-05-24","passed","2026-05-24","","sortActiveEvents — 정렬 로직","",""
"","117","티켓 1개 있으면 닫기 아이콘 표시","test/src/features/party/create/steps/step5_tickets_test.dart","2026-05-24","passed","2026-05-24","","Step5Tickets","",""
"","22","goToApplicationDetail calls router.push with ID","test/src/features/admin/admin_coordinator_test.dart","2026-05-24","passed","2026-05-24","","AdminCoordinator","",""
"","62","build returns empty list when user is not logged in","test/src/features/payment/logic/purchase_history_controller_test.dart","2026-05-24","passed","2026-05-24","","PurchaseHistoryController","",""
"","4","Step 4 — 입장 그룹 없으면 오류 반환","test/src/features/party/create/party_create_wizard_controller_test.dart","2026-05-24","passed","2026-05-24","currentStepValidationErrors","PartyCreateWizardController","",""
"","3","returns null when not found","test/src/data/repositories/event_repository_queries_test.dart","2026-05-24","passed","2026-05-24","getApplication","EventRepository Queries","",""
"","10","State is applied when already applied","test/src/features/event/admission/event_admission_controller_test.dart","2026-05-24","passed","2026-05-24","","EventAdmissionController","",""
"","25","applies custom padding","test/src/ui/widgets/common/minglit_bottom_sheet_test.dart","2026-05-24","passed","2026-05-24","","MinglitBottomSheet","",""
"","3","retryCount defaults to 0 when null","test/src/data/models/settlement_item_detail_test.dart","2026-05-24","passed","2026-05-24","","SettlementItemDetail.fromJson","",""
"","33","single-step timeline renders without connecting line","test/src/common/widgets/minglit_timeline_test.dart","2026-05-24","passed","2026-05-24","","MinglitTimeline","",""
"","3","enforces minimum = confirmedCount when confirmedCount >= 1","test/src/features/party/event/edit/event_edit_controller_test.dart","2026-05-24","passed","2026-05-24","updateMaxParticipants","EventEditController","",""
"","6","calls partner-manage-member EF with update_permissions action","test/src/data/repositories/partner_member_repository_test.dart","2026-05-24","passed","2026-05-24","updateMemberPermissions","PartnerMemberRepository","",""
"","3","light set contains all semantic colors from MinglitColors","test/src/common/widgets/status_badge_test.dart","2026-05-24","passed","2026-05-24","","MinglitColorSet — semantic color tokens","",""
"","68","success message appears exactly once (coordinator only, not widget)","test/src/features/settlement/bank_account_page_test.dart","2026-05-24","passed","2026-05-24","","RetryPayoutButton — Fix #1928: no duplicate success message","",""
"","4","uses password sign-in when has_password flag is string true","test/src/data/repositories/account_repository_test.dart","2026-05-24","passed","2026-05-24","reauthenticate","AccountRepository","",""
"","10","uploadToSupabase=false skips uploadBytes","test/src/data/services/bug_report_collector_test.dart","2026-05-24","passed","2026-05-24","","BugReportCollector.submitReport flag routing","",""
"","8","parses all fields correctly","test/src/features/settlement/settlement_models_test.dart","2026-05-24","passed","2026-05-24","","PartnerMonthlyRevenue.fromJson","",""
"","7","round-trips through toJson → fromJson","test/contract/contract_test.dart","2026-05-24","passed","2026-05-24","","Contract: EventApplication model ↔ shared sample","",""
"","8","creates and returns new ticket","test/src/data/repositories/ticket_repository_test.dart","2026-05-24","passed","2026-05-24","createTicket","TicketRepository","",""
"","3","error message includes all missing required keys","test/src/config/env_keystore_test.dart","2026-05-24","passed","2026-05-24","validate","EnvKeyStore","",""
"","5","throws on error","test/src/data/repositories/verification_query_repository_test.dart","2026-05-24","passed","2026-05-24","getRequestsByStatus","VerificationRepository","",""
"","573","에러 상태 — 에러 메시지와 ""다시 시도"" 버튼이 렌더링된다","test/src/features/tag/ui/tag_event_list_page_test.dart","2026-05-24","passed","2026-05-24","","TagEventListPage","",""
"","14","submit with null partnerId and no managed partners returns false","test/src/features/verification/create_verification_controller_test.dart","2026-05-24","passed","2026-05-24","","CreateVerificationController","",""
"","4","includes optional fields when provided","test/src/data/repositories/recurrence_rule_repository_test.dart","2026-05-24","passed","2026-05-24","create","RecurrenceRuleRepository","",""
"","35","tap on transparent area outside visual chip fires onTap","test/src/ui/widgets/common/minglit_chip_test.dart","2026-05-24","passed","2026-05-24","","MinglitChip","",""
"","2","exactly at grace period boundary → full refund","test/src/utils/refund_calculator_test.dart","2026-05-24","passed","2026-05-24","","RefundCalculator binary policy","",""
"","11","getMatchingCandidates exception silently defaults: phase is checkedIn","test/src/features/tickets/logic/active_event_banners_provider_test.dart","2026-05-24","passed","2026-05-24","","activeEventBannersProvider","",""
"","57","loadDashboard with null partner sets data status without loading","test/src/features/settlement/settlement_dashboard_controller_test.dart","2026-05-24","passed","2026-05-24","","SettlementDashboardController","",""
"","4","canCancel returns false for free ticket with paymentAmount=null when event null","test/src/features/payment/logic/purchase_history_controller_test.dart","2026-05-24","passed","2026-05-24","","PurchaseHistoryController.canCancel — Fix #1652 free ticket","",""
"","52","returns match rules for event","test/src/data/repositories/matching_repository_test.dart","2026-05-24","passed","2026-05-24","getMatchRules","MatchingRepository","",""
"","25","(setUpAll)","test/src/features/onboarding/partner_apply_controller_test.dart","2026-05-24","passed","2026-05-24","","PartnerApplyController","",""
"","6","returns user when token valid and email is @minglit.com","test/src/data/repositories/staff_repository_test.dart","2026-05-24","passed","2026-05-24","verifyStaffStatus","StaffRepository","",""
"","3","switches to biweekly, keeps daysOfWeek","test/src/features/party/logic/recurrence_settings_controller_test.dart","2026-05-24","passed","2026-05-24","setPattern","RecurrenceSettingsController","",""
"","3","handles empty rules list via EF","test/src/data/repositories/matching_repository_test.dart","2026-05-24","passed","2026-05-24","updateMatchRules","MatchingRepository","",""
"","5","serializes to JSON and back","test/src/data/models/social_interaction_test.dart","2026-05-24","passed","2026-05-24","","SocialInteraction","",""
"","3","canCancel returns false for free ticket after event has started","test/src/features/payment/logic/purchase_history_controller_test.dart","2026-05-24","passed","2026-05-24","","PurchaseHistoryController.canCancel — Fix #1652 free ticket","",""
"","127","위치정보 이용약관 탭 시 바텀시트가 열린다","test/src/features/settings/privacy_page_test.dart","2026-05-24","passed","2026-05-24","","","",""
"","56","returns empty list when no tickets","test/src/features/party/detail/party_detail_controller_test.dart","2026-05-24","passed","2026-05-24","","partyTickets","",""
"","5","calls partner-review-submission EF with review action","test/src/data/repositories/verification_command_repository_test.dart","2026-05-24","passed","2026-05-24","reviewRequest","VerificationRepository (command)","",""
"","62","returns ticket list","test/src/features/party/detail/party_detail_controller_test.dart","2026-05-24","passed","2026-05-24","","partyTickets","",""
"","3","all MetaKeys static constants are accessible with correct defaults","test/src/data/models/metadata_key_test.dart","2026-05-24","passed","2026-05-24","","MetaKeys static constants","",""
"","2","label with no condition shows label only","test/src/data/models/event_test.dart","2026-05-24","passed","2026-05-24","","Event conditionSummaries","",""
"","5","loadDraft restores roadAddress=savedAddress and detailAddress="""" preventing step3 double-append","test/src/features/onboarding/partner_apply_controller_test.dart","2026-05-24","passed","2026-05-24","Regression #1599: roadAddress/detailAddress handling prevents double-append","PartnerApplyController","",""
"","32","error fallback respects semanticLabel","test/ui/widgets/common/minglit_image_test.dart","2026-05-24","passed","2026-05-24","Semantics","MinglitImage","",""
"","4","multiple target_entry_group_ids are all preserved","test/src/data/repositories/event_application_rpc_mapping_test.dart","2026-05-24","passed","2026-05-24","","getApplicationsByEventId ticket mapping","",""
"","23","(setUpAll)","test/src/features/party/detail/party_detail_coordinator_entry_group_test.dart","2026-05-24","passed","2026-05-24","","","",""
"","4","/search returns null","test/src/routing/app_router_redirect_test.dart","2026-05-24","passed","2026-05-24","","public paths — no redirect","",""
"","5","redirects to from param when valid","test/src/routing/app_router_redirect_test.dart","2026-05-24","passed","2026-05-24","","/login — already authenticated","",""
"","8","빈 바이트 입력은 원본을 그대로 반환한다 (디코딩 실패 시 안전 처리)","test/src/utils/image_utils_test.dart","2026-05-24","passed","2026-05-24","","stripExifAndReencode","",""
"","181","invokes cancel callback when cancel tapped","test/src/features/consent/identity_verification_consent_sheet_test.dart","2026-05-24","passed","2026-05-24","","IdentityVerificationConsentSheet","",""
"","27","within grace period → full refund","test/src/utils/refund_calculator_test.dart","2026-05-24","passed","2026-05-24","","RefundCalculator binary policy","",""
"","120","shows party cards when parties exist","test/src/features/home/widgets/active_party_summary_scroll_test.dart","2026-05-24","passed","2026-05-24","","ActivePartySummaryScroll","",""
"","28","has Semantics label for accessibility","test/src/ui/widgets/common/minglit_dday_chip_test.dart","2026-05-24","passed","2026-05-24","","MinglitDDayChip","",""
"","31","text renders TextButton","test/src/ui/widgets/common/minglit_button_test.dart","2026-05-24","passed","2026-05-24","","MinglitButton","",""
"","99","renders card for active weekly rule","test/src/features/party/recurrence/recurrence_rule_summary_card_test.dart","2026-05-24","passed","2026-05-24","","RecurrenceRuleSummaryCard","",""
"","2","handles String value correctly","test/src/data/models/metadata_key_test.dart","2026-05-24","passed","2026-05-24","","StringMetaKey.parse","",""
"","27","default compact is false","test/src/ui/widgets/common/minglit_badge_test.dart","2026-05-24","passed","2026-05-24","","MinglitBadge","",""
"","39","creates from JSON","test/src/data/models/social_interaction_test.dart","2026-05-24","passed","2026-05-24","","SocialInteraction","",""
"","126","바텀시트에서 이벤트 선택 시 onEventTap 콜백 호출","test/src/features/home/widgets/event_now_multi_stack_test.dart","2026-05-24","passed","2026-05-24","","EventNowMultiStack — 위젯","",""
"","113","rejected tab shows status badge","test/src/features/application/ui/event_application_manage_page_test.dart","2026-05-24","passed","2026-05-24","","EventApplicationManagePage","",""
"","26","normalizes blank detail to null","test/src/features/account_deletion/account_deletion_flow_test.dart","2026-05-24","passed","2026-05-24","","buildWithdrawalReason","",""
"","12","hasMore becomes false after 5 pages with no new visible events","test/src/features/explore/providers/recommendation_feed_notifier_test.dart","2026-05-24","passed","2026-05-24","Fix #193: consecutive empty page cap","RecommendationFeedNotifier","",""
"","79","displays notification when message has no android payload — iOS foreground regression","test/src/features/notification/notification_service_test.dart","2026-05-24","passed","2026-05-24","","_showLocalNotification (#1686)","",""
"","126","태그 목록 — #tagName 칩이 렌더링된다","test/src/features/home/widgets/featured_tag_chip_bar_test.dart","2026-05-24","passed","2026-05-24","","FeaturedTagChipBar","",""
"","64","확정 인원은 event.currentParticipants 기준으로 표시된다","test/src/features/party/event/detail/event_detail_page_smoke_test.dart","2026-05-24","passed","2026-05-24","","EventDetailPage (Fix #2109)","",""
"","4","setStep jumps to specific step","test/src/features/party/create/party_create_wizard_controller_test.dart","2026-05-24","passed","2026-05-24","step navigation","PartyCreateWizardController","",""
"","4","returns partner settlement info map","test/src/data/repositories/settlement_repository_test.dart","2026-05-24","passed","2026-05-24","getPartnerSettlementInfo","SettlementRepository","",""
"","5","setTags가 태그 목록을 교체한다","test/src/features/party/create/widgets/tag_selection_section_test.dart","2026-05-24","passed","2026-05-24","","TagSelectionController","",""
"","4","returns empty list when no active events (0건)","test/src/features/home/logic/today_active_events_provider_test.dart","2026-05-24","passed","2026-05-24","","todayActiveEventsProvider","",""
"","52","needsCorrection: / 접근 시 PartnerApplyStatusPage로 리다이렉트","test/integration/partner_redirect_test.dart","2026-05-24","passed","2026-05-24","","Partner Redirect Flow","",""
"","99","shows loading indicator when isLoadingMore is true","test/src/features/home/home_page_test.dart","2026-05-24","passed","2026-05-24","","HomePage","",""
"","107","tapping account deletion forwards to coordinator","test/src/features/more/more_page_test.dart","2026-05-24","passed","2026-05-24","","MorePage","",""
"","4","Realtime 구독 시 event_participants 채널 생성","test/src/features/checkin/stats/checkin_stats_controller_test.dart","2026-05-24","passed","2026-05-24","","CheckinStatsController","",""
"","777","renders 5 navigation destinations","test/src/ui/shell/partner_scaffold_test.dart","2026-05-24","passed","2026-05-24","","PartnerScaffold bottom navigation — owner (settlement access)","",""
"","41","#1700 unknown route shows user-friendly message, not raw GoException","test/src/routing/route_not_found_error_handler_test.dart","2026-05-24","passed","2026-05-24","","","",""
"","3","/dev returns null (no redirect) when not logged in","test/src/routing/app_router_redirect_test.dart","2026-05-24","passed","2026-05-24","","/dev paths — auth bypass","",""
"","69","전체 chip is selected when selectedStatus is null","test/src/features/settlement/widgets/status_filter_chips_test.dart","2026-05-24","passed","2026-05-24","","StatusFilterChips widget","",""
"","150","로그인 상태: 로그인 복귀 경로가 consent 페이지면 consent 페이지로 돌아간다","test/integration/consent_redirect_test.dart","2026-05-24","passed","2026-05-24","","Signup Consent Redirect Flow","",""
"","978","TextField has Semantics label for screen readers","test/src/features/search/search_page_a11y_test.dart","2026-05-24","passed","2026-05-24","","SearchPage a11y — Fix #2390","",""
"","4","returns null when not found","test/src/data/repositories/recurrence_rule_repository_test.dart","2026-05-24","passed","2026-05-24","getById","RecurrenceRuleRepository","",""
"","6","refresh reloads notifications","test/src/features/notification/notification_list_controller_test.dart","2026-05-24","passed","2026-05-24","","NotificationListController","",""
"","85","계정 관리 is visible on MorePage","test/src/features/more/more_page_test.dart","2026-05-24","passed","2026-05-24","","MorePage","",""
"","4","creates from JSON with defaults","test/src/data/models/event_test.dart","2026-05-24","passed","2026-05-24","","Event","",""
"","24","returns a valid TicketToken with correct fields","test/src/data/repositories/checkin_repository_test.dart","2026-05-24","passed","2026-05-24","mintTicket","CheckinRepository","",""
"","45","live phase shows ""LIVE"" badge and ""체크인 계속하기"" CTA","test/src/features/home/widgets/event_action_card_test.dart","2026-05-24","passed","2026-05-24","","EventActionCard","",""
"","3","pushEventDetail calls router.push with eventId","test/src/routing/app_coordinator_test.dart","2026-05-24","passed","2026-05-24","","AppCoordinator","",""
"","4","만 나이 계산","test/minglit_kit_test.dart","2026-05-24","passed","2026-05-24","","AgeUtil","",""
"","130","tickets step이 크래시 없이 렌더링된다","test/src/features/party/ui/party_create_wizard_smoke_test.dart","2026-05-24","passed","2026-05-24","","PartyCreateWizardPage smoke","",""
"","5","returns null and clears token when email is not @minglit.com","test/src/data/repositories/staff_repository_test.dart","2026-05-24","passed","2026-05-24","verifyStaffStatus","StaffRepository","",""
"","5","deleteNotification removes item optimistically","test/src/features/notification/notification_list_controller_test.dart","2026-05-24","passed","2026-05-24","","NotificationListController","",""
"","2","unknown label is 알 수 없음","test/src/features/settlement/widgets/settlement_status_badge_test.dart","2026-05-24","passed","2026-05-24","","SettlementStatus.label","",""
"","7","returns application when found","test/src/data/repositories/event_repository_test.dart","2026-05-24","passed","2026-05-24","getApplication","EventRepository","",""
"","28","renders 취소됨 for cancelled status","test/src/common/widgets/status_badge_test.dart","2026-05-24","passed","2026-05-24","","StatusBadge","",""
"","310","tapping toggle shows pattern chips","test/src/features/party/ui/recurrence_settings_section_test.dart","2026-05-24","passed","2026-05-24","","RecurrenceSettingsSection","",""
"","223","basicInfo step에서 ""이전"" 버튼은 숨겨진다","test/src/features/party/ui/party_create_wizard_smoke_test.dart","2026-05-24","passed","2026-05-24","","PartyCreateWizardPage smoke","",""
"","596","BugReporterWrapper 없으면 FAB toggle해도 나타나지 않는다","test/src/ui/bug_report_fab_global_test.dart","2026-05-24","passed","2026-05-24","","BugReportFab 회귀 (#1858)","",""
"","152","location step에서 ""이전"" 버튼이 표시된다","test/src/features/party/ui/party_create_wizard_smoke_test.dart","2026-05-24","passed","2026-05-24","","PartyCreateWizardPage smoke","",""
"","255","Step 2 (payment) → renders payment details","test/integration/flow_ticket_application_test.dart","2026-05-24","passed","2026-05-24","","EventApplicationWizardPage","",""
"","30","noShow=true returns noShow","test/src/features/tickets/event_lifecycle_phase_resolver_test.dart","2026-05-24","passed","2026-05-24","","","",""
"","1379","cutoff 이전 → 환불 가능 배너 + D-day 표시","test/src/features/event/detail/event_refund_policy_section_test.dart","2026-05-24","passed","2026-05-24","","_RefundPolicySection","",""
"","4","refunded_at is null when absent from RPC row","test/src/data/repositories/event_application_rpc_mapping_test.dart","2026-05-24","passed","2026-05-24","","mapEventApplicationRpcRow flat-to-nested transformation","",""
"","340","hasPartner: / 접근 시 리다이렉트 없이 PartnerHomePage 표시","test/integration/partner_redirect_test.dart","2026-05-24","passed","2026-05-24","","Partner Redirect Flow","",""
"","72","returns empty state when user is not logged in","test/src/features/my_tickets/logic/my_tickets_controller_test.dart","2026-05-24","passed","2026-05-24","","MyTicketsController","",""
"","26","restores isLoading=false on EF error","test/src/features/party/event/edit/event_edit_controller_test.dart","2026-05-24","passed","2026-05-24","submit — failure recovery","EventEditController","",""
"","98","홈: search 아이콘은 항상 표시","test/integration/home_navigation_test.dart","2026-05-24","passed","2026-05-24","","Home Navigation Flow","",""
"","63","shows 다시 신청하기 when payment_failed","test/src/features/payment/ui/event_application_review_page_test.dart","2026-05-24","passed","2026-05-24","","EventApplicationReviewPage — #2095","",""
"","3","updateMaxParticipants sets count","test/src/features/party/event/create/event_create_controller_test.dart","2026-05-24","passed","2026-05-24","update methods","EventCreateController","",""
"","5","resultsUnviewed for completed event with no matchResultsViewedAt","test/src/features/tickets/logic/active_event_banners_provider_test.dart","2026-05-24","passed","2026-05-24","","activeEventBannersProvider","",""
"","12","throws MinglitUserException when quantity < sold_count","test/src/data/repositories/ticket_repository_test.dart","2026-05-24","passed","2026-05-24","updateTicket","TicketRepository","",""
"","6","returns empty list when no global verifications","test/src/data/repositories/verification_query_repository_test.dart","2026-05-24","passed","2026-05-24","getGlobalVerifications","VerificationRepository","",""
"","34","clamps filled and pending to total without overflow","test/src/common/widgets/minglit_capacity_bar_test.dart","2026-05-24","passed","2026-05-24","","MinglitCapacityBar","",""
"","909","renders search field and initial guidance text","test/src/features/onboarding/widgets/address_search_dialog_test.dart","2026-05-24","passed","2026-05-24","","AddressSearchDialog","",""
"","148","확인 시 onLogout 실행","test/src/ui/widgets/common/account_management_page_test.dart","2026-05-24","passed","2026-05-24","","AccountManagementPage logout confirm","",""
"","3","failed label is 지급 실패","test/src/features/settlement/widgets/settlement_status_badge_test.dart","2026-05-24","passed","2026-05-24","","SettlementStatus.label","",""
"","39","renders child widget when provided","test/src/common/widgets/minglit_timeline_test.dart","2026-05-24","passed","2026-05-24","","MinglitTimeline","",""
"","700","탈퇴 완료 메시지와 확인 버튼을 렌더링한다","test/src/features/account_deletion/ui/deletion_complete_page_test.dart","2026-05-24","passed","2026-05-24","","","",""
"","278","태그 5개 초과 선택이 불가하다","test/src/features/party/create/widgets/tag_selection_section_test.dart","2026-05-24","passed","2026-05-24","","TagSelectionSection","",""
"","5","builds nested ticket from flat columns","test/src/data/repositories/event_application_rpc_mapping_test.dart","2026-05-24","passed","2026-05-24","","mapEventApplicationRpcRow flat-to-nested transformation","",""
"","38","renders all five tones without throwing","test/src/common/widgets/minglit_timeline_test.dart","2026-05-24","passed","2026-05-24","","MinglitTimeline","",""
"","60","shows location as disabled when service off","test/src/features/permission/app_permission_settings_screen_test.dart","2026-05-24","passed","2026-05-24","","AppPermissionSettingsScreen","",""
"","75","(setUpAll)","test/src/data/repositories/checkin_repository_test.dart","2026-05-24","passed","2026-05-24","","","",""
"","5","null eligibility data returns all events when eligibilityEnabled: true","test/src/features/explore/providers/explore_state_provider_test.dart","2026-05-24","passed","2026-05-24","","filteredEventsProvider — eligibility filter with verification check","",""
"","25","renders RepaintBoundary with child","test/ui/widgets/bug_reporter_wrapper_test.dart","2026-05-24","passed","2026-05-24","","BugReporterWrapper Widget Tests","",""
"","246","결과 카드 tap → EventDetailPage 이동","test/integration/flow_search_test.dart","2026-05-24","passed","2026-05-24","","SearchPage","",""
"","148","does not crash when updateParty throws","test/src/features/party/detail/party_detail_coordinator_entry_group_test.dart","2026-05-24","passed","2026-05-24","","addPartyEntryGroup","",""
"","21","non-compact uses bodySmall style","test/src/features/settlement/widgets/settlement_status_badge_test.dart","2026-05-24","passed","2026-05-24","","SettlementStatusBadge widget","",""
"","2","details is null when not provided","test/src/data/models/settlement_item_detail_test.dart","2026-05-24","passed","2026-05-24","","SettlementHistoryEntry.fromJson","",""
"","4","handles party without location","test/src/features/party/event/create/event_create_controller_test.dart","2026-05-24","passed","2026-05-24","initWithParty","EventCreateController","",""
"","177","픽스 revert guard — 카운트 5 미만 시 onTrigger 호출 안 됨","test/src/features/auth/ui/minglit_login_screen_test.dart","2026-05-24","passed","2026-05-24","","MinglitLoginScreen — _DevTriggerLogo 5-탭 #2340 regression guard","",""
"","27","text is findable by semantics","test/src/ui/widgets/common/minglit_badge_test.dart","2026-05-24","passed","2026-05-24","","MinglitBadge","",""
"","43","always shows CSV download button","test/src/features/settlement/settlement_detail_page_test.dart","2026-05-24","passed","2026-05-24","","SettlementDetailPage","",""
"","37","returns list of featured tags","test/src/data/repositories/tag_repository_test.dart","2026-05-24","passed","2026-05-24","getFeaturedTags","TagRepository","",""
